"C:/Users/Kiah/Documents/Unreal Projects/Nebula/Nebula.uproject" 1
"../../../../../../Users/Kiah/Documents/Unreal Projects/Nebula/Binaries/Win64/UnrealEditor.modules" 2
"../../../Engine/Plugins/AudioGameplay/AudioGameplay.uplugin" 3
"../../../Engine/Plugins/AudioGameplayVolume/AudioGameplayVolume.uplugin" 4
"../../../Engine/Plugins/ChaosClothAsset/ChaosClothAsset.uplugin" 5
"../../../Engine/Plugins/ChaosCloth/ChaosCloth.uplugin" 6
"../../../Engine/Plugins/ChaosClothAssetEditor/ChaosClothAssetEditor.uplugin" 7
"../../../Engine/Plugins/BaseMaterial/BaseMaterial.uplugin" 8
"../../../Engine/Plugins/AudioInsights/AudioInsights.uplugin" 9
"../../../Engine/Plugins/Bridge/Bridge.uplugin" 10
"../../../Engine/Plugins/ChaosVD/ChaosVD.uplugin" 11
"../../../Engine/Plugins/Chooser/Chooser.uplugin" 12
"../../../Engine/Plugins/CmdLinkServer/CmdLinkServer.uplugin" 13
"../../../Engine/Plugins/DiscoveryBeaconReceiver/DiscoveryBeaconReceiver.uplugin" 14
"../../../Engine/Plugins/Fab/Fab.uplugin" 15
"../../../Engine/Plugins/EnhancedInput/EnhancedInput.uplugin" 16
"../../../Engine/Plugins/FastBuildController/FastBuildController.uplugin" 17
"../../../Engine/Plugins/IoStoreInsights/IoStoreInsights.uplugin" 18
"../../../Engine/Plugins/JsonBlueprintUtilities/JsonBlueprintUtilities.uplugin" 19
"../../../Engine/Plugins/MassInsights/MassInsights.uplugin" 20
"../../../Engine/Plugins/LightWeightInstancesEditor/LightWeightInstancesEditor.uplugin" 21
"../../../Engine/Plugins/MemoryUsageQueries/MemoryUsageQueries.uplugin" 22
"../../../Engine/Plugins/MeshPainting/MeshPainting.uplugin" 23
"../../../Engine/Plugins/PCG/PCG.uplugin" 24
"../../../Engine/Plugins/Mutable/Mutable.uplugin" 25
"../../../Engine/Plugins/RenderGraphInsights/RenderGraphInsights.uplugin" 26
"../../../Engine/Plugins/ScriptPlugin/ScriptPlugin.uplugin" 27
"../../../Engine/Plugins/TextureGraph/TextureGraph.uplugin" 28
"../../../Engine/Plugins/UbaController/UbaController.uplugin" 29
"../../../Engine/Plugins/TraceUtilities/TraceUtilities.uplugin" 30
"../../../Engine/Plugins/ChaosInsights/ChaosInsights.uplugin" 31
"../../../Engine/Plugins/WorldMetrics/WorldMetrics.uplugin" 32
"../../../Engine/Plugins/AI/MassCrowd/MassCrowd.uplugin" 33
"../../../Engine/Plugins/AI/AISupport/AISupport.uplugin" 34
"../../../Engine/Plugins/BlueprintFileUtils/BlueprintFileUtils.uplugin" 35
"../../../Engine/Plugins/AI/HTNPlanner/HTNPlanner.uplugin" 36
"../../../Engine/Plugins/AI/MLAdapter/MLAdapter.uplugin" 37
"../../../Engine/Plugins/Cameras/CameraShakePreviewer/CameraShakePreviewer.uplugin" 38
"../../../Engine/Plugins/AI/MassAI/MassAI.uplugin" 39
"../../../Engine/Plugins/Cameras/EngineCameras/EngineCameras.uplugin" 40
"../../../Engine/Plugins/Compression/OodleNetwork/OodleNetwork.uplugin" 41
"../../../Engine/Plugins/Editor/AssetManagerEditor/AssetManagerEditor.uplugin" 42
"../../../Engine/Plugins/Editor/AssetReferenceRestrictions/AssetReferenceRestrictions.uplugin" 43
"../../../Engine/Plugins/Editor/BlueprintHeaderView/BlueprintHeaderView.uplugin" 44
"../../../Engine/Plugins/Editor/AssetSearch/AssetSearch.uplugin" 45
"../../../Engine/Plugins/Editor/AssetRegistryExport/AssetRegistryExport.uplugin" 46
"../../../Engine/Plugins/Cameras/GameplayCameras/GameplayCameras.uplugin" 47
"../../../Engine/Plugins/Editor/BlueprintMaterialTextureNodes/BlueprintMaterialTextureNodes.uplugin" 48
"../../../Engine/Plugins/Editor/ColorGrading/ColorGrading.uplugin" 49
"../../../Engine/Plugins/Editor/ChangelistReview/ChangelistReview.uplugin" 50
"../../../Engine/Plugins/Editor/CryptoKeys/CryptoKeys.uplugin" 51
"../../../Engine/Plugins/Editor/CurveEditorTools/CurveEditorTools.uplugin" 52
"../../../Engine/Plugins/Editor/ConsoleVariablesEditor/ConsoleVariables.uplugin" 53
"../../../Engine/Plugins/Editor/DisplayClusterLaunch/DisplayClusterLaunch.uplugin" 54
"../../../Engine/Plugins/Editor/EditorScriptingUtilities/EditorScriptingUtilities.uplugin" 55
"../../../Engine/Plugins/Editor/DataValidation/DataValidation.uplugin" 56
"../../../Engine/Plugins/Editor/EditorSysConfigAssistant/EditorSysConfigAssistant.uplugin" 57
"../../../Engine/Plugins/Editor/EditorDebugTools/EditorDebugTools.uplugin" 58
"../../../Engine/Plugins/Editor/GuidedTutorials/GuidedTutorials.uplugin" 59
"../../../Engine/Plugins/Editor/FacialAnimation/FacialAnimation.uplugin" 60
"../../../Engine/Plugins/XGEController/XGEController.uplugin" 61
"../../../Engine/Plugins/Editor/LandscapePatch/LandscapePatch.uplugin" 62
"../../../Engine/Plugins/Editor/GameplayTagsEditor/GameplayTagsEditor.uplugin" 63
"../../../Engine/Plugins/Editor/LiveUpdateForSlate/LiveUpdateForSlate.uplugin" 64
"../../../Engine/Plugins/Editor/MobileLauncherProfileWizard/MobileLauncherProfileWizard.uplugin" 65
"../../../Engine/Plugins/Editor/MeshLODToolset/MeshLODToolset.uplugin" 66
"../../../Engine/Plugins/Editor/MacGraphicsSwitching/MacGraphicsSwitching.uplugin" 67
"../../../Engine/Plugins/Editor/PluginBrowser/PluginBrowser.uplugin" 68
"../../../Engine/Plugins/Editor/ModelingToolsEditorMode/ModelingToolsEditorMode.uplugin" 69
"../../../Engine/Plugins/Editor/ScriptableToolsEditorMode/ScriptableToolsEditorMode.uplugin" 70
"../../../Engine/Plugins/Editor/MakeCookedEditorAsDLC/MakeCookedEditorAsDLC.uplugin" 71
"../../../Engine/Plugins/Editor/ProxyLODPlugin/ProxyLODPlugin.uplugin" 72
"../../../Engine/Plugins/Editor/SampleToolsEditorMode/SampleToolsEditorMode.uplugin" 73
"../../../Engine/Plugins/Editor/ModelViewViewModelPreview/ModelViewViewModelPreview.uplugin" 74
"../../../Engine/Plugins/Editor/SequencerAnimTools/SequencerAnimTools.uplugin" 75
"../../../Engine/Plugins/Editor/SpeedTreeImporter/SpeedTreeImporter.uplugin" 76
"../../../Engine/Plugins/Editor/StaticMeshEditorModeling/StaticMeshEditorModeling.uplugin" 77
"../../../Engine/Plugins/Editor/UMGWidgetPreview/UMGWidgetPreview.uplugin" 78
"../../../Engine/Plugins/Editor/UVEditor/UVEditor.uplugin" 79
"../../../Engine/Plugins/Editor/GeometryMode/GeometryMode.uplugin" 80
"../../../Engine/Plugins/Editor/StylusInput/StylusInput.uplugin" 81
"../../../Engine/Plugins/Editor/WorldPartitionHLODUtilities/WorldPartitionHLODUtilities.uplugin" 82
"../../../Engine/Plugins/Editor/WaveformEditor/WaveformEditor.uplugin" 83
"../../../Engine/Plugins/Experimental/ActorPalette/ActorPalette.uplugin" 84
"../../../Engine/Plugins/Experimental/AdvancedRenamer/AdvancedRenamer.uplugin" 85
"../../../Engine/Plugins/Experimental/AbilitySystemGameFeatureActions/AbilitySystemGameFeatureActions.uplugin" 86
"../../../Engine/Plugins/Experimental/AIAssistant/AIAssistant.uplugin" 87
"../../../Engine/Plugins/Experimental/AsyncMessageSystem/AsyncMessageSystem.uplugin" 88
"../../../Engine/Plugins/Experimental/AsyncMessageSystemTests/AsyncMessageSystemTests.uplugin" 89
"../../../Engine/Plugins/Experimental/AnimToTexture/AnimToTexture.uplugin" 90
"../../../Engine/Plugins/Experimental/AutomationUtils/AutomationUtils.uplugin" 91
"../../../Engine/Plugins/Experimental/BlueprintSnapNodes/BlueprintSnapNodes.uplugin" 92
"../../../Engine/Plugins/Experimental/AvalancheDisplayCluster/AvalancheDisplayCluster.uplugin" 93
"../../../Engine/Plugins/Experimental/BackChannel/BackChannel.uplugin" 94
"../../../Engine/Plugins/Experimental/BlueprintStats/BlueprintStats.uplugin" 95
"../../../Engine/Plugins/Experimental/Buoyancy/Buoyancy.uplugin" 96
"../../../Engine/Plugins/Experimental/AvalancheSequenceNavigator/AvalancheSequenceNavigator.uplugin" 97
"../../../Engine/Plugins/Experimental/ChaosCaching/ChaosCaching.uplugin" 98
"../../../Engine/Plugins/Experimental/CelestialVault/CelestialVault.uplugin" 99
"../../../Engine/Plugins/Experimental/ChaosClothEditor/ChaosClothEditor.uplugin" 100
"../../../Engine/Plugins/Experimental/ChaosEditor/ChaosEditor.uplugin" 101
"../../../Engine/Plugins/Experimental/ChaosModularVehicle/ChaosModularVehicle.uplugin" 102
"../../../Engine/Plugins/Experimental/ChaosCachingUSD/ChaosCachingUSD.uplugin" 103
"../../../Engine/Plugins/Experimental/ChaosFlesh/ChaosFlesh.uplugin" 104
"../../../Engine/Plugins/Experimental/ChaosMover/ChaosMover.uplugin" 105
"../../../Engine/Plugins/Experimental/ChaosOutfitAsset/ChaosOutfitAsset.uplugin" 106
"../../../Engine/Plugins/AI/EnvironmentQueryEditor/EnvironmentQueryEditor.uplugin" 107
"../../../Engine/Plugins/Experimental/ChaosModularVehicleExamples/ChaosModularVehicleExamples.uplugin" 108
"../../../Engine/Plugins/Experimental/ChaosRigidAsset/ChaosRigidAsset.uplugin" 109
"../../../Engine/Plugins/Experimental/ChaosNiagara/ChaosNiagara.uplugin" 110
"../../../Engine/Plugins/Experimental/ChaosUserDataPT/ChaosUserDataPT.uplugin" 111
"../../../Engine/Plugins/Experimental/ChaosSolverPlugin/ChaosSolverPlugin.uplugin" 112
"../../../Engine/Plugins/Experimental/ChaosVehiclesPlugin/ChaosVehiclesPlugin.uplugin" 113
"../../../Engine/Plugins/Experimental/CineCameraRigs/CineCameraRigs.uplugin" 114
"../../../Engine/Plugins/Experimental/CinematicPrestreaming/CinematicPrestreaming.uplugin" 115
"../../../Engine/Plugins/Experimental/CharacterAI/CharacterAI.uplugin" 116
"../../../Engine/Plugins/Experimental/CodeEditor/CodeEditor.uplugin" 117
"../../../Engine/Plugins/Experimental/CinematicSequenceNavigator/CinematicSequenceNavigator.uplugin" 118
"../../../Engine/Plugins/Experimental/CodeView/CodeView.uplugin" 119
"../../../Engine/Plugins/Editor/MaterialAnalyzer/MaterialAnalyzer.uplugin" 120
"../../../Engine/Plugins/Experimental/ColorCorrectRegions/ColorCorrectRegions.uplugin" 121
"../../../Engine/Plugins/Experimental/CommonConversation/CommonConversation.uplugin" 122
"../../../Engine/Plugins/Experimental/Dataflow/Dataflow.uplugin" 123
"../../../Engine/Plugins/Experimental/DrawDebugLibrary/DrawDebugLibrary.uplugin" 124
"../../../Engine/Plugins/Experimental/ControlRigPhysics/ControlRigPhysics.uplugin" 125
"../../../Engine/Plugins/Experimental/DaySequence/DaySequence.uplugin" 126
"../../../Engine/Plugins/Experimental/ControlFlows/ControlFlows.uplugin" 127
"../../../Engine/Plugins/Experimental/CineCameraSceneCapture/CineCameraSceneCapture.uplugin" 128
"../../../Engine/Plugins/Experimental/DynamicWind/DynamicWind.uplugin" 129
"../../../Engine/Plugins/Experimental/EditorDataStorage/EditorDataStorage.uplugin" 130
"../../../Engine/Plugins/Experimental/EditorDataStorageFeatures/EditorDataStorageFeatures.uplugin" 131
"../../../Engine/Plugins/Experimental/EditorPerformance/EditorPerformance.uplugin" 132
"../../../Engine/Plugins/Experimental/DefaultInstallBundleManager/DefaultInstallBundleManager.uplugin" 133
"../../../Engine/Plugins/Experimental/EvaluationNotifies/EvaluationNotifies.uplugin" 134
"../../../Engine/Plugins/Experimental/FastGeoStreaming/FastGeoStreaming.uplugin" 135
"../../../Engine/Plugins/Experimental/EditorTelemetry/EditorTelemetry.uplugin" 136
"../../../Engine/Plugins/Experimental/DynamicMaterialMediaStreamBridge/DynamicMaterialMediaStreamBridge.uplugin" 137
"../../../Engine/Plugins/Experimental/FieldSystemPlugin/FieldSystemPlugin.uplugin" 138
"../../../Engine/Plugins/Experimental/FloatingProperties/FloatingProperties.uplugin" 139
"../../../Engine/Plugins/Experimental/Fracture/Fracture.uplugin" 140
"../../../Engine/Plugins/Experimental/FullBodyIK/FullBodyIK.uplugin" 141
"../../../Engine/Plugins/Experimental/GameInputWindows/GameInputWindows.uplugin" 142
"../../../Engine/Plugins/Experimental/GameplayBehaviors/GameplayBehaviors.uplugin" 143
"../../../Engine/Plugins/Experimental/GameplayGraph/GameplayGraph.uplugin" 144
"../../../Engine/Plugins/Experimental/GameplayTargetingSystem/TargetingSystem.uplugin" 145
"../../../Engine/Plugins/Experimental/Gauntlet/Gauntlet.uplugin" 146
"../../../Engine/Plugins/Experimental/GeometryCacheAbcFile/GeometryCacheAbcFile.uplugin" 147
"../../../Engine/Plugins/Experimental/GeometryCacheLevelSequenceBaker/GeometryCacheLevelSequenceBaker.uplugin" 148
"../../../Engine/Plugins/Experimental/GeometryDataflow/GeometryDataflow.uplugin" 149
"../../../Engine/Plugins/Experimental/GizmoFramework/GizmoFramework.uplugin" 150
"../../../Engine/Plugins/Experimental/GizmoEdMode/GizmoEdMode.uplugin" 151
"../../../Engine/Plugins/Experimental/GlobalConfigurationData/GlobalConfigurationData.uplugin" 152
"../../../Engine/Plugins/Experimental/GPULightmass/GPULightmass.uplugin" 153
"../../../Engine/Plugins/Experimental/GeometryCollectionPlugin/GeometryCollectionPlugin.uplugin" 154
"../../../Engine/Plugins/Experimental/HairStrandsMutable/HairStrandsMutable.uplugin" 155
"../../../Engine/Plugins/Experimental/HairCardGenerator/HairCardGenerator.uplugin" 156
"../../../Engine/Plugins/Experimental/HairModelingToolset/HairModelingToolset.uplugin" 157
"../../../Engine/Plugins/Experimental/GeometryFlow/GeometryFlow.uplugin" 158
"../../../Engine/Plugins/Experimental/ImageWidgets/ImageWidgets.uplugin" 159
"../../../Engine/Plugins/Experimental/ImagePlate/ImagePlate.uplugin" 160
"../../../Engine/Plugins/Experimental/InEditorDocumentation/InEditorDocumentation.uplugin" 161
"../../../Engine/Plugins/Experimental/InlineMaterialInstance/InlineMaterialInstance.uplugin" 162
"../../../Engine/Plugins/Experimental/ImpostorBaker/ImpostorBaker.uplugin" 163
"../../../Engine/Plugins/Experimental/InstanceDataObjectFixupTool/InstanceDataObjectFixupTool.uplugin" 164
"../../../Engine/Plugins/Experimental/InteractionInterface/InteractionInterface.uplugin" 165
"../../../Engine/Plugins/Experimental/JWT/JWT.uplugin" 166
"../../../Engine/Plugins/Experimental/LearningAgents/LearningAgents.uplugin" 167
"../../../Engine/Plugins/Experimental/LevelSequenceNavigatorBridge/LevelSequenceNavigatorBridge.uplugin" 168
"../../../Engine/Plugins/Experimental/LiveLinkFaceImporter/LiveLinkFaceImporter.uplugin" 169
"../../../Engine/Plugins/Experimental/Landmass/Landmass.uplugin" 170
"../../../Engine/Plugins/Experimental/LiveLinkOpenVR/LiveLinkOpenVR.uplugin" 171
"../../../Engine/Plugins/Experimental/LocalizableMessage/LocalizableMessage.uplugin" 172
"../../../Engine/Plugins/Experimental/LiveLinkControlRig/LiveLinkControlRig.uplugin" 173
"../../../Engine/Plugins/Experimental/LowLevelNetTrace/LowLevelNetTrace.uplugin" 174
"../../../Engine/Plugins/Experimental/MeshModelingToolsetExp/MeshModelingToolsetExp.uplugin" 175
"../../../Engine/Plugins/Experimental/MeshResizing/MeshResizing.uplugin" 176
"../../../Engine/Plugins/Experimental/MLflow/MLflow.uplugin" 177
"../../../Engine/Plugins/Experimental/MetasoundExperimental/MetasoundExperimental.uplugin" 178
"../../../Engine/Plugins/Experimental/MotorSimOutputMotoSynth/MotorSimOutputMotoSynth.uplugin" 179
"../../../Engine/Plugins/Experimental/MoverAnimNext/MoverAnimNext.uplugin" 180
"../../../Engine/Plugins/Experimental/MoverExamples/MoverExamples.uplugin" 181
"../../../Engine/Plugins/Experimental/MoverIntegrations/MoverIntegrations.uplugin" 182
"../../../Engine/Plugins/Experimental/MoverTests/MoverTests.uplugin" 183
"../../../Engine/Plugins/Experimental/MovieSceneAnimMixer/MovieSceneAnimMixer.uplugin" 184
"../../../Engine/Plugins/Experimental/MutableClothing/MutableClothing.uplugin" 185
"../../../Engine/Plugins/Experimental/MotoSynth/MotoSynth.uplugin" 186
"../../../Engine/Plugins/Experimental/MovieScenePoseSearchTracks/MovieScenePoseSearchTracks.uplugin" 187
"../../../Engine/Plugins/Experimental/MutableDataflow/MutableDataflow.uplugin" 188
"../../../Engine/Plugins/Experimental/MutablePopulation/MutablePopulation.uplugin" 189
"../../../Engine/Plugins/Experimental/NeuralRendering/NeuralRendering.uplugin" 190
"../../../Engine/Plugins/Experimental/NaniteAssemblyEditorUtils/NaniteAssemblyEditorUtils.uplugin" 191
"../../../Engine/Plugins/Experimental/MediaStream/MediaStream.uplugin" 192
"../../../Engine/Plugins/Experimental/Iris/Iris.uplugin" 193
"../../../Engine/Plugins/Experimental/NNERuntimeBasicCpu/NNERuntimeBasicCpu.uplugin" 194
"../../../Engine/Plugins/Experimental/NNERuntimeIREE/NNERuntimeIREE.uplugin" 195
"../../../Engine/Plugins/Experimental/NNERuntimeCoreML/NNERuntimeCoreML.uplugin" 196
"../../../Engine/Plugins/Experimental/OpenImageDenoise/OpenImageDenoise.uplugin" 197
"../../../Engine/Plugins/Experimental/OptiXDenoise/OptiXDenoise.uplugin" 198
"../../../Engine/Plugins/Experimental/NNERuntimeRDG/NNERuntimeRDG.uplugin" 199
"../../../Engine/Plugins/Experimental/PanoramicCapture/PanoramicCapture.uplugin" 200
"../../../Engine/Plugins/Experimental/PCGBiomeCore/PCGBiomeCore.uplugin" 201
"../../../Engine/Plugins/Experimental/PCGBiomeSample/PCGBiomeSample.uplugin" 202
"../../../Engine/Plugins/Experimental/PixelStreamingPlayer/PixelStreamingPlayer.uplugin" 203
"../../../Engine/Plugins/Experimental/PlainProps/PlainProps.uplugin" 204
"../../../Engine/Plugins/Experimental/NaniteDisplacedMesh/NaniteDisplacedMesh.uplugin" 205
"../../../Engine/Plugins/Experimental/PlatformCrypto/PlatformCrypto.uplugin" 206
"../../../Engine/Plugins/Experimental/PlanarCutPlugin/PlanarCut.uplugin" 207
"../../../Engine/Plugins/Experimental/NFORDenoise/NFORDenoise.uplugin" 208
"../../../Engine/Plugins/Experimental/Mover/Mover.uplugin" 209
"../../../Engine/Plugins/Experimental/PlainPropsUObject/PlainPropsUObject.uplugin" 210
"../../../Engine/Plugins/Experimental/PythonMLPackages/PythonMLPackages.uplugin" 211
"../../../Engine/Plugins/Experimental/PlainPropsEngine/PlainPropsEngine.uplugin" 212
"../../../Engine/Plugins/Experimental/PluginAudit/PluginAudit.uplugin" 213
"../../../Engine/Plugins/Experimental/PluginReferenceViewer/PluginReferenceViewer.uplugin" 214
"../../../Engine/Plugins/Experimental/PostProcessMaterialChainGraph/PostProcessMaterialChainGraph.uplugin" 215
"../../../Engine/Plugins/Experimental/ProceduralVegetationEditor/ProceduralVegetationEditor.uplugin" 216
"../../../Engine/Plugins/Experimental/PythonScriptPlugin/PythonScriptPlugin.uplugin" 217
"../../../Engine/Plugins/Experimental/PythonFoundationPackages/PythonFoundationPackages.uplugin" 218
"../../../Engine/Plugins/Experimental/RemoteControlActorModifierBridge/RemoteControlActorModifierBridge.uplugin" 219
"../../../Engine/Plugins/Experimental/RazerChromaDevices/RazerChromaDevices.uplugin" 220
"../../../Engine/Plugins/Experimental/RemoteSession/RemoteSession.uplugin" 221
"../../../Engine/Plugins/Experimental/RenderGrid/RenderGrid.uplugin" 222
"../../../Engine/Plugins/Experimental/RigLogicMutable/RigLogicMutable.uplugin" 223
"../../../Engine/Plugins/Editor/EngineAssetDefinitions/EngineAssetDefinitions.uplugin" 224
"../../../Engine/Plugins/Experimental/RawInput/RawInput.uplugin" 225
"../../../Engine/Plugins/Experimental/RemoteControlComponents/RemoteControlComponents.uplugin" 226
"../../../Engine/Plugins/Experimental/PSDImporter/PSDImporter.uplugin" 227
"../../../Engine/Plugins/Experimental/RigLogicUAF/RigLogicUAF.uplugin" 228
"../../../Engine/Plugins/Experimental/SecuritySandbox/SecuritySandbox.uplugin" 229
"../../../Engine/Plugins/Experimental/RuntimeTelemetry/RuntimeTelemetry.uplugin" 230
"../../../Engine/Plugins/Experimental/ScreenReader/ScreenReader.uplugin" 231
"../../../Engine/Plugins/Experimental/SequenceNavigator/SequenceNavigator.uplugin" 232
"../../../Engine/Plugins/Experimental/SerializationUtils/SerializationUtils.uplugin" 233
"../../../Engine/Plugins/Experimental/Shotgrid/Shotgrid.uplugin" 234
"../../../Engine/Plugins/Experimental/SlateIM/SlateIM.uplugin" 235
"../../../Engine/Plugins/Experimental/QuicMessaging/QuicMessaging.uplugin" 236
"../../../Engine/Plugins/Experimental/SimpleHMD/SimpleHMD.uplugin" 237
"../../../Engine/Plugins/Experimental/SlateScreenReader/SlateScreenReader.uplugin" 238
"../../../Engine/Plugins/Experimental/SkeletalReduction/SkeletalReduction.uplugin" 239
"../../../Engine/Plugins/Experimental/SpatialReadiness/SpatialReadiness.uplugin" 240
"../../../Engine/Plugins/Experimental/SlateModelViewViewModel/SlateModelViewViewModel.uplugin" 241
"../../../Engine/Plugins/Experimental/SubmitToolEditor/SubmitToolEditor.uplugin" 242
"../../../Engine/Plugins/Experimental/TetMeshing/TetMeshing.uplugin" 243
"../../../Engine/Plugins/Experimental/PSDImporterMaterialDesignerBridge/PSDImporterMaterialDesignerBridge.uplugin" 244
"../../../Engine/Plugins/Experimental/StructUtils/StructUtils.uplugin" 245
"../../../Engine/Plugins/Experimental/SurfaceEffects/SurfaceEffects.uplugin" 246
"../../../Engine/Plugins/Experimental/SubtitlesAndClosedCaptions/SubtitlesAndClosedCaptions.uplugin" 247
"../../../Engine/Plugins/Experimental/StateGraph/StateGraph.uplugin" 248
"../../../Engine/Plugins/Experimental/TechAudioTools/TechAudioTools.uplugin" 249
"../../../Engine/Plugins/Experimental/TextToSpeech/TextToSpeech.uplugin" 250
"../../../Engine/Plugins/Experimental/ToolPresets/ToolPresets.uplugin" 251
"../../../Engine/Plugins/Experimental/Tensorboard/Tensorboard.uplugin" 252
"../../../Engine/Plugins/Experimental/UIFramework/UIFramework.uplugin" 253
"../../../Engine/Plugins/Experimental/UserToolBoxBasicCommand/UserToolBoxBasicCommand.uplugin" 254
"../../../Engine/Plugins/Experimental/UserToolBoxCore/UserToolBoxCore.uplugin" 255
"../../../Engine/Plugins/Experimental/TargetDeviceServicesScripting/TargetDeviceServicesScripting.uplugin" 256
"../../../Engine/Plugins/Experimental/VirtualProductionUtilities/VirtualProductionUtilities.uplugin" 257
"../../../Engine/Plugins/Experimental/VirtualHeightfieldMesh/VirtualHeightfieldMesh.uplugin" 258
"../../../Engine/Plugins/Experimental/Volumetrics/Volumetrics.uplugin" 259
"../../../Engine/Plugins/Experimental/Water/Water.uplugin" 260
"../../../Engine/Plugins/Experimental/WaterAdvanced/WaterAdvanced.uplugin" 261
"../../../Engine/Plugins/Experimental/WaterExtras/WaterExtras.uplugin" 262
"../../../Engine/Plugins/Experimental/WebSocketMessaging/WebSocketMessaging.uplugin" 263
"../../../Engine/Plugins/Experimental/WebSocketNetworking/WebSocketNetworking.uplugin" 264
"../../../Engine/Plugins/Experimental/WaveFunctionCollapse/WaveFunctionCollapse.uplugin" 265
"../../../Engine/Plugins/Experimental/PluginTemplateTool/PluginTemplateTool.uplugin" 266
"../../../Engine/Plugins/Experimental/WidgetEditorToolPalette/WidgetEditorToolPalette.uplugin" 267
"../../../Engine/Plugins/Experimental/XRCreativeFramework/XRCreativeFramework.uplugin" 268
"../../../Engine/Plugins/Messaging/TcpMessaging/TcpMessaging.uplugin" 269
"../../../Engine/Plugins/Messaging/UdpMessaging/UdpMessaging.uplugin" 270
"../../../Engine/Plugins/Performance/PerformanceMonitor/PerformanceMonitor.uplugin" 271
"../../../Engine/Plugins/Runtime/ADM/ADM.uplugin" 272
"../../../Engine/Plugins/Messaging/MessagingDebugger/MessagingDebugger.uplugin" 273
"../../../Engine/Plugins/Runtime/ActorLayerUtilities/ActorLayerUtilities.uplugin" 274
"../../../Engine/Plugins/Performance/AutomatedPerfTesting/AutomatedPerfTesting.uplugin" 275
"../../../Engine/Plugins/Runtime/AndroidFileServer/AndroidFileServer.uplugin" 276
"../../../Engine/Plugins/Runtime/AndroidMoviePlayer/AndroidMoviePlayer.uplugin" 277
"../../../Engine/Plugins/Runtime/AndroidBackgroundService/AndroidBackgroundService.uplugin" 278
"../../../Engine/Plugins/Runtime/AndroidDeviceProfileSelector/AndroidDeviceProfileSelector.uplugin" 279
"../../../Engine/Plugins/Runtime/AndroidPermission/AndroidPermission.uplugin" 280
"../../../Engine/Plugins/Runtime/AnimationBudgetAllocator/AnimationBudgetAllocator.uplugin" 281
"../../../Engine/Plugins/Runtime/AppleImageUtils/AppleImageUtils.uplugin" 282
"../../../Engine/Plugins/Runtime/AppleMoviePlayer/AppleMoviePlayer.uplugin" 283
"../../../Engine/Plugins/Runtime/ArchVisCharacter/ArchVisCharacter.uplugin" 284
"../../../Engine/Plugins/Runtime/AssetTags/AssetTags.uplugin" 285
"../../../Engine/Plugins/Runtime/AudioModulation/AudioModulation.uplugin" 286
"../../../Engine/Plugins/Runtime/AudioCapture/AudioCapture.uplugin" 287
"../../../Engine/Plugins/Runtime/ApexDestruction/ApexDestruction.uplugin" 288
"../../../Engine/Plugins/Runtime/AudioSynesthesia/AudioSynesthesia.uplugin" 289
"../../../Engine/Plugins/Runtime/AudioWidgets/AudioWidgets.uplugin" 290
"../../../Engine/Plugins/Experimental/Workspace/Workspace.uplugin" 291
"../../../Engine/Plugins/Runtime/CableComponent/CableComponent.uplugin" 292
"../../../Engine/Plugins/Experimental/PhysicsControl/PhysicsControl.uplugin" 293
"../../../Engine/Plugins/Runtime/ChunkDownloader/ChunkDownloader.uplugin" 294
"../../../Engine/Plugins/Runtime/CustomMeshComponent/CustomMeshComponent.uplugin" 295
"../../../Engine/Plugins/Runtime/ExampleDeviceProfileSelector/ExampleDeviceProfileSelector.uplugin" 296
"../../../Engine/Plugins/Runtime/CommonUI/CommonUI.uplugin" 297
"../../../Engine/Plugins/Runtime/ComputeFramework/ComputeFramework.uplugin" 298
"../../../Engine/Plugins/Runtime/GameInput/GameInput.uplugin" 299
"../../../Engine/Plugins/Runtime/GameFeatures/GameFeatures.uplugin" 300
"../../../Engine/Plugins/Runtime/GameplayAbilities/GameplayAbilities.uplugin" 301
"../../../Engine/Plugins/Runtime/Firebase/Firebase.uplugin" 302
"../../../Engine/Plugins/Runtime/AudioMotorSim/AudioMotorSim.uplugin" 303
"../../../Engine/Plugins/Runtime/DataRegistry/DataRegistry.uplugin" 304
"../../../Engine/Plugins/Runtime/ExternalGPUStatistics/ExternalGPUStatistics.uplugin" 305
"../../../Engine/Plugins/Runtime/GameplayBehaviorSmartObjects/GameplayBehaviorSmartObjects.uplugin" 306
"../../../Engine/Plugins/Runtime/GameplayInteractions/GameplayInteractions.uplugin" 307
"../../../Engine/Plugins/Runtime/GameplayStateTree/GameplayStateTree.uplugin" 308
"../../../Engine/Plugins/Runtime/GeometryCache/GeometryCache.uplugin" 309
"../../../Engine/Plugins/Runtime/GeometryScripting/GeometryScripting.uplugin" 310
"../../../Engine/Plugins/Runtime/GeometryProcessing/GeometryProcessing.uplugin" 311
"../../../Engine/Plugins/Runtime/GeoReferencing/GeoReferencing.uplugin" 312
"../../../Engine/Plugins/Runtime/HairStrands/HairStrands.uplugin" 313
"../../../Engine/Plugins/Runtime/GoogleCloudMessaging/GoogleCloudMessaging.uplugin" 314
"../../../Engine/Plugins/Runtime/HPMotionController/HPMotionController.uplugin" 315
"../../../Engine/Plugins/Runtime/HDRIBackdrop/HDRIBackdrop.uplugin" 316
"../../../Engine/Plugins/Runtime/InputDebugging/InputDebugging.uplugin" 317
"../../../Engine/Plugins/Runtime/GooglePAD/GooglePAD.uplugin" 318
"../../../Engine/Plugins/Runtime/InstancedActors/InstancedActors.uplugin" 319
"../../../Engine/Plugins/Runtime/IOSDeviceProfileSelector/IOSDeviceProfileSelector.uplugin" 320
"../../../Engine/Plugins/Runtime/IOSReplayKit/IOSReplayKit.uplugin" 321
"../../../Engine/Plugins/Runtime/LevelStreamingPersistence/LevelStreamingPersistence.uplugin" 322
"../../../Engine/Plugins/Runtime/LinuxDeviceProfileSelector/LinuxDeviceProfileSelector.uplugin" 323
"../../../Engine/Plugins/Runtime/Harmonix/Harmonix.uplugin" 324
"../../../Engine/Plugins/Runtime/LocationServicesAndroidImpl/LocationServicesAndroidImpl.uplugin" 325
"../../../Engine/Plugins/Runtime/LiveLinkOvernDisplay/LiveLinkOverNDisplay.uplugin" 326
"../../../Engine/Plugins/Runtime/LocationServicesBPLibrary/LocationServicesBPLibrary.uplugin" 327
"../../../Engine/Plugins/Runtime/LocationServicesIOSImpl/LocationServicesIOSImpl.uplugin" 328
"../../../Engine/Plugins/Runtime/MassEntity/MassEntity.uplugin" 329
"../../../Engine/Plugins/Runtime/MassGameplay/MassGameplay.uplugin" 330
"../../../Engine/Plugins/Runtime/MeshModelingToolset/MeshModelingToolset.uplugin" 331
"../../../Engine/Plugins/Runtime/MIDIDevice/MIDIDevice.uplugin" 332
"../../../Engine/Plugins/Runtime/MixedRealityCaptureFramework/MixedRealityCaptureFramework.uplugin" 333
"../../../Engine/Plugins/Runtime/MicrosoftSpatialAudio/MicroSoftSpatialSound.uplugin" 334
"../../../Engine/Plugins/Runtime/MobilePatchingUtils/MobilePatchingUtils.uplugin" 335
"../../../Engine/Plugins/Runtime/ModularGameplay/ModularGameplay.uplugin" 336
"../../../Engine/Plugins/Runtime/ModelViewViewModel/ModelViewViewModel.uplugin" 337
"../../../Engine/Plugins/Runtime/Metasound/Metasound.uplugin" 338
"../../../Engine/Plugins/Runtime/MusicEnvironment/MusicEnvironment.uplugin" 339
"../../../Engine/Plugins/Runtime/MultiServerReplication/MultiServerReplication.uplugin" 340
"../../../Engine/Plugins/Runtime/NavCorridor/NavCorridor.uplugin" 341
"../../../Engine/Plugins/Runtime/nDisplay/nDisplay.uplugin" 342
"../../../Engine/Plugins/Runtime/MsQuic/MsQuic.uplugin" 343
"../../../Engine/Plugins/Runtime/nDisplayModularFeatures/nDisplayModularFeatures.uplugin" 344
"../../../Engine/Plugins/Runtime/NetworkPrediction/NetworkPrediction.uplugin" 345
"../../../Engine/Plugins/Runtime/OpenCV/OpenCV.uplugin" 346
"../../../Engine/Plugins/Runtime/NetworkPredictionInsights/NetworkPredictionInsights.uplugin" 347
"../../../Engine/Plugins/Runtime/OpenXREyeTracker/OpenXREyeTracker.uplugin" 348
"../../../Engine/Plugins/Runtime/OpenXRHandTracking/OpenXRHandTracking.uplugin" 349
"../../../Engine/Plugins/Runtime/OpenXR/OpenXR.uplugin" 350
"../../../Engine/Plugins/Runtime/OpenXRViveTracker/OpenXRViveTracker.uplugin" 351
"../../../Engine/Plugins/Runtime/NetworkPredictionExtras/NetworkPredictionExtras.uplugin" 352
"../../../Engine/Plugins/Runtime/OptionalMobileFeaturesBPLibrary/OptionalMobileFeaturesBPLibrary.uplugin" 353
"../../../Engine/Plugins/Runtime/OpenXRMsftHandInteraction/OpenXRMsftHandInteraction.uplugin" 354
"../../../Engine/Plugins/Runtime/PreLoadScreenMoviePlayer/PreLoadScreenMoviePlayer.uplugin" 355
"../../../Engine/Plugins/Runtime/ProceduralMeshComponent/ProceduralMeshComponent.uplugin" 356
"../../../Engine/Plugins/Runtime/PropertyAccess/PropertyAccessEditor.uplugin" 357
"../../../Engine/Plugins/Runtime/ReplicationGraph/ReplicationGraph.uplugin" 358
"../../../Engine/Plugins/Runtime/PropertyBindingUtils/PropertyBindingUtils.uplugin" 359
"../../../Engine/Plugins/Runtime/ReplicationSystemTestPlugin/ReplicationSystemTestPlugin.uplugin" 360
"../../../Engine/Plugins/Runtime/ScriptableToolsFramework/ScriptableToolsFramework.uplugin" 361
"../../../Engine/Plugins/Runtime/SignificanceManager/SignificanceManager.uplugin" 362
"../../../Engine/Plugins/Runtime/SkeletalMerging/SkeletalMerging.uplugin" 363
"../../../Engine/Plugins/Runtime/SoundCueTemplates/SoundCueTemplates.uplugin" 364
"../../../Engine/Plugins/Runtime/HTTPChunkInstaller/HTTPChunkInstaller.uplugin" 365
"../../../Engine/Plugins/Runtime/SmartObjects/SmartObjects.uplugin" 366
"../../../Engine/Plugins/Runtime/ResonanceAudio/ResonanceAudio.uplugin" 367
"../../../Engine/Plugins/Runtime/SoundMod/SoundMod.uplugin" 368
"../../../Engine/Plugins/Runtime/SoundUtilities/SoundUtilities.uplugin" 369
"../../../Engine/Plugins/Runtime/SunPosition/SunPosition.uplugin" 370
"../../../Engine/Plugins/Runtime/USDCore/USDCore.uplugin" 371
"../../../Engine/Plugins/Runtime/Spatialization/Spatialization.uplugin" 372
"../../../Engine/Plugins/Runtime/WarpUtils/WarpUtils.uplugin" 373
"../../../Engine/Plugins/Runtime/WindowsDeviceProfileSelector/WindowsDeviceProfileSelector.uplugin" 374
"../../../Engine/Plugins/Runtime/Soundscape/Soundscape.uplugin" 375
"../../../Engine/Plugins/Runtime/OSC/OSC.uplugin" 376
"../../../Engine/Plugins/Runtime/WebMMoviePlayer/WebMMoviePlayer.uplugin" 377
"../../../Engine/Plugins/Runtime/WorldConditions/WorldConditions.uplugin" 378
"../../../Engine/Plugins/Runtime/WindowsMoviePlayer/WindowsMoviePlayer.uplugin" 379
"../../../Engine/Plugins/Runtime/WebBrowserWidget/WebBrowserWidget.uplugin" 380
"../../../Engine/Plugins/Runtime/WaveTable/WaveTable.uplugin" 381
"../../../Engine/Plugins/Runtime/SoundFields/SoundFields.uplugin" 382
"../../../Engine/Plugins/Web/HttpBlueprint/HttpBlueprint.uplugin" 383
"../../../Engine/Plugins/Runtime/ZoneGraph/ZoneGraph.uplugin" 384
"../../../Engine/Plugins/Runtime/ZoneGraphAnnotations/ZoneGraphAnnotations.uplugin" 385
"../../../Engine/Plugins/Animation/AnimationData/AnimationData.uplugin" 386
"../../../Engine/Plugins/Animation/AnimationLocomotionLibrary/AnimationLocomotionLibrary.uplugin" 387
"../../../Engine/Plugins/Animation/AnimationWarping/AnimationWarping.uplugin" 388
"../../../Engine/Plugins/Animation/ACLPlugin/ACLPlugin.uplugin" 389
"../../../Engine/Plugins/Animation/AnimatorKit/AnimatorKit.uplugin" 390
"../../../Engine/Plugins/Animation/BlendSpaceMotionAnalysis/BlendSpaceMotionAnalysis.uplugin" 391
"../../../Engine/Plugins/Animation/AnimationModifierLibrary/AnimationModifierLibrary.uplugin" 392
"../../../Engine/Plugins/Animation/ControlRig/ControlRig.uplugin" 393
"../../../Engine/Plugins/Animation/ControlRigModules/ControlRigModules.uplugin" 394
"../../../Engine/Plugins/Animation/ControlRigSpline/ControlRigSpline.uplugin" 395
"../../../Engine/Plugins/Runtime/RenderTrace/RenderTrace.uplugin" 396
"../../../Engine/Plugins/Animation/DNACalib/DNACalib.uplugin" 397
"../../../Engine/Plugins/Runtime/XRBase/XRBase.uplugin" 398
"../../../Engine/Plugins/Animation/BlendStack/BlendStack.uplugin" 399
"../../../Engine/Plugins/Animation/DeformerGraph/DeformerGraph.uplugin" 400
"../../../Engine/Plugins/Animation/GameplayInsights/GameplayInsights.uplugin" 401
"../../../Engine/Plugins/Animation/EaseCurveTool/EaseCurveTool.uplugin" 402
"../../../Engine/Plugins/Animation/GeneSplicer/GeneSplicer.uplugin" 403
"../../../Engine/Plugins/Animation/IKRig/IKRig.uplugin" 404
"../../../Engine/Plugins/Runtime/WebBrowserNativeProxy/WebBrowserNativeProxy.uplugin" 405
"../../../Engine/Plugins/Animation/LiveLinkDevice/LiveLinkDevice.uplugin" 406
"../../../Engine/Plugins/Animation/LiveLink/LiveLink.uplugin" 407
"../../../Engine/Plugins/Animation/LiveLinkHub/LiveLinkHub.uplugin" 408
"../../../Engine/Plugins/Animation/LiveLinkExampleDevice/LiveLinkExampleDevice.uplugin" 409
"../../../Engine/Plugins/Runtime/StateTree/StateTree.uplugin" 410
"../../../Engine/Plugins/Animation/TweeningUtils/TweeningUtils.uplugin" 411
"../../../Engine/Plugins/Animation/PerformanceCaptureCore/PerformanceCaptureCore.uplugin" 412
"../../../Engine/Plugins/Animation/SkeletalMeshModelingTools/SkeletalMeshModelingTools.uplugin" 413
"../../../Engine/Plugins/Compositing/Composure/Composure.uplugin" 414
"../../../Engine/Plugins/Animation/PoseSearch/PoseSearch.uplugin" 415
"../../../Engine/Plugins/Runtime/RigVM/RigVM.uplugin" 416
"../../../Engine/Plugins/Animation/RigLogic/RigLogic.uplugin" 417
"../../../Engine/Plugins/Animation/LiveLinkUnrealDevice/LiveLinkUnrealDevice.uplugin" 418
"../../../Engine/Plugins/Animation/LiveLinkCurveDebugUI/LiveLinkCurveDebugUI.uplugin" 419
"../../../Engine/Plugins/Animation/MotionWarping/MotionWarping.uplugin" 420
"../../../Engine/Plugins/Runtime/Synthesis/Synthesis.uplugin" 421
"../../../Engine/Plugins/Compositing/OpenCVLensDistortion/OpenCVLensDistortion.uplugin" 422
"../../../Engine/Plugins/FX/Cascade/Cascade.uplugin" 423
"../../../Engine/Plugins/Compositing/LensDistortion/LensDistortion.uplugin" 424
"../../../Engine/Plugins/Compositing/OpenColorIO/OpenColorIO.uplugin" 425
"../../../Engine/Plugins/FX/CascadeToNiagaraConverter/CascadeToNiagaraConverter.uplugin" 426
"../../../Engine/Plugins/FX/ExampleCustomDataInterface/ExampleCustomDataInterface.uplugin" 427
"../../../Engine/Plugins/FX/NiagaraFluids/NiagaraFluids.uplugin" 428
"../../../Engine/Plugins/FX/NiagaraMRQ/NiagaraMRQ.uplugin" 429
"../../../Engine/Plugins/FX/NiagaraPreviewContent/NiagaraPreviewContent.uplugin" 430
"../../../Engine/Plugins/FX/NiagaraSimCaching/NiagaraSimCaching.uplugin" 431
"../../../Engine/Plugins/Compositing/Composite/Composite.uplugin" 432
"../../../Engine/Plugins/FX/NiagaraNanite/NiagaraNanite.uplugin" 433
"../../../Engine/Plugins/Interchange/Runtime/Interchange.uplugin" 434
"../../../Engine/Plugins/Media/AjaMedia/AjaMedia.uplugin" 435
"../../../Engine/Plugins/Compositing/CompositeCore/CompositeCore.uplugin" 436
"../../../Engine/Plugins/Interchange/Editor/InterchangeEditor.uplugin" 437
"../../../Engine/Plugins/Marketplace/FabLauncher/FabLauncher.uplugin" 438
"../../../Engine/Plugins/Interchange/Assets/InterchangeAssets.uplugin" 439
"../../../Engine/Plugins/FX/Niagara/Niagara.uplugin" 440
"../../../Engine/Plugins/Media/AndroidMedia/AndroidMedia.uplugin" 441
"../../../Engine/Plugins/Media/AppleProResDecoderElectra/AppleProResDecoderElectra.uplugin" 442
"../../../Engine/Plugins/Media/AppleProResMedia/AppleProResMedia.uplugin" 443
"../../../Engine/Plugins/Media/AudioCaptureTimecodeProvider/AudioCaptureTimecodeProvider.uplugin" 444
"../../../Engine/Plugins/Media/AvfMedia/AvfMedia.uplugin" 445
"../../../Engine/Plugins/Media/AvidDNxHDDecoderElectra/AvidDNxHDDecoderElectra.uplugin" 446
"../../../Engine/Plugins/Media/AvidDNxMedia/AvidDNxMedia.uplugin" 447
"../../../Engine/Plugins/Media/BinkMedia/BinkMedia.uplugin" 448
"../../../Engine/Plugins/Media/D3D12VideoDecodersElectra/D3D12VideoDecodersElectra.uplugin" 449
"../../../Engine/Plugins/Media/ElectraCDM/ElectraCDM.uplugin" 450
"../../../Engine/Plugins/Media/ElectraCodecs/ElectraCodecs.uplugin" 451
"../../../Engine/Plugins/Media/BlackmagicMedia/BlackmagicMedia.uplugin" 452
"../../../Engine/Plugins/Media/ElectraSubtitles/ElectraSubtitles.uplugin" 453
"../../../Engine/Plugins/Media/ElectraPlayer/ElectraPlayer.uplugin" 454
"../../../Engine/Plugins/Media/ElectraUtil/ElectraUtil.uplugin" 455
"../../../Engine/Plugins/Media/HAPDecoderElectra/HAPDecoderElectra.uplugin" 456
"../../../Engine/Plugins/Media/HAPMedia/HAPMedia.uplugin" 457
"../../../Engine/Plugins/Media/FlacDecoderElectra/FlacDecoderElectra.uplugin" 458
"../../../Engine/Plugins/Media/ImgMedia/ImgMedia.uplugin" 459
"../../../Engine/Plugins/Media/LinearTimecode/LinearTimecode.uplugin" 460
"../../../Engine/Plugins/Media/AndroidCamera/AndroidCamera.uplugin" 461
"../../../Engine/Plugins/Media/HardwareEncoders/HardwareEncoders.uplugin" 462
"../../../Engine/Plugins/Media/MediaCompositing/MediaCompositing.uplugin" 463
"../../../Engine/Plugins/Media/MediaFrameworkUtilities/MediaFrameworkUtilities.uplugin" 464
"../../../Engine/Plugins/Media/MediaPlayerEditor/MediaPlayerEditor.uplugin" 465
"../../../Engine/Plugins/Media/MediaViewer/MediaViewer.uplugin" 466
"../../../Engine/Plugins/Media/MediaIOFramework/MediaIOFramework.uplugin" 467
"../../../Engine/Plugins/Media/MediaPlate/MediaPlate.uplugin" 468
"../../../Engine/Plugins/Media/MfMedia/MfMedia.uplugin" 469
"../../../Engine/Plugins/Media/NDIMedia/NDIMedia.uplugin" 470
"../../../Engine/Plugins/Media/OpusDecoderElectra/OpusDecoderElectra.uplugin" 471
"../../../Engine/Plugins/Media/PixelCapture/PixelCapture.uplugin" 472
"../../../Engine/Plugins/Media/PixelStreaming/PixelStreaming.uplugin" 473
"../../../Engine/Plugins/Media/PixelStreaming2/PixelStreaming2.uplugin" 474
"../../../Engine/Plugins/Media/TimecodeSynchronizer/TimecodeSynchronizer.uplugin" 475
"../../../Engine/Plugins/Media/VPxDecoderElectra/VPxDecoderElectra.uplugin" 476
"../../../Engine/Plugins/Media/WmfMedia/WmfMedia.uplugin" 477
"../../../Engine/Plugins/MetaHuman/MetaHumanCharacter/MetaHumanCharacter.uplugin" 478
"../../../Engine/Plugins/Media/MJPEGDecoderElectra/MJPEGDecoderElectra.uplugin" 479
"../../../Engine/Plugins/MetaHuman/MetaHumanCalibrationProcessing/MetaHumanCalibrationProcessing.uplugin" 480
"../../../Engine/Plugins/MetaHuman/MetaHumanSDK/MetaHumanSDK.uplugin" 481
"../../../Engine/Plugins/MetaHuman/MetaHumanCoreTechLib/MetaHumanCoreTech.uplugin" 482
"../../../Engine/Plugins/Media/WebMMedia/WebMMedia.uplugin" 483
"../../../Engine/Plugins/NNE/NNEDenoiser/NNEDenoiser.uplugin" 484
"../../../Engine/Plugins/MetaHuman/MetaHumanAnimator/MetaHuman.uplugin" 485
"../../../Engine/Plugins/MetaHuman/MetaHumanLiveLink/MetaHumanLiveLink.uplugin" 486
"../../../Engine/Plugins/PCGInterops/PCGExternalDataInterop/PCGExternalDataInterop.uplugin" 487
"../../../Engine/Plugins/PCGInterops/PCGPythonInterop/PCGPythonInterop.uplugin" 488
"../../../Engine/Plugins/PCGInterops/PCGGeometryScriptInterop/PCGGeometryScriptInterop.uplugin" 489
"../../../Engine/Plugins/Tests/AudioCQTests/AudioCQTests.uplugin" 490
"../../../Engine/Plugins/NNE/NNERuntimeORT/NNERuntimeORT.uplugin" 491
"../../../Engine/Plugins/Portal/LauncherChunkInstaller/LauncherChunkInstaller.uplugin" 492
"../../../Engine/Plugins/Tests/AutomationDriverTests/AutomationDriverTests.uplugin" 493
"../../../Engine/Plugins/Tests/CQTestExperimental/CQTestExperimental.uplugin" 494
"../../../Engine/Plugins/Tests/CQTestEnhancedInput/CQTestEnhancedInput.uplugin" 495
"../../../Engine/Plugins/Tests/EditorTests/EditorTests.uplugin" 496
"../../../Engine/Plugins/Tests/FbxAutomationTestBuilder/FbxAutomationTestBuilder.uplugin" 497
"../../../Engine/Plugins/Tests/FunctionalTestingEditor/FunctionalTestingEditor.uplugin" 498
"../../../Engine/Plugins/Tests/RuntimeTests/RuntimeTests.uplugin" 499
"../../../Engine/Plugins/Tests/WidgetAutomationTests/WidgetAutomationTests.uplugin" 500
"../../../Engine/Plugins/Tests/InterchangeTests/InterchangeTests.uplugin" 501
"../../../Engine/Plugins/Developer/AnimationSharing/AnimationSharing.uplugin" 502
"../../../Engine/Plugins/Tests/CQTest/CQTest.uplugin" 503
"../../../Engine/Plugins/Tests/TestFramework/TestFramework.uplugin" 504
"../../../Engine/Plugins/Tests/RHITests/RHITests.uplugin" 505
"../../../Engine/Plugins/Tests/PythonAutomationTest/PythonAutomationTest.uplugin" 506
"../../../Engine/Plugins/Slate/SlateInsights/SlateInsights.uplugin" 507
"../../../Engine/Plugins/Media/MediaMovieStreamer/MediaMovieStreamer.uplugin" 508
"../../../Engine/Plugins/2D/Paper2D/Paper2D.uplugin" 509
"../../../Engine/Plugins/Tests/TestSamples/TestSamples.uplugin" 510
"../../../Engine/Plugins/NetcodeUnitTest/NUTUnrealEngine/NUTUnrealEngine.uplugin" 511
"../../../Engine/Plugins/Developer/BlankPlugin/BlankPlugin.uplugin" 512
"../../../Engine/Plugins/Developer/CodeLiteSourceCodeAccess/CodeLiteSourceCodeAccess.uplugin" 513
"../../../Engine/Plugins/Developer/DirectoryPlaceholder/DirectoryPlaceholder.uplugin" 514
"../../../Engine/Plugins/Developer/FieldNotificationTrace/FieldNotificationTrace.uplugin" 515
"../../../Engine/Plugins/Developer/DumpGPUServices/DumpGPUServices.uplugin" 516
"../../../Engine/Plugins/Developer/GPUReshape/GPUReshape.uplugin" 517
"../../../Engine/Plugins/Developer/NamingTokens/NamingTokens.uplugin" 518
"../../../Engine/Plugins/Developer/KDevelopSourceCodeAccess/KDevelopSourceCodeAccess.uplugin" 519
"../../../Engine/Plugins/Developer/GitSourceControl/GitSourceControl.uplugin" 520
"../../../Engine/Plugins/Developer/NullSourceCodeAccess/NullSourceCodeAccess.uplugin" 521
"../../../Engine/Plugins/Developer/N10XSourceCodeAccess/N10XSourceCodeAccess.uplugin" 522
"../../../Engine/Plugins/Developer/PerforceSourceControl/PerforceSourceControl.uplugin" 523
"../../../Engine/Plugins/Developer/PlasticSourceControl/PlasticSourceControl.uplugin" 524
"../../../Engine/Plugins/Developer/PluginUtils/PluginUtils.uplugin" 525
"../../../Engine/Plugins/Developer/ProjectLauncher/ProjectLauncher.uplugin" 526
"../../../Engine/Plugins/Developer/OneSkyLocalizationService/OneSkyLocalizationService.uplugin" 527
"../../../Engine/Plugins/Developer/PropertyAccessNode/PropertyAccessNode.uplugin" 528
"../../../Engine/Plugins/Developer/RenderDocPlugin/RenderDocPlugin.uplugin" 529
"../../../Engine/Plugins/Developer/RiderSourceCodeAccess/RiderSourceCodeAccess.uplugin" 530
"../../../Engine/Plugins/Developer/SubversionSourceControl/SubversionSourceControl.uplugin" 531
"../../../Engine/Plugins/Developer/TextureFormatOodle/TextureFormatOodle.uplugin" 532
"../../../Engine/Plugins/Developer/CLionSourceCodeAccess/CLionSourceCodeAccess.uplugin" 533
"../../../Engine/Plugins/Developer/UObjectPlugin/UObjectPlugin.uplugin" 534
"../../../Engine/Plugins/Developer/TraceSourceFiltering/TraceSourceFilters.uplugin" 535
"../../../Engine/Plugins/Developer/XcodeGPUDebuggerPlugin/XcodeGPUDebuggerPlugin.uplugin" 536
"../../../Engine/Plugins/Developer/VisualStudioSourceCodeAccess/VisualStudioSourceCodeAccess.uplugin" 537
"../../../Engine/Plugins/Developer/VisualStudioCodeSourceCodeAccess/VisualStudioCodeSourceCodeAccess.uplugin" 538
"../../../Engine/Plugins/Developer/XCodeSourceCodeAccess/XCodeSourceCodeAccess.uplugin" 539
"../../../Engine/Plugins/Enterprise/DataprepEditor/DataprepEditor.uplugin" 540
"../../../Engine/Plugins/Enterprise/AxFImporter/AxFImporter.uplugin" 541
"../../../Engine/Plugins/Slate/SlateScripting/SlateScripting.uplugin" 542
"../../../Engine/Plugins/Enterprise/DatasmithFBXImporter/DatasmithFBXImporter.uplugin" 543
"../../../Engine/Plugins/Developer/PixWinPlugin/PixWinPlugin.uplugin" 544
"../../../Engine/Plugins/Enterprise/DatasmithCADImporter/DatasmithCADImporter.uplugin" 545
"../../../Engine/Plugins/Enterprise/DatasmithC4DImporter/DatasmithC4DImporter.uplugin" 546
"../../../Engine/Plugins/Enterprise/DatasmithImporter/DatasmithImporter.uplugin" 547
"../../../Engine/Plugins/Enterprise/DatasmithContent/DatasmithContent.uplugin" 548
"../../../Engine/Plugins/Enterprise/VariantManager/VariantManager.uplugin" 549
"../../../Engine/Plugins/Enterprise/VariantManagerContent/VariantManagerContent.uplugin" 550
"../../../Engine/Plugins/Importers/AlembicHairImporter/AlembicHairImporter.uplugin" 551
"../../../Engine/Plugins/Enterprise/LidarPointCloud/LidarPointCloud.uplugin" 552
"../../../Engine/Plugins/Importers/AlembicImporter/AlembicImporter.uplugin" 553
"../../../Engine/Plugins/Importers/USDImporter/USDImporter.uplugin" 554
"../../../Engine/Plugins/Importers/USDImporterMDL/USDImporterMDL.uplugin" 555
"../../../Engine/Plugins/Enterprise/GLTFExporter/GLTFExporter.uplugin" 556
"../../../Engine/Plugins/MovieScene/ActorSequence/ActorSequence.uplugin" 557
"../../../Engine/Plugins/MovieScene/LevelSequenceEditor/LevelSequenceEditor.uplugin" 558
"../../../Engine/Plugins/MovieScene/MovieSceneTextTrack/MovieSceneTextTrack.uplugin" 559
"../../../Engine/Plugins/Importers/USDMultiUser/USDMultiUser.uplugin" 560
"../../../Engine/Plugins/MovieScene/MovieRenderPipeline/MovieRenderPipeline.uplugin" 561
"../../../Engine/Plugins/MovieScene/CustomizableSequencerTracks/CustomizableSequencerTracks.uplugin" 562
"../../../Engine/Plugins/MovieScene/SequencerScripting/SequencerScripting.uplugin" 563
"../../../Engine/Plugins/MovieScene/SequenceValidator/SequenceValidator.uplugin" 564
"../../../Engine/Plugins/MovieScene/TemplateSequence/TemplateSequence.uplugin" 565
"../../../Engine/Plugins/Online/EOSShared/EOSShared.uplugin" 566
"../../../Engine/Plugins/Online/EOSOverlayInputProvider/EOSOverlayInputProvider.uplugin" 567
"../../../Engine/Plugins/MovieScene/ReplayTracks/ReplayTracks.uplugin" 568
"../../../Engine/Plugins/Online/OnlineServices/OnlineServices.uplugin" 569
"../../../Engine/Plugins/Online/OnlineBase/OnlineBase.uplugin" 570
"../../../Engine/Plugins/Online/OnlineServicesEOS/OnlineServicesEOS.uplugin" 571
"../../../Engine/Plugins/Online/OnlineFrameworkCommon/OnlineFrameworkCommon.uplugin" 572
"../../../Engine/Plugins/Online/OnlineServicesEOSGS/OnlineServicesEOSGS.uplugin" 573
"../../../Engine/Plugins/Online/OnlineServicesEpicCommon/OnlineServicesEpicCommon.uplugin" 574
"../../../Engine/Plugins/Online/OnlineFramework/OnlineFramework.uplugin" 575
"../../../Engine/Plugins/Online/OnlineServicesNull/OnlineServicesNull.uplugin" 576
"../../../Engine/Plugins/Online/OnlineServicesOSSAdapter/OnlineServicesOSSAdapter.uplugin" 577
"../../../Engine/Plugins/Online/OnlineSubsystem/OnlineSubsystem.uplugin" 578
"../../../Engine/Plugins/Online/OnlineSubsystemApple/OnlineSubsystemApple.uplugin" 579
"../../../Engine/Plugins/Online/OnlineSubsystemAmazon/OnlineSubsystemAmazon.uplugin" 580
"../../../Engine/Plugins/Online/OnlineSubsystemEOS/OnlineSubsystemEOS.uplugin" 581
"../../../Engine/Plugins/Online/OnlineSubsystemGoogle/OnlineSubsystemGoogle.uplugin" 582
"../../../Engine/Plugins/Online/OnlineSubsystemTencent/OnlineSubsystemTencent.uplugin" 583
"../../../Engine/Plugins/MovieScene/MoviePipelineMaskRenderPass/MoviePipelineMaskRenderPass.uplugin" 584
"../../../Engine/Plugins/Online/OnlineSubsystemNull/OnlineSubsystemNull.uplugin" 585
"../../../Engine/Plugins/Online/OnlineSubsystemUtils/OnlineSubsystemUtils.uplugin" 586
"../../../Engine/Plugins/Online/SocketSubsystemEOS/SocketSubsystemEOS.uplugin" 587
"../../../Engine/Plugins/Online/WebAuth/WebAuth.uplugin" 588
"../../../Engine/Plugins/Online/SocketSubsystemSteamIP/SocketSubsystemSteamIP.uplugin" 589
"../../../Engine/Plugins/Protocols/MQTT/MQTT.uplugin" 590
"../../../Engine/Plugins/NetcodeUnitTest/NetcodeUnitTest/NetcodeUnitTest.uplugin" 591
"../../../Engine/Plugins/VirtualProduction/ActorModifier/ActorModifier.uplugin" 592
"../../../Engine/Plugins/VirtualProduction/ActorModifierCore/ActorModifierCore.uplugin" 593
"../../../Engine/Plugins/VirtualProduction/AvalancheDataLink/AvalancheDataLink.uplugin" 594
"../../../Engine/Plugins/VirtualProduction/Avalanche/Avalanche.uplugin" 595
"../../../Engine/Plugins/VirtualProduction/CameraCalibration/CameraCalibration.uplugin" 596
"../../../Engine/Plugins/VirtualProduction/CameraCalibrationCore/CameraCalibrationCore.uplugin" 597
"../../../Engine/Plugins/Compositing/HoldoutComposite/HoldoutComposite.uplugin" 598
"../../../Engine/Plugins/VirtualProduction/CaptureData/CaptureData.uplugin" 599
"../../../Engine/Plugins/VirtualProduction/CameraCalibrationML/CameraCalibrationML.uplugin" 600
"../../../Engine/Plugins/VirtualProduction/AvalancheSceneState/AvalancheSceneState.uplugin" 601
"../../../Engine/Plugins/VirtualProduction/CinematicAssemblyTools/CinematicAssemblyTools.uplugin" 602
"../../../Engine/Plugins/VirtualProduction/CompositePlane/CompositePlane.uplugin" 603
"../../../Engine/Plugins/VirtualProduction/CustomDetailsView/CustomDetailsView.uplugin" 604
"../../../Engine/Plugins/VirtualProduction/DataLink/DataLink.uplugin" 605
"../../../Engine/Plugins/VirtualProduction/DataCharts/DataCharts.uplugin" 606
"../../../Engine/Plugins/VirtualProduction/DynamicMaterial/DynamicMaterial.uplugin" 607
"../../../Engine/Plugins/VirtualProduction/EpicStageApp/EpicStageApp.uplugin" 608
"../../../Engine/Plugins/VirtualProduction/ICVFX/ICVFX.uplugin" 609
"../../../Engine/Plugins/VirtualProduction/LensComponent/LensComponent.uplugin" 610
"../../../Engine/Plugins/VirtualProduction/LevelSnapshots/LevelSnapshots.uplugin" 611
"../../../Engine/Plugins/VirtualProduction/GeometryMask/GeometryMask.uplugin" 612
"../../../Engine/Plugins/VirtualProduction/LiveLinkCamera/LiveLinkCamera.uplugin" 613
"../../../Engine/Plugins/VirtualProduction/LiveLinkInputDevice/LiveLinkInputDevice.uplugin" 614
"../../../Engine/Plugins/VirtualProduction/LiveLinkFreeD/LiveLinkFreeD.uplugin" 615
"../../../Engine/Plugins/VirtualProduction/LiveLinkLens/LiveLinkLens.uplugin" 616
"../../../Engine/Plugins/VirtualProduction/LiveLinkMasterLockit/LiveLinkMasterLockit.uplugin" 617
"../../../Engine/Plugins/VirtualProduction/LiveLinkXR/LiveLinkXR.uplugin" 618
"../../../Engine/Plugins/VirtualProduction/LiveLinkPrestonMDR/LiveLinkPrestonMDR.uplugin" 619
"../../../Engine/Plugins/VirtualProduction/LiveLinkOpenTrackIO/LiveLinkOpenTrackIO.uplugin" 620
"../../../Engine/Plugins/VirtualProduction/MultiUserTakes/MultiUserTakes.uplugin" 621
"../../../Engine/Plugins/VirtualProduction/PropertyAnimator/PropertyAnimator.uplugin" 622
"../../../Engine/Plugins/VirtualProduction/RemoteControl/RemoteControl.uplugin" 623
"../../../Engine/Plugins/VirtualProduction/PerformanceCaptureWorkflow/PerformanceCaptureWorkflow.uplugin" 624
"../../../Engine/Plugins/VirtualProduction/PropertyAnimatorCore/PropertyAnimatorCore.uplugin" 625
"../../../Engine/Plugins/VirtualProduction/RemoteControlProtocolMIDI/RemoteControlProtocolMIDI.uplugin" 626
"../../../Engine/Plugins/VirtualProduction/RemoteControlProtocolOSC/RemoteControlProtocolOSC.uplugin" 627
"../../../Engine/Plugins/VirtualProduction/OperatorStack/OperatorStack.uplugin" 628
"../../../Engine/Plugins/Online/OnlineSubsystemSteam/OnlineSubsystemSteam.uplugin" 629
"../../../Engine/Plugins/VirtualProduction/LiveLinkVRPN/LiveLinkVRPN.uplugin" 630
"../../../Engine/Plugins/VirtualProduction/SceneState/SceneState.uplugin" 631
"../../../Engine/Plugins/VirtualProduction/ICVFXTesting/ICVFXTesting.uplugin" 632
"../../../Engine/Plugins/VirtualProduction/RemoteControlWebInterface/RemoteControlWebInterface.uplugin" 633
"../../../Engine/Plugins/VirtualProduction/SceneStateDataLink/SceneStateDataLink.uplugin" 634
"../../../Engine/Plugins/VirtualProduction/SequencerPlaylists/SequencerPlaylists.uplugin" 635
"../../../Engine/Plugins/VirtualProduction/StageMonitoring/StageMonitoring.uplugin" 636
"../../../Engine/Plugins/VirtualProduction/StormSyncAvalancheBridge/StormSyncAvalancheBridge.uplugin" 637
"../../../Engine/Plugins/VirtualProduction/RemoteControlProtocolDMX/RemoteControlProtocolDMX.uplugin" 638
"../../../Engine/Plugins/VirtualProduction/SVGImporter/SVGImporter.uplugin" 639
"../../../Engine/Plugins/VirtualProduction/Switchboard/Switchboard.uplugin" 640
"../../../Engine/Plugins/VirtualProduction/DataLinkOAuth/DataLinkOAuth.uplugin" 641
"../../../Engine/Plugins/VirtualProduction/TextureShare/TextureShare.uplugin" 642
"../../../Engine/Plugins/Online/OnlineSubsystemFacebook/OnlineSubsystemFacebook.uplugin" 643
"../../../Engine/Plugins/VirtualProduction/Takes/Takes.uplugin" 644
"../../../Engine/Plugins/VirtualProduction/StormSync/StormSync.uplugin" 645
"../../../Engine/Plugins/VirtualProduction/Text3D/Text3D.uplugin" 646
"../../../Engine/Plugins/VirtualProduction/TimedDataMonitor/TimedDataMonitor.uplugin" 647
"../../../Engine/Plugins/VirtualProduction/VirtualCamera/VirtualCamera.uplugin" 648
"../../../Engine/Plugins/VirtualProduction/VirtualCameraCore/VirtualCameraCore.uplugin" 649
"../../../Engine/Plugins/Enterprise/MDLImporter/MDLImporter.uplugin" 650
"../../../Engine/Plugins/Experimental/Animation/ContextualAnimation/ContextualAnimation.uplugin" 651
"../../../Engine/Plugins/Experimental/Animation/CurveExpression/CurveExpression.uplugin" 652
"../../../Engine/Plugins/Experimental/Animation/HierarchyTable/HierarchyTable.uplugin" 653
"../../../Engine/Plugins/VirtualProduction/VirtualScouting/VirtualScouting.uplugin" 654
"../../../Engine/Plugins/Experimental/Animation/HierarchyTableAnimation/HierarchyTableAnimation.uplugin" 655
"../../../Engine/Plugins/Experimental/Animation/Locomotor/Locomotor.uplugin" 656
"../../../Engine/Plugins/Experimental/Animation/MotionTrajectory/MotionTrajectory.uplugin" 657
"../../../Engine/Plugins/Experimental/Animation/RigMapper/RigMapper.uplugin" 658
"../../../Engine/Plugins/Experimental/Animation/RigMapperOp/RigMapperOp.uplugin" 659
"../../../Engine/Plugins/Experimental/Animation/TrajectoryTools/TrajectoryTools.uplugin" 660
"../../../Engine/Plugins/Runtime/Analytics/Adjust/Adjust.uplugin" 661
"../../../Engine/Plugins/Runtime/Analytics/AnalyticsMulticast/AnalyticsMulticast.uplugin" 662
"../../../Engine/Plugins/Experimental/Animation/SkeletalMeshMorphTargetEditingTools/SkeletalMeshMorphTargetEditingTools.uplugin" 663
"../../../Engine/Plugins/Experimental/Animation/RelativeIKOp/RelativeIKOp.uplugin" 664
"../../../Engine/Plugins/Runtime/Analytics/AnalyticsBlueprintLibrary/AnalyticsBlueprintLibrary.uplugin" 665
"../../../Engine/Plugins/Runtime/Analytics/FileLogging/FileLogging.uplugin" 666
"../../../Engine/Plugins/Runtime/Nvidia/GeForceNOWWrapper/GeForceNOWWrapper.uplugin" 667
"../../../Engine/Plugins/Runtime/Nvidia/Reflex/Reflex.uplugin" 668
"../../../Engine/Plugins/Runtime/Steam/SteamAudio/SteamAudio.uplugin" 669
"../../../Engine/Plugins/Runtime/Steam/SteamShared/SteamShared.uplugin" 670
"../../../Engine/Plugins/Runtime/Steam/SteamController/SteamController.uplugin" 671
"../../../Engine/Plugins/Runtime/Steam/SteamSockets/SteamSockets.uplugin" 672
"../../../Engine/Plugins/Experimental/Enterprise/DataprepGeometryOperations/DataprepGeometryOperations.uplugin" 673
"../../../Engine/Plugins/Experimental/Enterprise/DatasmithInterchange/DatasmithInterchange.uplugin" 674
"../../../Engine/Plugins/Experimental/Enterprise/DatasmithRuntime/DatasmithRuntime.uplugin" 675
"../../../Engine/Plugins/Runtime/XR/XRScribe/XRScribe.uplugin" 676
"../../../Engine/Plugins/Runtime/XR/XRVisualization/XRVisualization.uplugin" 677
"../../../Engine/Plugins/VirtualProduction/CaptureManager/CaptureManagerApp/CaptureManagerApp.uplugin" 678
"../../../Engine/Plugins/Editor/ContentBrowser/ContentBrowserAssetDataSource/ContentBrowserAssetDataSource.uplugin" 679
"../../../Engine/Plugins/VirtualProduction/CaptureManager/CaptureManagerDevices/CaptureManagerDevices.uplugin" 680
"../../../Engine/Plugins/VirtualProduction/ClonerEffector/ClonerEffector.uplugin" 681
"../../../Engine/Plugins/Editor/ContentBrowser/ContentBrowserFileDataSource/ContentBrowserFileDataSource.uplugin" 682
"../../../Engine/Plugins/Experimental/AVCodecs/AMFCodecs/AMFCodecs.uplugin" 683
"../../../Engine/Plugins/Editor/ObjectMixer/ObjectMixer/ObjectMixer.uplugin" 684
"../../../Engine/Plugins/Editor/ObjectMixer/LightMixer/LightMixer.uplugin" 685
"../../../Engine/Plugins/Editor/ContentBrowser/ContentBrowserClassDataSource/ContentBrowserClassDataSource.uplugin" 686
"../../../Engine/Plugins/Experimental/AVCodecs/NVCodecs/NVCodecs.uplugin" 687
"../../../Engine/Plugins/Experimental/AVCodecs/VTCodecs/VTCodecs.uplugin" 688
"../../../Engine/Plugins/Experimental/AVCodecs/LibVpxCodecs/LibVpxCodecs.uplugin" 689
"../../../Engine/Plugins/Experimental/Animation/PackedAttributes/PackedAttributes.uplugin" 690
"../../../Engine/Plugins/Experimental/AVCodecs/AVCodecsCore/AVCodecsCore.uplugin" 691
"../../../Engine/Plugins/Experimental/AVCodecs/WMFCodecs/WMFCodecs.uplugin" 692
"../../../Engine/Plugins/Experimental/CharacterFXEditor/BaseCharacterFXEditor/BaseCharacterFXEditor.uplugin" 693
"../../../Engine/Plugins/Editor/ContentBrowser/ContentBrowserAliasDataSource/ContentBrowserAliasDataSource.uplugin" 694
"../../../Engine/Plugins/Experimental/CharacterFXEditor/ExampleCharacterFXEditor/ExampleCharacterFXEditor.uplugin" 695
"../../../Engine/Plugins/Experimental/PCGInterops/PCGNiagaraInterop/PCGNiagaraInterop.uplugin" 696
"../../../Engine/Plugins/Experimental/PCGInterops/PCGWaterInterop/PCGWaterInterop.uplugin" 697
"../../../Engine/Plugins/Experimental/PCGInterops/PCGFastGeoInterop/PCGFastGeoInterop.uplugin" 698
"../../../Engine/Plugins/VirtualProduction/CaptureManager/CaptureManagerCore/CaptureManagerCore.uplugin" 699
"../../../Engine/Plugins/Experimental/PCGInterops/PCGInstancedActorsInterop/PCGInstancedActorsInterop.uplugin" 700
"../../../Engine/Plugins/Experimental/VirtualProduction/VPRoles/VPRoles.uplugin" 701
"../../../Engine/Plugins/VirtualProduction/RemoteControlInterception/RemoteControlInterception.uplugin" 702
"../../../Engine/Plugins/Experimental/VirtualProduction/VPSettings/VPSettings.uplugin" 703
"../../../Engine/Plugins/Experimental/VirtualProduction/LedWallCalibration/LedWallCalibration.uplugin" 704
"../../../Engine/Plugins/Runtime/Windows/WinDualShock/WinDualShock.uplugin" 705
"../../../Engine/Plugins/Runtime/Windows/XInputDevice/XInputDevice.uplugin" 706
"../../../Engine/Plugins/Experimental/Web/WebAPI/WebAPI.uplugin" 707
"../../../Engine/Plugins/Runtime/Windows/WinVirtualKeyboard/WinVirtualKeyboard.uplugin" 708
"../../../Engine/Plugins/Experimental/PCGInterops/PCGNaniteAssembliesInterop/PCGNaniteAssembliesInterop.uplugin" 709
"../../../Engine/Plugins/Experimental/UAF/UAFChooser/UAFChooser.uplugin" 710
"../../../Engine/Plugins/Experimental/UAF/UAFControlRig/UAFControlRig.uplugin" 711
"../../../Engine/Plugins/Experimental/UAF/UAFAnimGraph/UAFAnimGraph.uplugin" 712
"../../../Engine/Plugins/Experimental/UAF/UAF/UAF.uplugin" 713
"../../../Engine/Plugins/Developer/Concert/ConcertMain/ConcertMain.uplugin" 714
"../../../Engine/Plugins/Experimental/UAF/UAFStateTree/UAFStateTree.uplugin" 715
"../../../Engine/Plugins/Experimental/UAF/UAFMirroring/UAFMirroring.uplugin" 716
"../../../Engine/Plugins/Experimental/UAF/UAFWarping/UAFWarping.uplugin" 717
"../../../Engine/Plugins/Experimental/UAF/UAFTests/UAFTests.uplugin" 718
"../../../Engine/Plugins/Runtime/Database/ADOSupport/ADOSupport.uplugin" 719
"../../../Engine/Plugins/Runtime/Database/DatabaseSupport/DatabaseSupport.uplugin" 720
"../../../Engine/Plugins/Runtime/Database/RemoteDatabaseSupport/RemoteDatabaseSupport.uplugin" 721
"../../../Engine/Plugins/Runtime/Database/SQLiteSupport/SQLiteSupport.uplugin" 722
"../../../Engine/Plugins/Runtime/Database/SQLiteCore/SQLiteCore.uplugin" 723
"../../../Engine/Plugins/Runtime/PacketHandlers/AESHandlerComponent/AESHandlerComponent.uplugin" 724
"../../../Engine/Plugins/Experimental/UAF/UAFPoseSearch/UAFPoseSearch.uplugin" 725
"../../../Engine/Plugins/Runtime/AR/ARUtilities/ARUtilities.uplugin" 726
"../../../Engine/Plugins/Runtime/PacketHandlers/AESGCMHandlerComponent/AESGCMHandlerComponent.uplugin" 727
"../../../Engine/Plugins/Marketplace/Developer/RiderLink/RiderLink.uplugin" 728
"../../../Engine/Plugins/Runtime/PacketHandlers/DTLSHandlerComponent/DTLSHandlerComponent.uplugin" 729
"../../../Engine/Plugins/Online/VoiceChat/EOSVoiceChat/EOSVoiceChat.uplugin" 730
"../../../Engine/Plugins/Runtime/Advertising/IOSTapJoy/IOSTapJoy.uplugin" 731
"../../../Engine/Plugins/Online/VoiceChat/VoiceChat/VoiceChat.uplugin" 732
"../../../Engine/Plugins/Animation/MLDeformer/ChaosClothGenerator/ChaosClothGenerator.uplugin" 733
"../../../Engine/Plugins/Animation/MLDeformer/MLDeformerFramework/MLDeformerFramework.uplugin" 734
"../../../Engine/Plugins/Animation/MLDeformer/ChaosFleshGenerator/ChaosFleshGenerator.uplugin" 735
"../../../Engine/Plugins/Animation/MLDeformer/NearestNeighborModel/NearestNeighborModel.uplugin" 736
"../../../Engine/Plugins/Animation/MLDeformer/VertexDeltaModel/VertexDeltaModel.uplugin" 737
"../../../Engine/Plugins/Animation/MLDeformer/NeuralMorphModel/NeuralMorphModel.uplugin" 738
"../../../Engine/Plugins/Online/Android/OnlineSubsystemGooglePlay/OnlineSubsystemGooglePlay.uplugin" 739
"../../../Engine/Plugins/VirtualProduction/Rivermax/RivermaxMedia/RivermaxMedia.uplugin" 740
"../../../Engine/Plugins/VirtualProduction/Rivermax/RivermaxCore/RivermaxCore.uplugin" 741
"../../../Engine/Plugins/Online/Android/AndroidFetchBackgroundDownload/AndroidFetchBackgroundDownload.uplugin" 742
"../../../Engine/Plugins/VirtualProduction/Rivermax/RivermaxSync/RivermaxSync.uplugin" 743
"../../../Engine/Plugins/Editor/Localization/PortableObjectFileDataSource/PortableObjectFileDataSource.uplugin" 744
"../../../Engine/Plugins/Experimental/MetaHuman/MetaHumanCharacterUAF/MetaHumanCharacterUAF.uplugin" 745
"../../../Engine/Plugins/Runtime/MeshReconstruction/DummyMeshReconstructor/DummyMeshReconstructor.uplugin" 746
"../../../Engine/Plugins/Experimental/MetaHuman/MetaHumanRuntime/MetaHumanRuntime.uplugin" 747
"../../../Engine/Plugins/Interchange/Extensions/OpenVDB/InterchangeOpenVDB.uplugin" 748
"../../../Engine/Plugins/Experimental/MetaHuman/MetaHumanCalibrationDiagnostics/MetaHumanCalibrationDiagnostics.uplugin" 749
"../../../Engine/Plugins/VirtualProduction/DMX/DMXControlConsole/DMXControlConsole.uplugin" 750
"../../../Engine/Plugins/Online/IOS/OnlineSubsystemIOS/OnlineSubsystemIOS.uplugin" 751
"../../../Engine/Plugins/VirtualProduction/DMX/DatasmithMVR/DatasmithMVR.uplugin" 752
"../../../Engine/Plugins/Interchange/Extensions/OpenUSD/InterchangeOpenUSD.uplugin" 753
"../../../Engine/Plugins/VirtualProduction/DMX/DMXEngine/DMXEngine.uplugin" 754
"../../../Engine/Plugins/VirtualProduction/DMX/DMXFixtures/DMXFixtures.uplugin" 755
"../../../Engine/Plugins/VirtualProduction/DMX/DMXGDTF/DMXGDTF.uplugin" 756
"../../../Engine/Plugins/VirtualProduction/DMX/DMXPixelMapping/DMXPixelMapping.uplugin" 757
"../../../Engine/Plugins/VirtualProduction/DMX/DMXProtocol/DMXProtocol.uplugin" 758
"../../../Engine/Plugins/VirtualProduction/DMX/DMXModularFeatures/DMXModularFeatures.uplugin" 759
"../../../Engine/Plugins/VirtualProduction/CaptureManager/CaptureManagerEditor/CaptureManagerEditor.uplugin" 760
"../../../Engine/Plugins/Developer/Concert/ConcertApp/MultiUserServer/MultiUserServer.uplugin" 761
"../../../Engine/Plugins/Developer/Concert/ConcertApp/DisasterRecoveryClient/DisasterRecoveryClient.uplugin" 762
"../../../Engine/Plugins/Developer/Concert/ConcertApp/MultiUserClient/MultiUserClient.uplugin" 763
"../../../Engine/Plugins/Developer/Concert/ConcertUI/ConcertClientSharedSlate/ConcertClientSharedSlate.uplugin" 764
"../../../Engine/Plugins/Developer/Concert/ConcertUI/ConcertSharedSlate/ConcertSharedSlate.uplugin" 765
"../../../Engine/Plugins/Runtime/AR/AppleAR/AppleARKitFaceSupport/AppleARKitFaceSupport.uplugin" 766
"../../../Engine/Plugins/Experimental/Animation/MLDeformer/DetailPoseModel/DetailPoseModel.uplugin" 767
"../../../Engine/Plugins/Developer/Concert/ConcertInsights/ConcertInsightsClient/ConcertInsightsClient.uplugin" 768
"../../../Engine/Plugins/Runtime/AR/Google/GoogleARCore/GoogleARCore.uplugin" 769
"../../../Engine/Plugins/Developer/Concert/ConcertInsights/ConcertInsightsCore/ConcertInsightsCore.uplugin" 770
"../../../Engine/Plugins/Runtime/AR/Google/GoogleARCoreServices/GoogleARCoreServices.uplugin" 771
"../../../Engine/Plugins/Developer/Concert/ConcertInsights/ConcertInsightsServer/ConcertInsightsServer.uplugin" 772
"../../../Engine/Plugins/Developer/Concert/ConcertScripting/ConcertReplicationScripting/ConcertReplicationScripting.uplugin" 773
"../../../Engine/Plugins/Developer/Concert/ConcertSync/ConcertSyncCore/ConcertSyncCore.uplugin" 774
"../../../Engine/Plugins/Developer/Concert/ConcertSync/ConcertSyncServer/ConcertSyncServer.uplugin" 775
"../../../Engine/Plugins/Developer/Concert/ConcertSync/ConcertSyncTest/ConcertSyncTest.uplugin" 776
"../../../Engine/Plugins/Runtime/AR/AppleAR/AppleARKit/AppleARKit.uplugin" 777
"../../../Engine/Plugins/Developer/Concert/ConcertSync/ConcertSyncClient/ConcertSyncClient.uplugin" 778
"../../../Engine/Plugins/Developer/Concert/ConcertInsights/ConcertInsightsVisualizer/ConcertInsightsVisualizer.uplugin" 779
"../../../Engine/Plugins/Experimental/Animation/Optimus/Optimus.uplugin" 780
"../../../Engine/Plugins/VirtualProduction/DMX/DMXDisplayCluster/DMXDisplayCluster.uplugin" 781
"../../../Engine/Platforms/Android/Plugins/Animation/RigLogic/RigLogic_Android.uplugin" 782
"../../../Engine/Platforms/Android/Plugins/Animation/ACLPlugin/ACLPlugin_Android.uplugin" 783
"../../../Engine/Platforms/IOS/Plugins/Animation/RigLogic/RigLogic_IOS.uplugin" 784
"../../../Engine/Content/Internationalization/icudt64l/cnvalias.icu" 785
"../../../Engine/Content/Internationalization/icudt64l/res_index.res" 786
"../../../Engine/Content/Internationalization/icudt64l/plurals.res" 787
"../../../Engine/Content/Internationalization/icudt64l/lang/en.res" 788
"../../../Engine/Content/Internationalization/icudt64l/lang/pool.res" 789
"../../../Engine/Content/Internationalization/icudt64l/lang/root.res" 790
"../../../Engine/Content/Internationalization/icudt64l/region/en.res" 791
"../../../Engine/Content/Internationalization/icudt64l/region/pool.res" 792
"../../../Engine/Content/Internationalization/icudt64l/region/root.res" 793
"../../../Engine/Content/Internationalization/icudt64l/windowsZones.res" 794
"../../../Engine/Content/Internationalization/icudt64l/zoneinfo64.res" 795
"../../../Engine/Content/Internationalization/icudt64l/keyTypeData.res" 796
"../../../Engine/Content/Internationalization/icudt64l/timezoneTypes.res" 797
"../../../Engine/Content/Internationalization/icudt64l/likelySubtags.res" 798
"../../../Engine/Content/Internationalization/icudt64l/en_US.res" 799
"../../../Engine/Content/Internationalization/icudt64l/pool.res" 800
"../../../Engine/Content/Internationalization/icudt64l/en.res" 801
"../../../Engine/Content/Internationalization/icudt64l/root.res" 802
"../../../Engine/Content/Internationalization/icudt64l/supplementalData.res" 803
"../../../Engine/Config/ConfigRedirects.ini" 804
"C:/Users/Kiah/AppData/Local/UnrealEngine/5.7/Saved/Config/WindowsEditor/Manifest.ini" 805
"../../../Engine/Config/BaseEngine.ini" 806
"../../../Engine/Config/Windows/BaseWindowsEngine.ini" 807
"../../../../../../Users/Kiah/Documents/Unreal Projects/Nebula/Config/DefaultEngine.ini" 808
"C:/Users/Kiah/Documents/Unreal Projects/Nebula/Saved/Config/WindowsEditor/Engine.ini" 809
"../../../Engine/Config/BaseGame.ini" 810
"../../../../../../Users/Kiah/Documents/Unreal Projects/Nebula/Config/DefaultGame.ini" 811
"../../../Engine/Config/Windows/WindowsGame.ini" 812
"C:/Users/Kiah/Documents/Unreal Projects/Nebula/Saved/Config/WindowsEditor/Game.ini" 813
"../../../Engine/Config/BaseInput.ini" 814
"../../../Engine/Config/Windows/BaseWindowsInput.ini" 815
"../../../../../../Users/Kiah/Documents/Unreal Projects/Nebula/Config/DefaultInput.ini" 816
"../../../Engine/Config/Windows/WindowsInput.ini" 817
"C:/Users/Kiah/Documents/Unreal Projects/Nebula/Saved/Config/WindowsEditor/Input.ini" 818
"../../../Engine/Config/BaseDeviceProfiles.ini" 819
"../../../Engine/Config/BaseGameUserSettings.ini" 820
"C:/Users/Kiah/Documents/Unreal Projects/Nebula/Saved/Config/WindowsEditor/GameUserSettings.ini" 821
"../../../Engine/Config/BaseScalability.ini" 822
"../../../Engine/Config/BaseRuntimeOptions.ini" 823
"../../../Engine/Config/BaseInstallBundle.ini" 824
"../../../Engine/Config/BaseHardware.ini" 825
"../../../Engine/Config/BaseCompat.ini" 826
"../../../Engine/Config/BaseLightmass.ini" 827
"../../../Engine/Config/BaseEditor.ini" 828
"../../../../../../Users/Kiah/Documents/Unreal Projects/Nebula/Config/DefaultEditor.ini" 829
"C:/Users/Kiah/Documents/Unreal Projects/Nebula/Saved/Config/WindowsEditor/Editor.ini" 830
"../../../Engine/Config/BaseMaterialExpressions.ini" 831
"../../../Engine/Config/BaseEditorPerProjectUserSettings.ini" 832
"../../../Engine/Config/Windows/WindowsEditorPerProjectUserSettings.ini" 833
"C:/Users/Kiah/Documents/Unreal Projects/Nebula/Saved/Config/WindowsEditor/EditorPerProjectUserSettings.ini" 834
"../../../Engine/Config/BaseEditorSettings.ini" 835
"../../../Engine/Config/Windows/WindowsEditorSettings.ini" 836
"C:/Users/Kiah/AppData/Local/UnrealEngine/5.7/Saved/Config/WindowsEditor/EditorSettings.ini" 837
"../../../Engine/Config/BaseEditorKeyBindings.ini" 838
"C:/Users/Kiah/AppData/Local/UnrealEngine/5.7/Saved/Config/WindowsEditor/EditorLayout.ini" 839
"../../../Engine/Config/Linux/BaseLinuxEngine.ini" 840
"../../../Engine/Config/Unix/UnixEngine.ini" 841
"../../../Engine/Config/Linux/LinuxEngine.ini" 842
"../../../Engine/Config/Android/BaseAndroidEngine.ini" 843
"../../../Engine/Config/IOS/BaseIOSEngine.ini" 844
"../../../Engine/Config/Mac/BaseMacEngine.ini" 845
"../../../../../../Users/Kiah/Documents/Unreal Projects/Nebula/Binaries/Win64/Nebula.target" 846
"../../../../../../Users/Kiah/Documents/Unreal Projects/Nebula/Intermediate/CachedAssetRegistryDiscovery.bin" 847
"../../../../../../Users/Kiah/Documents/Unreal Projects/Nebula/Binaries/Win64/NebulaEditor.target" 848
"../../../Engine/Config/Android/AndroidEngine.ini" 849
"../../../Engine/Config/TVOS/TVOSEngine.ini" 850
"../../../Engine/Config/IOS/BaseIOSGame.ini" 851
"../../../Engine/Config/Mac/MacGame.ini" 852
"../../../Engine/Config/IOS/IOSGame.ini" 853
"../../../Engine/Config/Linux/LinuxGame.ini" 854
"../../../Engine/Config/Mac/BaseMacInput.ini" 855
"../../../Engine/Config/IOS/BaseIOSInput.ini" 856
"../../../Engine/Config/Android/BaseAndroidGame.ini" 857
"../../../Engine/Config/Android/BaseAndroidInput.ini" 858
"../../../Engine/Config/IOS/IOSScalability.ini" 859
"../../../Engine/Config/Android/AndroidScalability.ini" 860
"../../../Engine/Config/IOS/BaseIOSInstallBundle.ini" 861
"../../../Engine/Platforms/VisionOS/Config/BaseVisionOSEngine.ini" 862
"../../../Engine/Platforms/VisionOS/Config/VisionOSEngine.ini" 863
"../../../Engine/Config/Android/BaseAndroidInstallBundle.ini" 864
"../../../Engine/Config/PluginBase.ini" 865
"../../../Engine/Plugins/ChaosVD/Config/DefaultChaosVD.ini" 866
"../../../Engine/Plugins/EnhancedInput/Config/BaseEnhancedInput.ini" 867
"../../../Engine/Plugins/Fab/Config/BaseFab.ini" 868
"../../../Engine/Plugins/TraceUtilities/Config/BaseTraceUtilities.ini" 869
"../../../Engine/Plugins/Cameras/GameplayCameras/Config/BaseGameplayCameras.ini" 870
"../../../Engine/Plugins/Editor/EditorScriptingUtilities/Config/BaseEditorScriptingUtilities.ini" 871
"../../../Engine/Plugins/Experimental/FullBodyIK/Config/BaseFullBodyIK.ini" 872
"../../../Engine/Plugins/Experimental/ToolPresets/Config/BaseToolPresets.ini" 873
"../../../Engine/Plugins/Runtime/HairStrands/Config/BaseHairStrands.ini" 874
"../../../Engine/Plugins/Runtime/Metasound/Config/BaseMetasound.ini" 875
"../../../Engine/Plugins/Runtime/Metasound/Config/DefaultMetasound.ini" 876
"../../../Engine/Plugins/Runtime/PropertyBindingUtils/Config/BasePropertyBindingUtils.ini" 877
"../../../Engine/Plugins/Runtime/StateTree/Config/BaseStateTree.ini" 878
"../../../Engine/Plugins/Runtime/USDCore/Config/BaseUSDCore.ini" 879
"../../../Engine/Plugins/Animation/ControlRig/Config/BaseControlRig.ini" 880
"../../../Engine/Plugins/Animation/DeformerGraph/Config/BaseDeformerGraph.ini" 881
"../../../Engine/Plugins/Animation/IKRig/Config/BaseIKRig.ini" 882
"../../../Engine/Plugins/Animation/LiveLink/Config/BaseLiveLink.ini" 883
"../../../Engine/Plugins/Runtime/Synthesis/Config/BaseSynthesis.ini" 884
"../../../Engine/Plugins/Runtime/RigVM/Config/BaseRigVM.ini" 885
"../../../Engine/Plugins/Compositing/CompositeCore/Config/BaseCompositeCore.ini" 886
"../../../Engine/Plugins/Interchange/Runtime/Config/BaseInterchange.ini" 887
"../../../Engine/Plugins/Interchange/Assets/Config/BaseInterchangeAssets.ini" 888
"../../../Engine/Plugins/FX/Niagara/Config/BaseNiagara.ini" 889
"../../../../../../Users/Kiah/Documents/Unreal Projects/Nebula/Config/DefaultNiagara.ini" 890
"C:/Users/Kiah/Documents/Unreal Projects/Nebula/Saved/Config/WindowsEditor/Niagara.ini" 891
"../../../Engine/Plugins/MetaHuman/MetaHumanSDK/Config/BaseMetaHumanSDK.ini" 892
"../../../Engine/Plugins/2D/Paper2D/Config/BasePaper2D.ini" 893
"../../../Engine/Plugins/Enterprise/DatasmithContent/Config/BaseDatasmithContent.ini" 894
"../../../Engine/Plugins/Enterprise/VariantManagerContent/Config/BaseVariantManagerContent.ini" 895
"../../../Engine/Plugins/Enterprise/GLTFExporter/Config/BaseGLTFExporter.ini" 896
"../../../Engine/Plugins/Enterprise/GLTFExporter/Config/DefaultGLTFExporter.ini" 897
"../../../Engine/Plugins/VirtualProduction/Takes/Config/BaseTakes.ini" 898
"../../../Engine/Plugins/Developer/Concert/ConcertSync/ConcertSyncCore/Config/BaseConcertSyncCore.ini" 899
"../../../Engine/Plugins/ChaosVD/Config/Engine.ini" 900
"../../../Engine/Plugins/EnhancedInput/Config/Input.ini" 901
"../../../Engine/Plugins/Runtime/InputDebugging/Config/Input.ini" 902
"../../../Engine/Plugins/Runtime/Windows/XInputDevice/Config/Input.ini" 903
"../../../Engine/Plugins/Runtime/RigVM/Config/Editor.ini" 904
"../../../Engine/Plugins/Online/OnlineSubsystemUtils/Config/Editor.ini" 905
"../../../Engine/Plugins/NNE/NNEDenoiser/Config/Game.ini" 906
"../../../Engine/Plugins/Editor/ModelingToolsEditorMode/Binaries/Win64/UnrealEditor.modules" 907
"../../../Engine/Plugins/Runtime/MeshModelingToolset/Binaries/Win64/UnrealEditor.modules" 908
"../../../Engine/Plugins/Experimental/MeshModelingToolsetExp/Binaries/Win64/UnrealEditor.modules" 909
"../../../Engine/Plugins/Editor/MeshLODToolset/Binaries/Win64/UnrealEditor.modules" 910
"../../../Engine/Plugins/Experimental/ToolPresets/Binaries/Win64/UnrealEditor.modules" 911
"../../../Engine/Plugins/Editor/StylusInput/Binaries/Win64/UnrealEditor.modules" 912
"../../../Engine/Plugins/Runtime/GeometryProcessing/Binaries/Win64/UnrealEditor.modules" 913
"../../../Engine/Plugins/Editor/ProxyLODPlugin/Binaries/Win64/UnrealEditor.modules" 914
"../../../Engine/Plugins/Experimental/PlanarCutPlugin/Binaries/Win64/UnrealEditor.modules" 915
"../../../Engine/Plugins/Runtime/GeometryCache/Binaries/Win64/UnrealEditor.modules" 916
"../../../Engine/Plugins/Experimental/GeometryFlow/Binaries/Win64/UnrealEditor.modules" 917
"../../../Engine/Plugins/Editor/EditorScriptingUtilities/Binaries/Win64/UnrealEditor.modules" 918
"../../../Engine/Plugins/FX/Niagara/Binaries/Win64/UnrealEditor.modules" 919
"../../../Engine/Plugins/Experimental/PythonScriptPlugin/Binaries/Win64/UnrealEditor.modules" 920
"../../../Engine/Plugins/Editor/ContentBrowser/ContentBrowserFileDataSource/Binaries/Win64/UnrealEditor.modules" 921
"../../../Engine/Plugins/Online/OnlineSubsystemSteam/Binaries/Win64/UnrealEditor.modules" 922
"../../../Engine/Plugins/Online/OnlineSubsystem/Binaries/Win64/UnrealEditor.modules" 923
"../../../Engine/Plugins/Online/OnlineSubsystemUtils/Binaries/Win64/UnrealEditor.modules" 924
"../../../Engine/Plugins/Runtime/Steam/SteamShared/Binaries/Win64/UnrealEditor.modules" 925
"../../../Engine/Plugins/Online/OnlineBase/Binaries/Win64/UnrealEditor.modules" 926
"../../../Engine/Plugins/Online/OnlineServices/Binaries/Win64/UnrealEditor.modules" 927
"../../../Engine/Plugins/Runtime/HDRIBackdrop/Binaries/Win64/UnrealEditor.modules" 928
"../../../Engine/Plugins/AudioInsights/Binaries/Win64/UnrealEditor.modules" 929
"../../../Engine/Plugins/Runtime/AudioWidgets/Binaries/Win64/UnrealEditor.modules" 930
"../../../Engine/Plugins/Runtime/AudioSynesthesia/Binaries/Win64/UnrealEditor.modules" 931
"../../../Engine/Plugins/Bridge/Binaries/Win64/UnrealEditor.modules" 932
"../../../Engine/Plugins/MetaHuman/MetaHumanSDK/Binaries/Win64/UnrealEditor.modules" 933
"../../../Engine/Plugins/Animation/ControlRig/Binaries/Win64/UnrealEditor.modules" 934
"../../../Engine/Plugins/Runtime/HairStrands/Binaries/Win64/UnrealEditor.modules" 935
"../../../Engine/Plugins/Animation/RigLogic/Binaries/Win64/UnrealEditor.modules" 936
"../../../Engine/Plugins/Interchange/Runtime/Binaries/Win64/UnrealEditor.modules" 937
"../../../Engine/Plugins/Online/EOSShared/Binaries/Win64/UnrealEditor.modules" 938
"../../../Engine/Plugins/Runtime/RigVM/Binaries/Win64/UnrealEditor.modules" 939
"../../../Engine/Plugins/MovieScene/LevelSequenceEditor/Binaries/Win64/UnrealEditor.modules" 940
"../../../Engine/Plugins/Runtime/PropertyAccess/Binaries/Win64/UnrealEditor.modules" 941
"../../../Engine/Plugins/MovieScene/SequencerScripting/Binaries/Win64/UnrealEditor.modules" 942
"../../../Engine/Plugins/Animation/TweeningUtils/Binaries/Win64/UnrealEditor.modules" 943
"../../../Engine/Plugins/Animation/DeformerGraph/Binaries/Win64/UnrealEditor.modules" 944
"../../../Engine/Plugins/Experimental/Dataflow/Binaries/Win64/UnrealEditor.modules" 945
"../../../Engine/Plugins/Runtime/ComputeFramework/Binaries/Win64/UnrealEditor.modules" 946
"../../../Engine/Plugins/Enterprise/VariantManagerContent/Binaries/Win64/UnrealEditor.modules" 947
"../../../Engine/Plugins/Enterprise/VariantManager/Binaries/Win64/UnrealEditor.modules" 948
"../../../Engine/Plugins/Interchange/Assets/Binaries/Win64/UnrealEditor.modules" 949
"../../../Engine/Plugins/Experimental/CharacterFXEditor/BaseCharacterFXEditor/Binaries/Win64/UnrealEditor.modules" 950
"../../../Engine/Plugins/Runtime/ProceduralMeshComponent/Binaries/Win64/UnrealEditor.modules" 951
"../../../Engine/Plugins/Experimental/ChaosCaching/Binaries/Win64/UnrealEditor.modules" 952
"../../../Engine/Plugins/Experimental/EditorDataStorage/Binaries/Win64/UnrealEditor.modules" 953
"../../../Engine/Plugins/Experimental/EditorDataStorageFeatures/Binaries/Win64/UnrealEditor.modules" 954
"../../../Engine/Plugins/Animation/SkeletalMeshModelingTools/Binaries/Win64/UnrealEditor.modules" 955
"../../../Engine/Plugins/VirtualProduction/Takes/Binaries/Win64/UnrealEditor.modules" 956
"../../../Engine/Plugins/Runtime/AudioCapture/Binaries/Win64/UnrealEditor.modules" 957
"../../../Engine/Plugins/Developer/NamingTokens/Binaries/Win64/UnrealEditor.modules" 958
"../../../Engine/Plugins/Editor/EngineAssetDefinitions/Binaries/Win64/UnrealEditor.modules" 959
"../../../Engine/Plugins/ChaosCloth/Binaries/Win64/UnrealEditor.modules" 960
"../../../Engine/Plugins/ChaosInsights/Binaries/Win64/UnrealEditor.modules" 961
"../../../Engine/Plugins/ChaosVD/Binaries/Win64/UnrealEditor.modules" 962
"../../../Engine/Plugins/CmdLinkServer/Binaries/Win64/UnrealEditor.modules" 963
"../../../Engine/Plugins/EnhancedInput/Binaries/Win64/UnrealEditor.modules" 964
"../../../Engine/Plugins/Editor/DataValidation/Binaries/Win64/UnrealEditor.modules" 965
"../../../Engine/Plugins/Fab/Binaries/Win64/UnrealEditor.modules" 966
"../../../Engine/Plugins/IoStoreInsights/Binaries/Win64/UnrealEditor.modules" 967
"../../../Engine/Plugins/MassInsights/Binaries/Win64/UnrealEditor.modules" 968
"../../../Engine/Plugins/MeshPainting/Binaries/Win64/UnrealEditor.modules" 969
"../../../Engine/Plugins/Interchange/Editor/Binaries/Win64/UnrealEditor.modules" 970
"../../../Engine/Plugins/RenderGraphInsights/Binaries/Win64/UnrealEditor.modules" 971
"../../../Engine/Plugins/UbaController/Binaries/Win64/UnrealEditor.modules" 972
"../../../Engine/Plugins/TraceUtilities/Binaries/Win64/UnrealEditor.modules" 973
"../../../Engine/Plugins/WorldMetrics/Binaries/Win64/UnrealEditor.modules" 974
"../../../Engine/Plugins/XGEController/Binaries/Win64/UnrealEditor.modules" 975
"../../../Engine/Plugins/AI/AISupport/Binaries/Win64/UnrealEditor.modules" 976
"../../../Engine/Plugins/AI/EnvironmentQueryEditor/Binaries/Win64/UnrealEditor.modules" 977
"../../../Engine/Plugins/Cameras/CameraShakePreviewer/Binaries/Win64/UnrealEditor.modules" 978
"../../../Engine/Plugins/Cameras/GameplayCameras/Binaries/Win64/UnrealEditor.modules" 979
"../../../Engine/Plugins/Runtime/StateTree/Binaries/Win64/UnrealEditor.modules" 980
"../../../Engine/Plugins/MovieScene/TemplateSequence/Binaries/Win64/UnrealEditor.modules" 981
"../../../Engine/Plugins/Animation/GameplayInsights/Binaries/Win64/UnrealEditor.modules" 982
"../../../Engine/Plugins/Runtime/PropertyBindingUtils/Binaries/Win64/UnrealEditor.modules" 983
"../../../Engine/Plugins/Cameras/EngineCameras/Binaries/Win64/UnrealEditor.modules" 984
"../../../Engine/Plugins/Compression/OodleNetwork/Binaries/Win64/UnrealEditor.modules" 985
"../../../Engine/Plugins/Editor/AssetManagerEditor/Binaries/Win64/UnrealEditor.modules" 986
"../../../Engine/Plugins/Editor/ContentBrowser/ContentBrowserAssetDataSource/Binaries/Win64/UnrealEditor.modules" 987
"../../../Engine/Plugins/Editor/BlueprintHeaderView/Binaries/Win64/UnrealEditor.modules" 988
"../../../Engine/Plugins/Editor/ColorGrading/Binaries/Win64/UnrealEditor.modules" 989
"../../../Engine/Plugins/Editor/ObjectMixer/ObjectMixer/Binaries/Win64/UnrealEditor.modules" 990
"../../../Engine/Plugins/Editor/ChangelistReview/Binaries/Win64/UnrealEditor.modules" 991
"../../../Engine/Plugins/Editor/CryptoKeys/Binaries/Win64/UnrealEditor.modules" 992
"../../../Engine/Plugins/Editor/CurveEditorTools/Binaries/Win64/UnrealEditor.modules" 993
"../../../Engine/Plugins/Editor/EditorDebugTools/Binaries/Win64/UnrealEditor.modules" 994
"../../../Engine/Plugins/Editor/FacialAnimation/Binaries/Win64/UnrealEditor.modules" 995
"../../../Engine/Plugins/Editor/GeometryMode/Binaries/Win64/UnrealEditor.modules" 996
"../../../Engine/Plugins/Editor/GameplayTagsEditor/Binaries/Win64/UnrealEditor.modules" 997
"../../../Engine/Plugins/Editor/MobileLauncherProfileWizard/Binaries/Win64/UnrealEditor.modules" 998
"../../../Engine/Plugins/Editor/MaterialAnalyzer/Binaries/Win64/UnrealEditor.modules" 999
"../../../Engine/Plugins/Editor/PluginBrowser/Binaries/Win64/UnrealEditor.modules" 1000
"../../../Engine/Plugins/Developer/PluginUtils/Binaries/Win64/UnrealEditor.modules" 1001
"../../../Engine/Plugins/Editor/SequencerAnimTools/Binaries/Win64/UnrealEditor.modules" 1002
"../../../Engine/Plugins/Editor/SpeedTreeImporter/Binaries/Win64/UnrealEditor.modules" 1003
"../../../Engine/Plugins/Editor/UMGWidgetPreview/Binaries/Win64/UnrealEditor.modules" 1004
"../../../Engine/Plugins/Editor/UVEditor/Binaries/Win64/UnrealEditor.modules" 1005
"../../../Engine/Plugins/Editor/WorldPartitionHLODUtilities/Binaries/Win64/UnrealEditor.modules" 1006
"../../../Engine/Plugins/Experimental/AdvancedRenamer/Binaries/Win64/UnrealEditor.modules" 1007
"../../../Engine/Plugins/Experimental/AutomationUtils/Binaries/Win64/UnrealEditor.modules" 1008
"../../../Engine/Plugins/Experimental/BackChannel/Binaries/Win64/UnrealEditor.modules" 1009
"../../../Engine/Plugins/Experimental/ChaosEditor/Binaries/Win64/UnrealEditor.modules" 1010
"../../../Engine/Plugins/Experimental/GeometryCollectionPlugin/Binaries/Win64/UnrealEditor.modules" 1011
"../../../Engine/Plugins/Experimental/Fracture/Binaries/Win64/UnrealEditor.modules" 1012
"../../../Engine/Plugins/Experimental/ChaosSolverPlugin/Binaries/Win64/UnrealEditor.modules" 1013
"../../../Engine/Plugins/Experimental/GeometryDataflow/Binaries/Win64/UnrealEditor.modules" 1014
"../../../Engine/Plugins/Experimental/ChaosNiagara/Binaries/Win64/UnrealEditor.modules" 1015
"../../../Engine/Plugins/Experimental/ChaosUserDataPT/Binaries/Win64/UnrealEditor.modules" 1016
"../../../Engine/Plugins/Experimental/CharacterAI/Binaries/Win64/UnrealEditor.modules" 1017
"../../../Engine/Plugins/Experimental/EditorPerformance/Binaries/Win64/UnrealEditor.modules" 1018
"../../../Engine/Plugins/Experimental/EditorTelemetry/Binaries/Win64/UnrealEditor.modules" 1019
"../../../Engine/Plugins/Experimental/GlobalConfigurationData/Binaries/Win64/UnrealEditor.modules" 1020
"../../../Engine/Plugins/Experimental/LevelSequenceNavigatorBridge/Binaries/Win64/UnrealEditor.modules" 1021
"../../../Engine/Plugins/Experimental/SequenceNavigator/Binaries/Win64/UnrealEditor.modules" 1022
"../../../Engine/Plugins/Experimental/LocalizableMessage/Binaries/Win64/UnrealEditor.modules" 1023
"../../../Engine/Plugins/Experimental/NFORDenoise/Binaries/Win64/UnrealEditor.modules" 1024
"../../../Engine/Plugins/Experimental/PlatformCrypto/Binaries/Win64/UnrealEditor.modules" 1025
"../../../Engine/Plugins/Experimental/RuntimeTelemetry/Binaries/Win64/UnrealEditor.modules" 1026
"../../../Engine/Plugins/Experimental/SkeletalReduction/Binaries/Win64/UnrealEditor.modules" 1027
"../../../Engine/Plugins/Messaging/TcpMessaging/Binaries/Win64/UnrealEditor.modules" 1028
"../../../Engine/Plugins/Messaging/UdpMessaging/Binaries/Win64/UnrealEditor.modules" 1029
"../../../Engine/Plugins/Runtime/ActorLayerUtilities/Binaries/Win64/UnrealEditor.modules" 1030
"../../../Engine/Plugins/Runtime/AndroidFileServer/Binaries/Win64/UnrealEditor.modules" 1031
"../../../Engine/Plugins/Runtime/AndroidDeviceProfileSelector/Binaries/Win64/UnrealEditor.modules" 1032
"../../../Engine/Plugins/Runtime/AndroidPermission/Binaries/Win64/UnrealEditor.modules" 1033
"../../../Engine/Plugins/Runtime/AppleImageUtils/Binaries/Win64/UnrealEditor.modules" 1034
"../../../Engine/Plugins/Runtime/ArchVisCharacter/Binaries/Win64/UnrealEditor.modules" 1035
"../../../Engine/Plugins/Runtime/AssetTags/Binaries/Win64/UnrealEditor.modules" 1036
"../../../Engine/Plugins/Runtime/CableComponent/Binaries/Win64/UnrealEditor.modules" 1037
"../../../Engine/Plugins/Runtime/ChunkDownloader/Binaries/Win64/UnrealEditor.modules" 1038
"../../../Engine/Plugins/Runtime/CustomMeshComponent/Binaries/Win64/UnrealEditor.modules" 1039
"../../../Engine/Plugins/Runtime/ExampleDeviceProfileSelector/Binaries/Win64/UnrealEditor.modules" 1040
"../../../Engine/Plugins/Runtime/InputDebugging/Binaries/Win64/UnrealEditor.modules" 1041
"../../../Engine/Plugins/Runtime/GooglePAD/Binaries/Win64/UnrealEditor.modules" 1042
"../../../Engine/Plugins/Runtime/LocationServicesBPLibrary/Binaries/Win64/UnrealEditor.modules" 1043
"../../../Engine/Plugins/Runtime/MobilePatchingUtils/Binaries/Win64/UnrealEditor.modules" 1044
"../../../Engine/Plugins/Runtime/Metasound/Binaries/Win64/UnrealEditor.modules" 1045
"../../../Engine/Plugins/Runtime/WaveTable/Binaries/Win64/UnrealEditor.modules" 1046
"../../../Engine/Plugins/Runtime/MsQuic/Binaries/Win64/UnrealEditor.modules" 1047
"../../../Engine/Plugins/Runtime/SoundFields/Binaries/Win64/UnrealEditor.modules" 1048
"../../../Engine/Plugins/Runtime/ResonanceAudio/Binaries/Win64/UnrealEditor.modules" 1049
"../../../Engine/Plugins/Runtime/WebMMoviePlayer/Binaries/Win64/UnrealEditor.modules" 1050
"../../../Engine/Plugins/Media/WebMMedia/Binaries/Win64/UnrealEditor.modules" 1051
"../../../Engine/Plugins/Runtime/WindowsDeviceProfileSelector/Binaries/Win64/UnrealEditor.modules" 1052
"../../../Engine/Plugins/Runtime/WindowsMoviePlayer/Binaries/Win64/UnrealEditor.modules" 1053
"../../../Engine/Plugins/Animation/ACLPlugin/Binaries/Win64/UnrealEditor.modules" 1054
"../../../Engine/Plugins/Animation/AnimationData/Binaries/Win64/UnrealEditor.modules" 1055
"../../../Engine/Plugins/Animation/AnimationModifierLibrary/Binaries/Win64/UnrealEditor.modules" 1056
"../../../Engine/Plugins/Animation/BlendSpaceMotionAnalysis/Binaries/Win64/UnrealEditor.modules" 1057
"../../../Engine/Plugins/Animation/ControlRigSpline/Binaries/Win64/UnrealEditor.modules" 1058
"../../../Engine/Plugins/Animation/EaseCurveTool/Binaries/Win64/UnrealEditor.modules" 1059
"../../../Engine/Plugins/Animation/IKRig/Binaries/Win64/UnrealEditor.modules" 1060
"../../../Engine/Plugins/Experimental/FullBodyIK/Binaries/Win64/UnrealEditor.modules" 1061
"../../../Engine/Plugins/Runtime/Synthesis/Binaries/Win64/UnrealEditor.modules" 1062
"../../../Engine/Plugins/FX/Cascade/Binaries/Win64/UnrealEditor.modules" 1063
"../../../Engine/Plugins/FX/NiagaraPreviewContent/Binaries/Win64/UnrealEditor.modules" 1064
"../../../Engine/Plugins/FX/NiagaraSimCaching/Binaries/Win64/UnrealEditor.modules" 1065
"../../../Engine/Plugins/Marketplace/FabLauncher/Binaries/Win64/UnrealEditor.modules" 1066
"../../../Engine/Plugins/Importers/USDImporter/Binaries/Win64/UnrealEditor.modules" 1067
"../../../Engine/Plugins/Importers/AlembicImporter/Binaries/Win64/UnrealEditor.modules" 1068
"../../../Engine/Plugins/Runtime/USDCore/Binaries/Win64/UnrealEditor.modules" 1069
"../../../Engine/Plugins/Runtime/Analytics/AnalyticsBlueprintLibrary/Binaries/Win64/UnrealEditor.modules" 1070
"../../../Engine/Plugins/Animation/LiveLink/Binaries/Win64/UnrealEditor.modules" 1071
"../../../Engine/Plugins/Developer/Concert/ConcertSync/ConcertSyncClient/Binaries/Win64/UnrealEditor.modules" 1072
"../../../Engine/Plugins/Developer/Concert/ConcertSync/ConcertSyncCore/Binaries/Win64/UnrealEditor.modules" 1073
"../../../Engine/Plugins/Developer/Concert/ConcertMain/Binaries/Win64/UnrealEditor.modules" 1074
"../../../Engine/Plugins/Runtime/Database/SQLiteCore/Binaries/Win64/UnrealEditor.modules" 1075
"../../../Engine/Plugins/Media/AndroidMedia/Binaries/Win64/UnrealEditor.modules" 1076
"../../../Engine/Plugins/Media/AvfMedia/Binaries/Win64/UnrealEditor.modules" 1077
"../../../Engine/Plugins/Media/ImgMedia/Binaries/Win64/UnrealEditor.modules" 1078
"../../../Engine/Plugins/Media/MediaPlayerEditor/Binaries/Win64/UnrealEditor.modules" 1079
"../../../Engine/Plugins/Media/MediaCompositing/Binaries/Win64/UnrealEditor.modules" 1080
"../../../Engine/Plugins/Media/MediaPlate/Binaries/Win64/UnrealEditor.modules" 1081
"../../../Engine/Plugins/Compositing/CompositeCore/Binaries/Win64/UnrealEditor.modules" 1082
"../../../Engine/Plugins/Media/WmfMedia/Binaries/Win64/UnrealEditor.modules" 1083
"../../../Engine/Plugins/NNE/NNEDenoiser/Binaries/Win64/UnrealEditor.modules" 1084
"../../../Engine/Plugins/NNE/NNERuntimeORT/Binaries/Win64/UnrealEditor.modules" 1085
"../../../Engine/Plugins/Portal/LauncherChunkInstaller/Binaries/Win64/UnrealEditor.modules" 1086
"../../../Engine/Plugins/Tests/InterchangeTests/Binaries/Win64/UnrealEditor.modules" 1087
"../../../Engine/Plugins/Developer/AnimationSharing/Binaries/Win64/UnrealEditor.modules" 1088
"../../../Engine/Plugins/Runtime/SignificanceManager/Binaries/Win64/UnrealEditor.modules" 1089
"../../../Engine/Plugins/2D/Paper2D/Binaries/Win64/UnrealEditor.modules" 1090
"../../../Engine/Plugins/Developer/DumpGPUServices/Binaries/Win64/UnrealEditor.modules" 1091
"../../../Engine/Plugins/Developer/GPUReshape/Binaries/Win64/UnrealEditor.modules" 1092
"../../../Engine/Plugins/Developer/GitSourceControl/Binaries/Win64/UnrealEditor.modules" 1093
"../../../Engine/Plugins/Developer/N10XSourceCodeAccess/Binaries/Win64/UnrealEditor.modules" 1094
"../../../Engine/Plugins/Developer/PerforceSourceControl/Binaries/Win64/UnrealEditor.modules" 1095
"../../../Engine/Plugins/Developer/PlasticSourceControl/Binaries/Win64/UnrealEditor.modules" 1096
"../../../Engine/Plugins/Developer/PixWinPlugin/Binaries/Win64/UnrealEditor.modules" 1097
"../../../Engine/Plugins/Developer/ProjectLauncher/Binaries/Win64/UnrealEditor.modules" 1098
"../../../Engine/Plugins/Developer/PropertyAccessNode/Binaries/Win64/UnrealEditor.modules" 1099
"../../../Engine/Plugins/Developer/RenderDocPlugin/Binaries/Win64/UnrealEditor.modules" 1100
"../../../Engine/Plugins/Developer/RiderSourceCodeAccess/Binaries/Win64/UnrealEditor.modules" 1101
"../../../Engine/Plugins/Developer/SubversionSourceControl/Binaries/Win64/UnrealEditor.modules" 1102
"../../../Engine/Plugins/Developer/TextureFormatOodle/Binaries/Win64/UnrealEditor.modules" 1103
"../../../Engine/Plugins/Developer/CLionSourceCodeAccess/Binaries/Win64/UnrealEditor.modules" 1104
"../../../Engine/Plugins/Developer/UObjectPlugin/Binaries/Win64/UnrealEditor.modules" 1105
"../../../Engine/Plugins/Developer/VisualStudioSourceCodeAccess/Binaries/Win64/UnrealEditor.modules" 1106
"../../../Engine/Plugins/Developer/VisualStudioCodeSourceCodeAccess/Binaries/Win64/UnrealEditor.modules" 1107
"../../../Engine/Plugins/Enterprise/DatasmithContent/Binaries/Win64/UnrealEditor.modules" 1108
"../../../Engine/Plugins/Enterprise/GLTFExporter/Binaries/Win64/UnrealEditor.modules" 1109
"../../../Engine/Plugins/MovieScene/ActorSequence/Binaries/Win64/UnrealEditor.modules" 1110
"../../../Engine/Plugins/MovieScene/SequenceValidator/Binaries/Win64/UnrealEditor.modules" 1111
"../../../Engine/Plugins/Online/OnlineSubsystemNull/Binaries/Win64/UnrealEditor.modules" 1112
"../../../Engine/Plugins/Editor/ObjectMixer/LightMixer/Binaries/Win64/UnrealEditor.modules" 1113
"../../../Engine/Plugins/Editor/ContentBrowser/ContentBrowserClassDataSource/Binaries/Win64/UnrealEditor.modules" 1114
"../../../Engine/Plugins/Runtime/Windows/XInputDevice/Binaries/Win64/UnrealEditor.modules" 1115
"../../../Engine/Plugins/Marketplace/Developer/RiderLink/Binaries/Win64/UnrealEditor.modules" 1116
"../../../Engine/Plugins/Editor/Localization/PortableObjectFileDataSource/Binaries/Win64/UnrealEditor.modules" 1117
"../../../Engine/Config/BaseSourceControlSettings.ini" 1118
"../../../Engine/Content/Internationalization/icudt64l/coll/ucadata.icu" 1119
"../../../Engine/Content/Internationalization/icudt64l/coll/en_US.res" 1120
"../../../Engine/Content/Internationalization/icudt64l/coll/en.res" 1121
"../../../Engine/Content/Internationalization/icudt64l/coll/root.res" 1122
"../../../Engine/Content/Certificates/ThirdParty/cacert.pem" 1123
"../../../Engine/Config/ConsoleVariables.ini" 1124
"../../../Engine/Binaries/Win64/Android/UnrealEditor.modules" 1125
"../../../Engine/Binaries/Win64/IOS/UnrealEditor.modules" 1126
"../../../Engine/Binaries/Win64/Linux/UnrealEditor.modules" 1127
"../../../Engine/Content/Localization/Editor/en/Editor.locres" 1128
"../../../Engine/Content/Localization/Keywords/en/Keywords.locres" 1129
"../../../Engine/Content/Localization/Category/en/Category.locres" 1130
"../../../Engine/Content/Localization/ToolTips/en/ToolTips.locres" 1131
"../../../Engine/Content/Localization/PropertyNames/en/PropertyNames.locres" 1132
"../../../Engine/Content/Localization/Engine/en/Engine.locres" 1133
"../../../Engine/Plugins/MetaHuman/MetaHumanSDK/Content/Localization/MetaHumanSDK/en/MetaHumanSDK.locres" 1134
"../../../Engine/Plugins/MetaHuman/MetaHumanSDK/Content/Localization/MetaHumanSDK_Properties/en/MetaHumanSDK_Properties.locres" 1135
"../../../Engine/Plugins/MetaHuman/MetaHumanSDK/Content/Localization/MetaHumanSDK_Tooltips/en/MetaHumanSDK_Tooltips.locres" 1136
"../../../Engine/Plugins/Online/OnlineSubsystem/Content/Localization/OnlineSubsystem/en/OnlineSubsystem.locres" 1137
"../../../Engine/Plugins/Online/OnlineSubsystemSteam/Content/Localization/OnlineSubsystemSteam/en/OnlineSubsystemSteam.locres" 1138
"../../../Engine/Plugins/Online/OnlineSubsystemUtils/Content/Localization/OnlineSubsystemUtils/en/OnlineSubsystemUtils.locres" 1139
"../../../Engine/Plugins/Online/Android/OnlineSubsystemGooglePlay/Content/Localization/OnlineSubsystemGooglePlay/en/OnlineSubsystemGooglePlay.locres" 1140
"../../../Engine/Plugins/Online/IOS/OnlineSubsystemIOS/Content/Localization/OnlineSubsystemIOS/en/OnlineSubsystemIOS.locres" 1141
"../../../Engine/Content/Internationalization/icudt64l/numberingSystems.res" 1142
"../../../Engine/Content/Internationalization/icudt64l/curr/supplementalData.res" 1143
"../../../Engine/Content/Internationalization/icudt64l/curr/en.res" 1144
"../../../Engine/Content/Internationalization/icudt64l/curr/pool.res" 1145
"../../../Engine/Content/Internationalization/icudt64l/curr/root.res" 1146
"../../../Engine/Content/Internationalization/icudt64l/lang/af.res" 1147
"../../../Engine/Content/Internationalization/icudt64l/region/af.res" 1148
"../../../Engine/Content/Internationalization/icudt64l/lang/agq.res" 1149
"../../../Engine/Content/Internationalization/icudt64l/region/agq.res" 1150
"../../../Engine/Content/Internationalization/icudt64l/lang/ak.res" 1151
"../../../Engine/Content/Internationalization/icudt64l/region/ak.res" 1152
"../../../Engine/Content/Internationalization/icudt64l/lang/am.res" 1153
"../../../Engine/Content/Internationalization/icudt64l/region/am.res" 1154
"../../../Engine/Content/Internationalization/icudt64l/lang/ar.res" 1155
"../../../Engine/Content/Internationalization/icudt64l/region/ar.res" 1156
"../../../Engine/Content/Internationalization/icudt64l/region/ar_AE.res" 1157
"../../../Engine/Content/Internationalization/icudt64l/lang/ar_EG.res" 1158
"../../../Engine/Content/Internationalization/icudt64l/lang/ar_LY.res" 1159
"../../../Engine/Content/Internationalization/icudt64l/region/ar_LY.res" 1160
"../../../Engine/Content/Internationalization/icudt64l/lang/ar_SA.res" 1161
"../../../Engine/Content/Internationalization/icudt64l/region/ar_SA.res" 1162
"../../../Engine/Content/Internationalization/icudt64l/lang/as.res" 1163
"../../../Engine/Content/Internationalization/icudt64l/region/as.res" 1164
"../../../Engine/Content/Internationalization/icudt64l/lang/asa.res" 1165
"../../../Engine/Content/Internationalization/icudt64l/region/asa.res" 1166
"../../../Engine/Content/Internationalization/icudt64l/lang/ast.res" 1167
"../../../Engine/Content/Internationalization/icudt64l/region/ast.res" 1168
"../../../Engine/Content/Internationalization/icudt64l/lang/az.res" 1169
"../../../Engine/Content/Internationalization/icudt64l/lang/az_Cyrl.res" 1170
"../../../Engine/Content/Internationalization/icudt64l/lang/az_AZ.res" 1171
"../../../Engine/Content/Internationalization/icudt64l/lang/az_Latn_AZ.res" 1172
"../../../Engine/Content/Internationalization/icudt64l/lang/az_Latn.res" 1173
"../../../Engine/Content/Internationalization/icudt64l/region/az_AZ.res" 1174
"../../../Engine/Content/Internationalization/icudt64l/region/az_Latn_AZ.res" 1175
"../../../Engine/Content/Internationalization/icudt64l/region/az_Latn.res" 1176
"../../../Engine/Content/Internationalization/icudt64l/region/az.res" 1177
"../../../Engine/Content/Internationalization/icudt64l/region/az_Cyrl.res" 1178
"../../../Engine/Content/Internationalization/icudt64l/lang/bas.res" 1179
"../../../Engine/Content/Internationalization/icudt64l/region/bas.res" 1180
"../../../Engine/Content/Internationalization/icudt64l/lang/be.res" 1181
"../../../Engine/Content/Internationalization/icudt64l/region/be.res" 1182
"../../../Engine/Content/Internationalization/icudt64l/lang/bem.res" 1183
"../../../Engine/Content/Internationalization/icudt64l/region/bem.res" 1184
"../../../Engine/Content/Internationalization/icudt64l/lang/bez.res" 1185
"../../../Engine/Content/Internationalization/icudt64l/region/bez.res" 1186
"../../../Engine/Content/Internationalization/icudt64l/lang/bg.res" 1187
"../../../Engine/Content/Internationalization/icudt64l/region/bg.res" 1188
"../../../Engine/Content/Internationalization/icudt64l/lang/bm.res" 1189
"../../../Engine/Content/Internationalization/icudt64l/region/bm.res" 1190
"../../../Engine/Content/Internationalization/icudt64l/lang/bn.res" 1191
"../../../Engine/Content/Internationalization/icudt64l/region/bn.res" 1192
"../../../Engine/Content/Internationalization/icudt64l/lang/bn_IN.res" 1193
"../../../Engine/Content/Internationalization/icudt64l/region/bn_IN.res" 1194
"../../../Engine/Content/Internationalization/icudt64l/lang/bo.res" 1195
"../../../Engine/Content/Internationalization/icudt64l/region/bo.res" 1196
"../../../Engine/Content/Internationalization/icudt64l/region/bo_IN.res" 1197
"../../../Engine/Content/Internationalization/icudt64l/lang/br.res" 1198
"../../../Engine/Content/Internationalization/icudt64l/region/br.res" 1199
"../../../Engine/Content/Internationalization/icudt64l/lang/brx.res" 1200
"../../../Engine/Content/Internationalization/icudt64l/region/brx.res" 1201
"../../../Engine/Content/Internationalization/icudt64l/lang/bs.res" 1202
"../../../Engine/Content/Internationalization/icudt64l/lang/bs_Cyrl.res" 1203
"../../../Engine/Content/Internationalization/icudt64l/lang/bs_BA.res" 1204
"../../../Engine/Content/Internationalization/icudt64l/lang/bs_Latn_BA.res" 1205
"../../../Engine/Content/Internationalization/icudt64l/lang/bs_Latn.res" 1206
"../../../Engine/Content/Internationalization/icudt64l/region/bs_BA.res" 1207
"../../../Engine/Content/Internationalization/icudt64l/region/bs_Latn_BA.res" 1208
"../../../Engine/Content/Internationalization/icudt64l/region/bs_Latn.res" 1209
"../../../Engine/Content/Internationalization/icudt64l/region/bs.res" 1210
"../../../Engine/Content/Internationalization/icudt64l/region/bs_Cyrl.res" 1211
"../../../Engine/Content/Internationalization/icudt64l/lang/ca.res" 1212
"../../../Engine/Content/Internationalization/icudt64l/region/ca.res" 1213
"../../../Engine/Content/Internationalization/icudt64l/lang/ccp.res" 1214
"../../../Engine/Content/Internationalization/icudt64l/region/ccp.res" 1215
"../../../Engine/Content/Internationalization/icudt64l/lang/ce.res" 1216
"../../../Engine/Content/Internationalization/icudt64l/region/ce.res" 1217
"../../../Engine/Content/Internationalization/icudt64l/lang/ceb.res" 1218
"../../../Engine/Content/Internationalization/icudt64l/region/ceb.res" 1219
"../../../Engine/Content/Internationalization/icudt64l/lang/cgg.res" 1220
"../../../Engine/Content/Internationalization/icudt64l/region/cgg.res" 1221
"../../../Engine/Content/Internationalization/icudt64l/lang/chr.res" 1222
"../../../Engine/Content/Internationalization/icudt64l/region/chr.res" 1223
"../../../Engine/Content/Internationalization/icudt64l/lang/ckb.res" 1224
"../../../Engine/Content/Internationalization/icudt64l/region/ckb.res" 1225
"../../../Engine/Content/Internationalization/icudt64l/lang/cs.res" 1226
"../../../Engine/Content/Internationalization/icudt64l/region/cs.res" 1227
"../../../Engine/Content/Internationalization/icudt64l/lang/cy.res" 1228
"../../../Engine/Content/Internationalization/icudt64l/region/cy.res" 1229
"../../../Engine/Content/Internationalization/icudt64l/lang/da.res" 1230
"../../../Engine/Content/Internationalization/icudt64l/region/da.res" 1231
"../../../Engine/Content/Internationalization/icudt64l/lang/dav.res" 1232
"../../../Engine/Content/Internationalization/icudt64l/region/dav.res" 1233
"../../../Engine/Content/Internationalization/icudt64l/lang/de.res" 1234
"../../../Engine/Content/Internationalization/icudt64l/lang/de_AT.res" 1235
"../../../Engine/Content/Internationalization/icudt64l/region/de_AT.res" 1236
"../../../Engine/Content/Internationalization/icudt64l/region/de.res" 1237
"../../../Engine/Content/Internationalization/icudt64l/lang/de_CH.res" 1238
"../../../Engine/Content/Internationalization/icudt64l/region/de_CH.res" 1239
"../../../Engine/Content/Internationalization/icudt64l/lang/de_LU.res" 1240
"../../../Engine/Content/Internationalization/icudt64l/lang/dje.res" 1241
"../../../Engine/Content/Internationalization/icudt64l/region/dje.res" 1242
"../../../Engine/Content/Internationalization/icudt64l/lang/dsb.res" 1243
"../../../Engine/Content/Internationalization/icudt64l/region/dsb.res" 1244
"../../../Engine/Content/Internationalization/icudt64l/lang/dua.res" 1245
"../../../Engine/Content/Internationalization/icudt64l/region/dua.res" 1246
"../../../Engine/Content/Internationalization/icudt64l/lang/dyo.res" 1247
"../../../Engine/Content/Internationalization/icudt64l/region/dyo.res" 1248
"../../../Engine/Content/Internationalization/icudt64l/lang/dz.res" 1249
"../../../Engine/Content/Internationalization/icudt64l/region/dz.res" 1250
"../../../Engine/Content/Internationalization/icudt64l/lang/ebu.res" 1251
"../../../Engine/Content/Internationalization/icudt64l/region/ebu.res" 1252
"../../../Engine/Content/Internationalization/icudt64l/lang/ee.res" 1253
"../../../Engine/Content/Internationalization/icudt64l/region/ee.res" 1254
"../../../Engine/Content/Internationalization/icudt64l/lang/el.res" 1255
"../../../Engine/Content/Internationalization/icudt64l/region/el.res" 1256
"../../../Engine/Content/Internationalization/icudt64l/lang/en_001.res" 1257
"../../../Engine/Content/Internationalization/icudt64l/lang/en_150.res" 1258
"../../../Engine/Content/Internationalization/icudt64l/region/en_150.res" 1259
"../../../Engine/Content/Internationalization/icudt64l/lang/en_AG.res" 1260
"../../../Engine/Content/Internationalization/icudt64l/region/en_AG.res" 1261
"../../../Engine/Content/Internationalization/icudt64l/lang/en_AI.res" 1262
"../../../Engine/Content/Internationalization/icudt64l/region/en_AI.res" 1263
"../../../Engine/Content/Internationalization/icudt64l/lang/en_AT.res" 1264
"../../../Engine/Content/Internationalization/icudt64l/region/en_AT.res" 1265
"../../../Engine/Content/Internationalization/icudt64l/lang/en_AU.res" 1266
"../../../Engine/Content/Internationalization/icudt64l/region/en_AU.res" 1267
"../../../Engine/Content/Internationalization/icudt64l/lang/en_BB.res" 1268
"../../../Engine/Content/Internationalization/icudt64l/region/en_BB.res" 1269
"../../../Engine/Content/Internationalization/icudt64l/lang/en_BE.res" 1270
"../../../Engine/Content/Internationalization/icudt64l/region/en_BE.res" 1271
"../../../Engine/Content/Internationalization/icudt64l/lang/en_BM.res" 1272
"../../../Engine/Content/Internationalization/icudt64l/region/en_BM.res" 1273
"../../../Engine/Content/Internationalization/icudt64l/lang/en_BS.res" 1274
"../../../Engine/Content/Internationalization/icudt64l/region/en_BS.res" 1275
"../../../Engine/Content/Internationalization/icudt64l/lang/en_BW.res" 1276
"../../../Engine/Content/Internationalization/icudt64l/region/en_BW.res" 1277
"../../../Engine/Content/Internationalization/icudt64l/lang/en_BZ.res" 1278
"../../../Engine/Content/Internationalization/icudt64l/region/en_BZ.res" 1279
"../../../Engine/Content/Internationalization/icudt64l/lang/en_CA.res" 1280
"../../../Engine/Content/Internationalization/icudt64l/region/en_CA.res" 1281
"../../../Engine/Content/Internationalization/icudt64l/lang/en_CC.res" 1282
"../../../Engine/Content/Internationalization/icudt64l/region/en_CC.res" 1283
"../../../Engine/Content/Internationalization/icudt64l/lang/en_CH.res" 1284
"../../../Engine/Content/Internationalization/icudt64l/region/en_CH.res" 1285
"../../../Engine/Content/Internationalization/icudt64l/lang/en_CK.res" 1286
"../../../Engine/Content/Internationalization/icudt64l/region/en_CK.res" 1287
"../../../Engine/Content/Internationalization/icudt64l/lang/en_CM.res" 1288
"../../../Engine/Content/Internationalization/icudt64l/region/en_CM.res" 1289
"../../../Engine/Content/Internationalization/icudt64l/lang/en_CX.res" 1290
"../../../Engine/Content/Internationalization/icudt64l/region/en_CX.res" 1291
"../../../Engine/Content/Internationalization/icudt64l/lang/en_CY.res" 1292
"../../../Engine/Content/Internationalization/icudt64l/region/en_CY.res" 1293
"../../../Engine/Content/Internationalization/icudt64l/lang/en_DE.res" 1294
"../../../Engine/Content/Internationalization/icudt64l/region/en_DE.res" 1295
"../../../Engine/Content/Internationalization/icudt64l/lang/en_DG.res" 1296
"../../../Engine/Content/Internationalization/icudt64l/region/en_DG.res" 1297
"../../../Engine/Content/Internationalization/icudt64l/lang/en_DK.res" 1298
"../../../Engine/Content/Internationalization/icudt64l/region/en_DK.res" 1299
"../../../Engine/Content/Internationalization/icudt64l/lang/en_DM.res" 1300
"../../../Engine/Content/Internationalization/icudt64l/region/en_DM.res" 1301
"../../../Engine/Content/Internationalization/icudt64l/lang/en_ER.res" 1302
"../../../Engine/Content/Internationalization/icudt64l/region/en_ER.res" 1303
"../../../Engine/Content/Internationalization/icudt64l/lang/en_FI.res" 1304
"../../../Engine/Content/Internationalization/icudt64l/region/en_FI.res" 1305
"../../../Engine/Content/Internationalization/icudt64l/lang/en_FJ.res" 1306
"../../../Engine/Content/Internationalization/icudt64l/region/en_FJ.res" 1307
"../../../Engine/Content/Internationalization/icudt64l/lang/en_FK.res" 1308
"../../../Engine/Content/Internationalization/icudt64l/region/en_FK.res" 1309
"../../../Engine/Content/Internationalization/icudt64l/lang/en_FM.res" 1310
"../../../Engine/Content/Internationalization/icudt64l/region/en_FM.res" 1311
"../../../Engine/Content/Internationalization/icudt64l/lang/en_GB.res" 1312
"../../../Engine/Content/Internationalization/icudt64l/region/en_GB.res" 1313
"../../../Engine/Content/Internationalization/icudt64l/lang/en_GD.res" 1314
"../../../Engine/Content/Internationalization/icudt64l/region/en_GD.res" 1315
"../../../Engine/Content/Internationalization/icudt64l/lang/en_GG.res" 1316
"../../../Engine/Content/Internationalization/icudt64l/region/en_GG.res" 1317
"../../../Engine/Content/Internationalization/icudt64l/lang/en_GH.res" 1318
"../../../Engine/Content/Internationalization/icudt64l/region/en_GH.res" 1319
"../../../Engine/Content/Internationalization/icudt64l/lang/en_GI.res" 1320
"../../../Engine/Content/Internationalization/icudt64l/region/en_GI.res" 1321
"../../../Engine/Content/Internationalization/icudt64l/lang/en_GM.res" 1322
"../../../Engine/Content/Internationalization/icudt64l/region/en_GM.res" 1323
"../../../Engine/Content/Internationalization/icudt64l/lang/en_GY.res" 1324
"../../../Engine/Content/Internationalization/icudt64l/region/en_GY.res" 1325
"../../../Engine/Content/Internationalization/icudt64l/lang/en_HK.res" 1326
"../../../Engine/Content/Internationalization/icudt64l/region/en_HK.res" 1327
"../../../Engine/Content/Internationalization/icudt64l/lang/en_IE.res" 1328
"../../../Engine/Content/Internationalization/icudt64l/region/en_IE.res" 1329
"../../../Engine/Content/Internationalization/icudt64l/lang/en_IL.res" 1330
"../../../Engine/Content/Internationalization/icudt64l/region/en_IL.res" 1331
"../../../Engine/Content/Internationalization/icudt64l/lang/en_IM.res" 1332
"../../../Engine/Content/Internationalization/icudt64l/region/en_IM.res" 1333
"../../../Engine/Content/Internationalization/icudt64l/lang/en_IN.res" 1334
"../../../Engine/Content/Internationalization/icudt64l/region/en_IN.res" 1335
"../../../Engine/Content/Internationalization/icudt64l/lang/en_IO.res" 1336
"../../../Engine/Content/Internationalization/icudt64l/region/en_IO.res" 1337
"../../../Engine/Content/Internationalization/icudt64l/lang/en_JE.res" 1338
"../../../Engine/Content/Internationalization/icudt64l/region/en_JE.res" 1339
"../../../Engine/Content/Internationalization/icudt64l/lang/en_JM.res" 1340
"../../../Engine/Content/Internationalization/icudt64l/region/en_JM.res" 1341
"../../../Engine/Content/Internationalization/icudt64l/lang/en_KE.res" 1342
"../../../Engine/Content/Internationalization/icudt64l/region/en_KE.res" 1343
"../../../Engine/Content/Internationalization/icudt64l/lang/en_KI.res" 1344
"../../../Engine/Content/Internationalization/icudt64l/region/en_KI.res" 1345
"../../../Engine/Content/Internationalization/icudt64l/lang/en_KN.res" 1346
"../../../Engine/Content/Internationalization/icudt64l/region/en_KN.res" 1347
"../../../Engine/Content/Internationalization/icudt64l/lang/en_KY.res" 1348
"../../../Engine/Content/Internationalization/icudt64l/region/en_KY.res" 1349
"../../../Engine/Content/Internationalization/icudt64l/lang/en_LC.res" 1350
"../../../Engine/Content/Internationalization/icudt64l/region/en_LC.res" 1351
"../../../Engine/Content/Internationalization/icudt64l/lang/en_LR.res" 1352
"../../../Engine/Content/Internationalization/icudt64l/region/en_LR.res" 1353
"../../../Engine/Content/Internationalization/icudt64l/lang/en_LS.res" 1354
"../../../Engine/Content/Internationalization/icudt64l/region/en_LS.res" 1355
"../../../Engine/Content/Internationalization/icudt64l/lang/en_MG.res" 1356
"../../../Engine/Content/Internationalization/icudt64l/region/en_MG.res" 1357
"../../../Engine/Content/Internationalization/icudt64l/lang/en_MO.res" 1358
"../../../Engine/Content/Internationalization/icudt64l/region/en_MO.res" 1359
"../../../Engine/Content/Internationalization/icudt64l/lang/en_MS.res" 1360
"../../../Engine/Content/Internationalization/icudt64l/region/en_MS.res" 1361
"../../../Engine/Content/Internationalization/icudt64l/lang/en_MT.res" 1362
"../../../Engine/Content/Internationalization/icudt64l/region/en_MT.res" 1363
"../../../Engine/Content/Internationalization/icudt64l/lang/en_MU.res" 1364
"../../../Engine/Content/Internationalization/icudt64l/region/en_MU.res" 1365
"../../../Engine/Content/Internationalization/icudt64l/lang/en_MW.res" 1366
"../../../Engine/Content/Internationalization/icudt64l/region/en_MW.res" 1367
"../../../Engine/Content/Internationalization/icudt64l/lang/en_MY.res" 1368
"../../../Engine/Content/Internationalization/icudt64l/region/en_MY.res" 1369
"../../../Engine/Content/Internationalization/icudt64l/lang/en_NA.res" 1370
"../../../Engine/Content/Internationalization/icudt64l/region/en_NA.res" 1371
"../../../Engine/Content/Internationalization/icudt64l/lang/en_NF.res" 1372
"../../../Engine/Content/Internationalization/icudt64l/region/en_NF.res" 1373
"../../../Engine/Content/Internationalization/icudt64l/lang/en_NG.res" 1374
"../../../Engine/Content/Internationalization/icudt64l/region/en_NG.res" 1375
"../../../Engine/Content/Internationalization/icudt64l/lang/en_NL.res" 1376
"../../../Engine/Content/Internationalization/icudt64l/region/en_NL.res" 1377
"../../../Engine/Content/Internationalization/icudt64l/lang/en_NR.res" 1378
"../../../Engine/Content/Internationalization/icudt64l/region/en_NR.res" 1379
"../../../Engine/Content/Internationalization/icudt64l/lang/en_NU.res" 1380
"../../../Engine/Content/Internationalization/icudt64l/region/en_NU.res" 1381
"../../../Engine/Content/Internationalization/icudt64l/lang/en_NZ.res" 1382
"../../../Engine/Content/Internationalization/icudt64l/region/en_NZ.res" 1383
"../../../Engine/Content/Internationalization/icudt64l/lang/en_PG.res" 1384
"../../../Engine/Content/Internationalization/icudt64l/region/en_PG.res" 1385
"../../../Engine/Content/Internationalization/icudt64l/lang/en_PH.res" 1386
"../../../Engine/Content/Internationalization/icudt64l/region/en_PH.res" 1387
"../../../Engine/Content/Internationalization/icudt64l/lang/en_PK.res" 1388
"../../../Engine/Content/Internationalization/icudt64l/region/en_PK.res" 1389
"../../../Engine/Content/Internationalization/icudt64l/lang/en_PN.res" 1390
"../../../Engine/Content/Internationalization/icudt64l/region/en_PN.res" 1391
"../../../Engine/Content/Internationalization/icudt64l/lang/en_PW.res" 1392
"../../../Engine/Content/Internationalization/icudt64l/region/en_PW.res" 1393
"../../../Engine/Content/Internationalization/icudt64l/lang/en_RW.res" 1394
"../../../Engine/Content/Internationalization/icudt64l/region/en_RW.res" 1395
"../../../Engine/Content/Internationalization/icudt64l/lang/en_SB.res" 1396
"../../../Engine/Content/Internationalization/icudt64l/region/en_SB.res" 1397
"../../../Engine/Content/Internationalization/icudt64l/lang/en_SC.res" 1398
"../../../Engine/Content/Internationalization/icudt64l/region/en_SC.res" 1399
"../../../Engine/Content/Internationalization/icudt64l/lang/en_SD.res" 1400
"../../../Engine/Content/Internationalization/icudt64l/region/en_SD.res" 1401
"../../../Engine/Content/Internationalization/icudt64l/lang/en_SE.res" 1402
"../../../Engine/Content/Internationalization/icudt64l/region/en_SE.res" 1403
"../../../Engine/Content/Internationalization/icudt64l/lang/en_SG.res" 1404
"../../../Engine/Content/Internationalization/icudt64l/region/en_SG.res" 1405
"../../../Engine/Content/Internationalization/icudt64l/lang/en_SH.res" 1406
"../../../Engine/Content/Internationalization/icudt64l/region/en_SH.res" 1407
"../../../Engine/Content/Internationalization/icudt64l/lang/en_SI.res" 1408
"../../../Engine/Content/Internationalization/icudt64l/region/en_SI.res" 1409
"../../../Engine/Content/Internationalization/icudt64l/lang/en_SL.res" 1410
"../../../Engine/Content/Internationalization/icudt64l/region/en_SL.res" 1411
"../../../Engine/Content/Internationalization/icudt64l/lang/en_SS.res" 1412
"../../../Engine/Content/Internationalization/icudt64l/region/en_SS.res" 1413
"../../../Engine/Content/Internationalization/icudt64l/lang/en_SX.res" 1414
"../../../Engine/Content/Internationalization/icudt64l/region/en_SX.res" 1415
"../../../Engine/Content/Internationalization/icudt64l/lang/en_SZ.res" 1416
"../../../Engine/Content/Internationalization/icudt64l/region/en_SZ.res" 1417
"../../../Engine/Content/Internationalization/icudt64l/lang/en_TC.res" 1418
"../../../Engine/Content/Internationalization/icudt64l/region/en_TC.res" 1419
"../../../Engine/Content/Internationalization/icudt64l/lang/en_TK.res" 1420
"../../../Engine/Content/Internationalization/icudt64l/region/en_TK.res" 1421
"../../../Engine/Content/Internationalization/icudt64l/lang/en_TO.res" 1422
"../../../Engine/Content/Internationalization/icudt64l/region/en_TO.res" 1423
"../../../Engine/Content/Internationalization/icudt64l/lang/en_TT.res" 1424
"../../../Engine/Content/Internationalization/icudt64l/region/en_TT.res" 1425
"../../../Engine/Content/Internationalization/icudt64l/lang/en_TV.res" 1426
"../../../Engine/Content/Internationalization/icudt64l/region/en_TV.res" 1427
"../../../Engine/Content/Internationalization/icudt64l/lang/en_TZ.res" 1428
"../../../Engine/Content/Internationalization/icudt64l/region/en_TZ.res" 1429
"../../../Engine/Content/Internationalization/icudt64l/lang/en_UG.res" 1430
"../../../Engine/Content/Internationalization/icudt64l/region/en_UG.res" 1431
"../../../Engine/Content/Internationalization/icudt64l/lang/en_VC.res" 1432
"../../../Engine/Content/Internationalization/icudt64l/region/en_VC.res" 1433
"../../../Engine/Content/Internationalization/icudt64l/lang/en_VG.res" 1434
"../../../Engine/Content/Internationalization/icudt64l/region/en_VG.res" 1435
"../../../Engine/Content/Internationalization/icudt64l/lang/en_VU.res" 1436
"../../../Engine/Content/Internationalization/icudt64l/region/en_VU.res" 1437
"../../../Engine/Content/Internationalization/icudt64l/lang/en_WS.res" 1438
"../../../Engine/Content/Internationalization/icudt64l/region/en_WS.res" 1439
"../../../Engine/Content/Internationalization/icudt64l/lang/en_ZA.res" 1440
"../../../Engine/Content/Internationalization/icudt64l/region/en_ZA.res" 1441
"../../../Engine/Content/Internationalization/icudt64l/lang/en_ZM.res" 1442
"../../../Engine/Content/Internationalization/icudt64l/region/en_ZM.res" 1443
"../../../Engine/Content/Internationalization/icudt64l/lang/en_ZW.res" 1444
"../../../Engine/Content/Internationalization/icudt64l/region/en_ZW.res" 1445
"../../../Engine/Content/Internationalization/icudt64l/lang/eo.res" 1446
"../../../Engine/Content/Internationalization/icudt64l/region/eo.res" 1447
"../../../Engine/Content/Internationalization/icudt64l/lang/es.res" 1448
"../../../Engine/Content/Internationalization/icudt64l/lang/es_419.res" 1449
"../../../Engine/Content/Internationalization/icudt64l/region/es_419.res" 1450
"../../../Engine/Content/Internationalization/icudt64l/region/es.res" 1451
"../../../Engine/Content/Internationalization/icudt64l/lang/es_AR.res" 1452
"../../../Engine/Content/Internationalization/icudt64l/region/es_AR.res" 1453
"../../../Engine/Content/Internationalization/icudt64l/lang/es_BO.res" 1454
"../../../Engine/Content/Internationalization/icudt64l/region/es_BO.res" 1455
"../../../Engine/Content/Internationalization/icudt64l/lang/es_BR.res" 1456
"../../../Engine/Content/Internationalization/icudt64l/region/es_BR.res" 1457
"../../../Engine/Content/Internationalization/icudt64l/lang/es_BZ.res" 1458
"../../../Engine/Content/Internationalization/icudt64l/region/es_BZ.res" 1459
"../../../Engine/Content/Internationalization/icudt64l/lang/es_CL.res" 1460
"../../../Engine/Content/Internationalization/icudt64l/region/es_CL.res" 1461
"../../../Engine/Content/Internationalization/icudt64l/lang/es_CO.res" 1462
"../../../Engine/Content/Internationalization/icudt64l/region/es_CO.res" 1463
"../../../Engine/Content/Internationalization/icudt64l/lang/es_CR.res" 1464
"../../../Engine/Content/Internationalization/icudt64l/region/es_CR.res" 1465
"../../../Engine/Content/Internationalization/icudt64l/lang/es_CU.res" 1466
"../../../Engine/Content/Internationalization/icudt64l/region/es_CU.res" 1467
"../../../Engine/Content/Internationalization/icudt64l/lang/es_DO.res" 1468
"../../../Engine/Content/Internationalization/icudt64l/region/es_DO.res" 1469
"../../../Engine/Content/Internationalization/icudt64l/lang/es_EC.res" 1470
"../../../Engine/Content/Internationalization/icudt64l/region/es_EC.res" 1471
"../../../Engine/Content/Internationalization/icudt64l/lang/es_GT.res" 1472
"../../../Engine/Content/Internationalization/icudt64l/region/es_GT.res" 1473
"../../../Engine/Content/Internationalization/icudt64l/lang/es_HN.res" 1474
"../../../Engine/Content/Internationalization/icudt64l/region/es_HN.res" 1475
"../../../Engine/Content/Internationalization/icudt64l/lang/es_MX.res" 1476
"../../../Engine/Content/Internationalization/icudt64l/region/es_MX.res" 1477
"../../../Engine/Content/Internationalization/icudt64l/lang/es_NI.res" 1478
"../../../Engine/Content/Internationalization/icudt64l/region/es_NI.res" 1479
"../../../Engine/Content/Internationalization/icudt64l/lang/es_PA.res" 1480
"../../../Engine/Content/Internationalization/icudt64l/region/es_PA.res" 1481
"../../../Engine/Content/Internationalization/icudt64l/lang/es_PE.res" 1482
"../../../Engine/Content/Internationalization/icudt64l/region/es_PE.res" 1483
"../../../Engine/Content/Internationalization/icudt64l/lang/es_PR.res" 1484
"../../../Engine/Content/Internationalization/icudt64l/region/es_PR.res" 1485
"../../../Engine/Content/Internationalization/icudt64l/lang/es_PY.res" 1486
"../../../Engine/Content/Internationalization/icudt64l/region/es_PY.res" 1487
"../../../Engine/Content/Internationalization/icudt64l/lang/es_SV.res" 1488
"../../../Engine/Content/Internationalization/icudt64l/region/es_SV.res" 1489
"../../../Engine/Content/Internationalization/icudt64l/lang/es_US.res" 1490
"../../../Engine/Content/Internationalization/icudt64l/region/es_US.res" 1491
"../../../Engine/Content/Internationalization/icudt64l/lang/es_UY.res" 1492
"../../../Engine/Content/Internationalization/icudt64l/region/es_UY.res" 1493
"../../../Engine/Content/Internationalization/icudt64l/lang/es_VE.res" 1494
"../../../Engine/Content/Internationalization/icudt64l/region/es_VE.res" 1495
"../../../Engine/Content/Internationalization/icudt64l/lang/et.res" 1496
"../../../Engine/Content/Internationalization/icudt64l/region/et.res" 1497
"../../../Engine/Content/Internationalization/icudt64l/lang/eu.res" 1498
"../../../Engine/Content/Internationalization/icudt64l/region/eu.res" 1499
"../../../Engine/Content/Internationalization/icudt64l/lang/ewo.res" 1500
"../../../Engine/Content/Internationalization/icudt64l/region/ewo.res" 1501
"../../../Engine/Content/Internationalization/icudt64l/lang/fa.res" 1502
"../../../Engine/Content/Internationalization/icudt64l/lang/fa_AF.res" 1503
"../../../Engine/Content/Internationalization/icudt64l/region/fa_AF.res" 1504
"../../../Engine/Content/Internationalization/icudt64l/region/fa.res" 1505
"../../../Engine/Content/Internationalization/icudt64l/lang/ff.res" 1506
"../../../Engine/Content/Internationalization/icudt64l/lang/ff_Latn.res" 1507
"../../../Engine/Content/Internationalization/icudt64l/region/ff.res" 1508
"../../../Engine/Content/Internationalization/icudt64l/region/ff_Latn.res" 1509
"../../../Engine/Content/Internationalization/icudt64l/lang/ff_CM.res" 1510
"../../../Engine/Content/Internationalization/icudt64l/lang/ff_Latn_CM.res" 1511
"../../../Engine/Content/Internationalization/icudt64l/region/ff_CM.res" 1512
"../../../Engine/Content/Internationalization/icudt64l/region/ff_Latn_CM.res" 1513
"../../../Engine/Content/Internationalization/icudt64l/lang/ff_GN.res" 1514
"../../../Engine/Content/Internationalization/icudt64l/lang/ff_Latn_GN.res" 1515
"../../../Engine/Content/Internationalization/icudt64l/region/ff_GN.res" 1516
"../../../Engine/Content/Internationalization/icudt64l/region/ff_Latn_GN.res" 1517
"../../../Engine/Content/Internationalization/icudt64l/lang/ff_MR.res" 1518
"../../../Engine/Content/Internationalization/icudt64l/lang/ff_Latn_MR.res" 1519
"../../../Engine/Content/Internationalization/icudt64l/region/ff_MR.res" 1520
"../../../Engine/Content/Internationalization/icudt64l/region/ff_Latn_MR.res" 1521
"../../../Engine/Content/Internationalization/icudt64l/lang/ff_SN.res" 1522
"../../../Engine/Content/Internationalization/icudt64l/lang/ff_Latn_SN.res" 1523
"../../../Engine/Content/Internationalization/icudt64l/region/ff_SN.res" 1524
"../../../Engine/Content/Internationalization/icudt64l/region/ff_Latn_SN.res" 1525
"../../../Engine/Content/Internationalization/icudt64l/lang/fi.res" 1526
"../../../Engine/Content/Internationalization/icudt64l/region/fi.res" 1527
"../../../Engine/Content/Internationalization/icudt64l/lang/fil.res" 1528
"../../../Engine/Content/Internationalization/icudt64l/lang/fil_PH.res" 1529
"../../../Engine/Content/Internationalization/icudt64l/region/fil_PH.res" 1530
"../../../Engine/Content/Internationalization/icudt64l/region/fil.res" 1531
"../../../Engine/Content/Internationalization/icudt64l/lang/fo.res" 1532
"../../../Engine/Content/Internationalization/icudt64l/region/fo.res" 1533
"../../../Engine/Content/Internationalization/icudt64l/lang/fr.res" 1534
"../../../Engine/Content/Internationalization/icudt64l/lang/fr_BE.res" 1535
"../../../Engine/Content/Internationalization/icudt64l/region/fr_BE.res" 1536
"../../../Engine/Content/Internationalization/icudt64l/region/fr.res" 1537
"../../../Engine/Content/Internationalization/icudt64l/lang/fr_CA.res" 1538
"../../../Engine/Content/Internationalization/icudt64l/region/fr_CA.res" 1539
"../../../Engine/Content/Internationalization/icudt64l/lang/fr_CH.res" 1540
"../../../Engine/Content/Internationalization/icudt64l/lang/fur.res" 1541
"../../../Engine/Content/Internationalization/icudt64l/region/fur.res" 1542
"../../../Engine/Content/Internationalization/icudt64l/lang/fy.res" 1543
"../../../Engine/Content/Internationalization/icudt64l/region/fy.res" 1544
"../../../Engine/Content/Internationalization/icudt64l/lang/ga.res" 1545
"../../../Engine/Content/Internationalization/icudt64l/region/ga.res" 1546
"../../../Engine/Content/Internationalization/icudt64l/lang/gd.res" 1547
"../../../Engine/Content/Internationalization/icudt64l/region/gd.res" 1548
"../../../Engine/Content/Internationalization/icudt64l/lang/gl.res" 1549
"../../../Engine/Content/Internationalization/icudt64l/region/gl.res" 1550
"../../../Engine/Content/Internationalization/icudt64l/lang/gsw.res" 1551
"../../../Engine/Content/Internationalization/icudt64l/region/gsw.res" 1552
"../../../Engine/Content/Internationalization/icudt64l/lang/gu.res" 1553
"../../../Engine/Content/Internationalization/icudt64l/region/gu.res" 1554
"../../../Engine/Content/Internationalization/icudt64l/lang/guz.res" 1555
"../../../Engine/Content/Internationalization/icudt64l/region/guz.res" 1556
"../../../Engine/Content/Internationalization/icudt64l/lang/gv.res" 1557
"../../../Engine/Content/Internationalization/icudt64l/region/gv.res" 1558
"../../../Engine/Content/Internationalization/icudt64l/lang/ha.res" 1559
"../../../Engine/Content/Internationalization/icudt64l/region/ha.res" 1560
"../../../Engine/Content/Internationalization/icudt64l/lang/ha_NE.res" 1561
"../../../Engine/Content/Internationalization/icudt64l/region/ha_NE.res" 1562
"../../../Engine/Content/Internationalization/icudt64l/lang/haw.res" 1563
"../../../Engine/Content/Internationalization/icudt64l/region/haw.res" 1564
"../../../Engine/Content/Internationalization/icudt64l/lang/he.res" 1565
"../../../Engine/Content/Internationalization/icudt64l/lang/he_IL.res" 1566
"../../../Engine/Content/Internationalization/icudt64l/region/he_IL.res" 1567
"../../../Engine/Content/Internationalization/icudt64l/region/he.res" 1568
"../../../Engine/Content/Internationalization/icudt64l/lang/hi.res" 1569
"../../../Engine/Content/Internationalization/icudt64l/region/hi.res" 1570
"../../../Engine/Content/Internationalization/icudt64l/lang/hr.res" 1571
"../../../Engine/Content/Internationalization/icudt64l/region/hr.res" 1572
"../../../Engine/Content/Internationalization/icudt64l/lang/hsb.res" 1573
"../../../Engine/Content/Internationalization/icudt64l/region/hsb.res" 1574
"../../../Engine/Content/Internationalization/icudt64l/lang/hu.res" 1575
"../../../Engine/Content/Internationalization/icudt64l/region/hu.res" 1576
"../../../Engine/Content/Internationalization/icudt64l/lang/hy.res" 1577
"../../../Engine/Content/Internationalization/icudt64l/region/hy.res" 1578
"../../../Engine/Content/Internationalization/icudt64l/lang/ia.res" 1579
"../../../Engine/Content/Internationalization/icudt64l/region/ia.res" 1580
"../../../Engine/Content/Internationalization/icudt64l/lang/id.res" 1581
"../../../Engine/Content/Internationalization/icudt64l/lang/id_ID.res" 1582
"../../../Engine/Content/Internationalization/icudt64l/region/id_ID.res" 1583
"../../../Engine/Content/Internationalization/icudt64l/region/id.res" 1584
"../../../Engine/Content/Internationalization/icudt64l/lang/ig.res" 1585
"../../../Engine/Content/Internationalization/icudt64l/region/ig.res" 1586
"../../../Engine/Content/Internationalization/icudt64l/lang/ii.res" 1587
"../../../Engine/Content/Internationalization/icudt64l/region/ii.res" 1588
"../../../Engine/Content/Internationalization/icudt64l/lang/is.res" 1589
"../../../Engine/Content/Internationalization/icudt64l/region/is.res" 1590
"../../../Engine/Content/Internationalization/icudt64l/lang/it.res" 1591
"../../../Engine/Content/Internationalization/icudt64l/region/it.res" 1592
"../../../Engine/Content/Internationalization/icudt64l/lang/ja.res" 1593
"../../../Engine/Content/Internationalization/icudt64l/lang/ja_JP.res" 1594
"../../../Engine/Content/Internationalization/icudt64l/region/ja_JP.res" 1595
"../../../Engine/Content/Internationalization/icudt64l/region/ja.res" 1596
"../../../Engine/Content/Internationalization/icudt64l/lang/jgo.res" 1597
"../../../Engine/Content/Internationalization/icudt64l/region/jgo.res" 1598
"../../../Engine/Content/Internationalization/icudt64l/lang/jmc.res" 1599
"../../../Engine/Content/Internationalization/icudt64l/region/jmc.res" 1600
"../../../Engine/Content/Internationalization/icudt64l/lang/jv.res" 1601
"../../../Engine/Content/Internationalization/icudt64l/region/jv.res" 1602
"../../../Engine/Content/Internationalization/icudt64l/lang/ka.res" 1603
"../../../Engine/Content/Internationalization/icudt64l/region/ka.res" 1604
"../../../Engine/Content/Internationalization/icudt64l/lang/kab.res" 1605
"../../../Engine/Content/Internationalization/icudt64l/region/kab.res" 1606
"../../../Engine/Content/Internationalization/icudt64l/lang/kam.res" 1607
"../../../Engine/Content/Internationalization/icudt64l/region/kam.res" 1608
"../../../Engine/Content/Internationalization/icudt64l/lang/kde.res" 1609
"../../../Engine/Content/Internationalization/icudt64l/region/kde.res" 1610
"../../../Engine/Content/Internationalization/icudt64l/lang/kea.res" 1611
"../../../Engine/Content/Internationalization/icudt64l/region/kea.res" 1612
"../../../Engine/Content/Internationalization/icudt64l/lang/khq.res" 1613
"../../../Engine/Content/Internationalization/icudt64l/region/khq.res" 1614
"../../../Engine/Content/Internationalization/icudt64l/lang/ki.res" 1615
"../../../Engine/Content/Internationalization/icudt64l/region/ki.res" 1616
"../../../Engine/Content/Internationalization/icudt64l/lang/kk.res" 1617
"../../../Engine/Content/Internationalization/icudt64l/region/kk.res" 1618
"../../../Engine/Content/Internationalization/icudt64l/lang/kkj.res" 1619
"../../../Engine/Content/Internationalization/icudt64l/region/kkj.res" 1620
"../../../Engine/Content/Internationalization/icudt64l/lang/kl.res" 1621
"../../../Engine/Content/Internationalization/icudt64l/region/kl.res" 1622
"../../../Engine/Content/Internationalization/icudt64l/lang/kln.res" 1623
"../../../Engine/Content/Internationalization/icudt64l/region/kln.res" 1624
"../../../Engine/Content/Internationalization/icudt64l/lang/km.res" 1625
"../../../Engine/Content/Internationalization/icudt64l/region/km.res" 1626
"../../../Engine/Content/Internationalization/icudt64l/lang/kn.res" 1627
"../../../Engine/Content/Internationalization/icudt64l/region/kn.res" 1628
"../../../Engine/Content/Internationalization/icudt64l/lang/ko.res" 1629
"../../../Engine/Content/Internationalization/icudt64l/region/ko_KP.res" 1630
"../../../Engine/Content/Internationalization/icudt64l/region/ko.res" 1631
"../../../Engine/Content/Internationalization/icudt64l/lang/kok.res" 1632
"../../../Engine/Content/Internationalization/icudt64l/region/kok.res" 1633
"../../../Engine/Content/Internationalization/icudt64l/lang/ks.res" 1634
"../../../Engine/Content/Internationalization/icudt64l/region/ks.res" 1635
"../../../Engine/Content/Internationalization/icudt64l/lang/ksb.res" 1636
"../../../Engine/Content/Internationalization/icudt64l/region/ksb.res" 1637
"../../../Engine/Content/Internationalization/icudt64l/lang/ksf.res" 1638
"../../../Engine/Content/Internationalization/icudt64l/region/ksf.res" 1639
"../../../Engine/Content/Internationalization/icudt64l/lang/ksh.res" 1640
"../../../Engine/Content/Internationalization/icudt64l/region/ksh.res" 1641
"../../../Engine/Content/Internationalization/icudt64l/lang/ku.res" 1642
"../../../Engine/Content/Internationalization/icudt64l/region/ku.res" 1643
"../../../Engine/Content/Internationalization/icudt64l/lang/kw.res" 1644
"../../../Engine/Content/Internationalization/icudt64l/region/kw.res" 1645
"../../../Engine/Content/Internationalization/icudt64l/lang/ky.res" 1646
"../../../Engine/Content/Internationalization/icudt64l/region/ky.res" 1647
"../../../Engine/Content/Internationalization/icudt64l/lang/lag.res" 1648
"../../../Engine/Content/Internationalization/icudt64l/region/lag.res" 1649
"../../../Engine/Content/Internationalization/icudt64l/lang/lb.res" 1650
"../../../Engine/Content/Internationalization/icudt64l/region/lb.res" 1651
"../../../Engine/Content/Internationalization/icudt64l/lang/lg.res" 1652
"../../../Engine/Content/Internationalization/icudt64l/region/lg.res" 1653
"../../../Engine/Content/Internationalization/icudt64l/lang/lkt.res" 1654
"../../../Engine/Content/Internationalization/icudt64l/region/lkt.res" 1655
"../../../Engine/Content/Internationalization/icudt64l/lang/ln.res" 1656
"../../../Engine/Content/Internationalization/icudt64l/region/ln.res" 1657
"../../../Engine/Content/Internationalization/icudt64l/lang/lo.res" 1658
"../../../Engine/Content/Internationalization/icudt64l/region/lo.res" 1659
"../../../Engine/Content/Internationalization/icudt64l/lang/lrc.res" 1660
"../../../Engine/Content/Internationalization/icudt64l/region/lrc.res" 1661
"../../../Engine/Content/Internationalization/icudt64l/lang/lt.res" 1662
"../../../Engine/Content/Internationalization/icudt64l/region/lt.res" 1663
"../../../Engine/Content/Internationalization/icudt64l/lang/lu.res" 1664
"../../../Engine/Content/Internationalization/icudt64l/region/lu.res" 1665
"../../../Engine/Content/Internationalization/icudt64l/lang/luo.res" 1666
"../../../Engine/Content/Internationalization/icudt64l/region/luo.res" 1667
"../../../Engine/Content/Internationalization/icudt64l/lang/luy.res" 1668
"../../../Engine/Content/Internationalization/icudt64l/region/luy.res" 1669
"../../../Engine/Content/Internationalization/icudt64l/lang/lv.res" 1670
"../../../Engine/Content/Internationalization/icudt64l/region/lv.res" 1671
"../../../Engine/Content/Internationalization/icudt64l/lang/mas.res" 1672
"../../../Engine/Content/Internationalization/icudt64l/region/mas.res" 1673
"../../../Engine/Content/Internationalization/icudt64l/lang/mer.res" 1674
"../../../Engine/Content/Internationalization/icudt64l/region/mer.res" 1675
"../../../Engine/Content/Internationalization/icudt64l/lang/mfe.res" 1676
"../../../Engine/Content/Internationalization/icudt64l/region/mfe.res" 1677
"../../../Engine/Content/Internationalization/icudt64l/lang/mg.res" 1678
"../../../Engine/Content/Internationalization/icudt64l/region/mg.res" 1679
"../../../Engine/Content/Internationalization/icudt64l/lang/mgh.res" 1680
"../../../Engine/Content/Internationalization/icudt64l/region/mgh.res" 1681
"../../../Engine/Content/Internationalization/icudt64l/lang/mgo.res" 1682
"../../../Engine/Content/Internationalization/icudt64l/region/mgo.res" 1683
"../../../Engine/Content/Internationalization/icudt64l/lang/mi.res" 1684
"../../../Engine/Content/Internationalization/icudt64l/region/mi.res" 1685
"../../../Engine/Content/Internationalization/icudt64l/lang/mk.res" 1686
"../../../Engine/Content/Internationalization/icudt64l/region/mk.res" 1687
"../../../Engine/Content/Internationalization/icudt64l/lang/ml.res" 1688
"../../../Engine/Content/Internationalization/icudt64l/region/ml.res" 1689
"../../../Engine/Content/Internationalization/icudt64l/lang/mn.res" 1690
"../../../Engine/Content/Internationalization/icudt64l/region/mn.res" 1691
"../../../Engine/Content/Internationalization/icudt64l/lang/mr.res" 1692
"../../../Engine/Content/Internationalization/icudt64l/region/mr.res" 1693
"../../../Engine/Content/Internationalization/icudt64l/lang/ms.res" 1694
"../../../Engine/Content/Internationalization/icudt64l/region/ms.res" 1695
"../../../Engine/Content/Internationalization/icudt64l/lang/mt.res" 1696
"../../../Engine/Content/Internationalization/icudt64l/region/mt.res" 1697
"../../../Engine/Content/Internationalization/icudt64l/lang/mua.res" 1698
"../../../Engine/Content/Internationalization/icudt64l/region/mua.res" 1699
"../../../Engine/Content/Internationalization/icudt64l/lang/my.res" 1700
"../../../Engine/Content/Internationalization/icudt64l/region/my.res" 1701
"../../../Engine/Content/Internationalization/icudt64l/lang/mzn.res" 1702
"../../../Engine/Content/Internationalization/icudt64l/region/mzn.res" 1703
"../../../Engine/Content/Internationalization/icudt64l/lang/naq.res" 1704
"../../../Engine/Content/Internationalization/icudt64l/region/naq.res" 1705
"../../../Engine/Content/Internationalization/icudt64l/lang/nb.res" 1706
"../../../Engine/Content/Internationalization/icudt64l/lang/nb_NO.res" 1707
"../../../Engine/Content/Internationalization/icudt64l/region/nb_NO.res" 1708
"../../../Engine/Content/Internationalization/icudt64l/region/nb.res" 1709
"../../../Engine/Content/Internationalization/icudt64l/lang/nd.res" 1710
"../../../Engine/Content/Internationalization/icudt64l/region/nd.res" 1711
"../../../Engine/Content/Internationalization/icudt64l/lang/nds.res" 1712
"../../../Engine/Content/Internationalization/icudt64l/region/nds.res" 1713
"../../../Engine/Content/Internationalization/icudt64l/lang/ne.res" 1714
"../../../Engine/Content/Internationalization/icudt64l/region/ne.res" 1715
"../../../Engine/Content/Internationalization/icudt64l/lang/nl.res" 1716
"../../../Engine/Content/Internationalization/icudt64l/region/nl.res" 1717
"../../../Engine/Content/Internationalization/icudt64l/lang/nmg.res" 1718
"../../../Engine/Content/Internationalization/icudt64l/region/nmg.res" 1719
"../../../Engine/Content/Internationalization/icudt64l/lang/nn.res" 1720
"../../../Engine/Content/Internationalization/icudt64l/lang/nn_NO.res" 1721
"../../../Engine/Content/Internationalization/icudt64l/region/nn_NO.res" 1722
"../../../Engine/Content/Internationalization/icudt64l/region/nn.res" 1723
"../../../Engine/Content/Internationalization/icudt64l/lang/nnh.res" 1724
"../../../Engine/Content/Internationalization/icudt64l/region/nnh.res" 1725
"../../../Engine/Content/Internationalization/icudt64l/lang/nus.res" 1726
"../../../Engine/Content/Internationalization/icudt64l/region/nus.res" 1727
"../../../Engine/Content/Internationalization/icudt64l/lang/nyn.res" 1728
"../../../Engine/Content/Internationalization/icudt64l/region/nyn.res" 1729
"../../../Engine/Content/Internationalization/icudt64l/lang/om.res" 1730
"../../../Engine/Content/Internationalization/icudt64l/region/om.res" 1731
"../../../Engine/Content/Internationalization/icudt64l/lang/or.res" 1732
"../../../Engine/Content/Internationalization/icudt64l/region/or.res" 1733
"../../../Engine/Content/Internationalization/icudt64l/lang/os.res" 1734
"../../../Engine/Content/Internationalization/icudt64l/region/os.res" 1735
"../../../Engine/Content/Internationalization/icudt64l/lang/pa.res" 1736
"../../../Engine/Content/Internationalization/icudt64l/lang/pa_Arab.res" 1737
"../../../Engine/Content/Internationalization/icudt64l/lang/pa_PK.res" 1738
"../../../Engine/Content/Internationalization/icudt64l/lang/pa_Arab_PK.res" 1739
"../../../Engine/Content/Internationalization/icudt64l/region/pa_PK.res" 1740
"../../../Engine/Content/Internationalization/icudt64l/region/pa_Arab_PK.res" 1741
"../../../Engine/Content/Internationalization/icudt64l/region/pa_Arab.res" 1742
"../../../Engine/Content/Internationalization/icudt64l/lang/pa_Guru.res" 1743
"../../../Engine/Content/Internationalization/icudt64l/lang/pa_IN.res" 1744
"../../../Engine/Content/Internationalization/icudt64l/lang/pa_Guru_IN.res" 1745
"../../../Engine/Content/Internationalization/icudt64l/region/pa_IN.res" 1746
"../../../Engine/Content/Internationalization/icudt64l/region/pa_Guru_IN.res" 1747
"../../../Engine/Content/Internationalization/icudt64l/region/pa_Guru.res" 1748
"../../../Engine/Content/Internationalization/icudt64l/region/pa.res" 1749
"../../../Engine/Content/Internationalization/icudt64l/lang/pl.res" 1750
"../../../Engine/Content/Internationalization/icudt64l/region/pl.res" 1751
"../../../Engine/Content/Internationalization/icudt64l/lang/ps.res" 1752
"../../../Engine/Content/Internationalization/icudt64l/region/ps.res" 1753
"../../../Engine/Content/Internationalization/icudt64l/lang/ps_PK.res" 1754
"../../../Engine/Content/Internationalization/icudt64l/region/ps_PK.res" 1755
"../../../Engine/Content/Internationalization/icudt64l/lang/pt.res" 1756
"../../../Engine/Content/Internationalization/icudt64l/lang/pt_AO.res" 1757
"../../../Engine/Content/Internationalization/icudt64l/lang/pt_PT.res" 1758
"../../../Engine/Content/Internationalization/icudt64l/region/pt_AO.res" 1759
"../../../Engine/Content/Internationalization/icudt64l/region/pt_PT.res" 1760
"../../../Engine/Content/Internationalization/icudt64l/region/pt.res" 1761
"../../../Engine/Content/Internationalization/icudt64l/lang/pt_CH.res" 1762
"../../../Engine/Content/Internationalization/icudt64l/region/pt_CH.res" 1763
"../../../Engine/Content/Internationalization/icudt64l/lang/pt_CV.res" 1764
"../../../Engine/Content/Internationalization/icudt64l/region/pt_CV.res" 1765
"../../../Engine/Content/Internationalization/icudt64l/lang/pt_GQ.res" 1766
"../../../Engine/Content/Internationalization/icudt64l/region/pt_GQ.res" 1767
"../../../Engine/Content/Internationalization/icudt64l/lang/pt_GW.res" 1768
"../../../Engine/Content/Internationalization/icudt64l/region/pt_GW.res" 1769
"../../../Engine/Content/Internationalization/icudt64l/lang/pt_LU.res" 1770
"../../../Engine/Content/Internationalization/icudt64l/region/pt_LU.res" 1771
"../../../Engine/Content/Internationalization/icudt64l/lang/pt_MO.res" 1772
"../../../Engine/Content/Internationalization/icudt64l/region/pt_MO.res" 1773
"../../../Engine/Content/Internationalization/icudt64l/lang/pt_MZ.res" 1774
"../../../Engine/Content/Internationalization/icudt64l/region/pt_MZ.res" 1775
"../../../Engine/Content/Internationalization/icudt64l/lang/pt_ST.res" 1776
"../../../Engine/Content/Internationalization/icudt64l/region/pt_ST.res" 1777
"../../../Engine/Content/Internationalization/icudt64l/lang/pt_TL.res" 1778
"../../../Engine/Content/Internationalization/icudt64l/region/pt_TL.res" 1779
"../../../Engine/Content/Internationalization/icudt64l/lang/qu.res" 1780
"../../../Engine/Content/Internationalization/icudt64l/region/qu.res" 1781
"../../../Engine/Content/Internationalization/icudt64l/lang/rm.res" 1782
"../../../Engine/Content/Internationalization/icudt64l/region/rm.res" 1783
"../../../Engine/Content/Internationalization/icudt64l/lang/rn.res" 1784
"../../../Engine/Content/Internationalization/icudt64l/region/rn.res" 1785
"../../../Engine/Content/Internationalization/icudt64l/lang/ro.res" 1786
"../../../Engine/Content/Internationalization/icudt64l/lang/ro_MD.res" 1787
"../../../Engine/Content/Internationalization/icudt64l/region/ro_MD.res" 1788
"../../../Engine/Content/Internationalization/icudt64l/region/ro.res" 1789
"../../../Engine/Content/Internationalization/icudt64l/lang/rof.res" 1790
"../../../Engine/Content/Internationalization/icudt64l/region/rof.res" 1791
"../../../Engine/Content/Internationalization/icudt64l/lang/ru.res" 1792
"../../../Engine/Content/Internationalization/icudt64l/region/ru.res" 1793
"../../../Engine/Content/Internationalization/icudt64l/region/ru_UA.res" 1794
"../../../Engine/Content/Internationalization/icudt64l/lang/rw.res" 1795
"../../../Engine/Content/Internationalization/icudt64l/region/rw.res" 1796
"../../../Engine/Content/Internationalization/icudt64l/lang/rwk.res" 1797
"../../../Engine/Content/Internationalization/icudt64l/region/rwk.res" 1798
"../../../Engine/Content/Internationalization/icudt64l/lang/sah.res" 1799
"../../../Engine/Content/Internationalization/icudt64l/region/sah.res" 1800
"../../../Engine/Content/Internationalization/icudt64l/lang/saq.res" 1801
"../../../Engine/Content/Internationalization/icudt64l/region/saq.res" 1802
"../../../Engine/Content/Internationalization/icudt64l/lang/sbp.res" 1803
"../../../Engine/Content/Internationalization/icudt64l/region/sbp.res" 1804
"../../../Engine/Content/Internationalization/icudt64l/lang/sd.res" 1805
"../../../Engine/Content/Internationalization/icudt64l/region/sd.res" 1806
"../../../Engine/Content/Internationalization/icudt64l/lang/se.res" 1807
"../../../Engine/Content/Internationalization/icudt64l/lang/se_FI.res" 1808
"../../../Engine/Content/Internationalization/icudt64l/region/se_FI.res" 1809
"../../../Engine/Content/Internationalization/icudt64l/region/se.res" 1810
"../../../Engine/Content/Internationalization/icudt64l/lang/seh.res" 1811
"../../../Engine/Content/Internationalization/icudt64l/region/seh.res" 1812
"../../../Engine/Content/Internationalization/icudt64l/lang/ses.res" 1813
"../../../Engine/Content/Internationalization/icudt64l/region/ses.res" 1814
"../../../Engine/Content/Internationalization/icudt64l/lang/sg.res" 1815
"../../../Engine/Content/Internationalization/icudt64l/region/sg.res" 1816
"../../../Engine/Content/Internationalization/icudt64l/lang/shi.res" 1817
"../../../Engine/Content/Internationalization/icudt64l/lang/shi_Latn.res" 1818
"../../../Engine/Content/Internationalization/icudt64l/lang/shi_MA.res" 1819
"../../../Engine/Content/Internationalization/icudt64l/lang/shi_Tfng_MA.res" 1820
"../../../Engine/Content/Internationalization/icudt64l/lang/shi_Tfng.res" 1821
"../../../Engine/Content/Internationalization/icudt64l/region/shi_MA.res" 1822
"../../../Engine/Content/Internationalization/icudt64l/region/shi_Tfng_MA.res" 1823
"../../../Engine/Content/Internationalization/icudt64l/region/shi_Tfng.res" 1824
"../../../Engine/Content/Internationalization/icudt64l/region/shi.res" 1825
"../../../Engine/Content/Internationalization/icudt64l/region/shi_Latn.res" 1826
"../../../Engine/Content/Internationalization/icudt64l/lang/si.res" 1827
"../../../Engine/Content/Internationalization/icudt64l/region/si.res" 1828
"../../../Engine/Content/Internationalization/icudt64l/lang/sk.res" 1829
"../../../Engine/Content/Internationalization/icudt64l/region/sk.res" 1830
"../../../Engine/Content/Internationalization/icudt64l/lang/sl.res" 1831
"../../../Engine/Content/Internationalization/icudt64l/region/sl.res" 1832
"../../../Engine/Content/Internationalization/icudt64l/lang/smn.res" 1833
"../../../Engine/Content/Internationalization/icudt64l/region/smn.res" 1834
"../../../Engine/Content/Internationalization/icudt64l/lang/sn.res" 1835
"../../../Engine/Content/Internationalization/icudt64l/region/sn.res" 1836
"../../../Engine/Content/Internationalization/icudt64l/lang/so.res" 1837
"../../../Engine/Content/Internationalization/icudt64l/region/so.res" 1838
"../../../Engine/Content/Internationalization/icudt64l/lang/sq.res" 1839
"../../../Engine/Content/Internationalization/icudt64l/region/sq.res" 1840
"../../../Engine/Content/Internationalization/icudt64l/lang/sr.res" 1841
"../../../Engine/Content/Internationalization/icudt64l/lang/sr_Cyrl.res" 1842
"../../../Engine/Content/Internationalization/icudt64l/lang/sr_BA.res" 1843
"../../../Engine/Content/Internationalization/icudt64l/lang/sr_Cyrl_BA.res" 1844
"../../../Engine/Content/Internationalization/icudt64l/region/sr_BA.res" 1845
"../../../Engine/Content/Internationalization/icudt64l/region/sr_Cyrl_BA.res" 1846
"../../../Engine/Content/Internationalization/icudt64l/region/sr_Cyrl.res" 1847
"../../../Engine/Content/Internationalization/icudt64l/region/sr.res" 1848
"../../../Engine/Content/Internationalization/icudt64l/lang/sr_ME.res" 1849
"../../../Engine/Content/Internationalization/icudt64l/lang/sr_Latn_ME.res" 1850
"../../../Engine/Content/Internationalization/icudt64l/lang/sr_Latn.res" 1851
"../../../Engine/Content/Internationalization/icudt64l/region/sr_ME.res" 1852
"../../../Engine/Content/Internationalization/icudt64l/region/sr_Latn_ME.res" 1853
"../../../Engine/Content/Internationalization/icudt64l/region/sr_Latn.res" 1854
"../../../Engine/Content/Internationalization/icudt64l/lang/sr_Cyrl_ME.res" 1855
"../../../Engine/Content/Internationalization/icudt64l/region/sr_Cyrl_ME.res" 1856
"../../../Engine/Content/Internationalization/icudt64l/lang/sr_RS.res" 1857
"../../../Engine/Content/Internationalization/icudt64l/lang/sr_Cyrl_RS.res" 1858
"../../../Engine/Content/Internationalization/icudt64l/region/sr_RS.res" 1859
"../../../Engine/Content/Internationalization/icudt64l/region/sr_Cyrl_RS.res" 1860
"../../../Engine/Content/Internationalization/icudt64l/lang/sr_XK.res" 1861
"../../../Engine/Content/Internationalization/icudt64l/lang/sr_Cyrl_XK.res" 1862
"../../../Engine/Content/Internationalization/icudt64l/region/sr_XK.res" 1863
"../../../Engine/Content/Internationalization/icudt64l/region/sr_Cyrl_XK.res" 1864
"../../../Engine/Content/Internationalization/icudt64l/lang/sr_Latn_BA.res" 1865
"../../../Engine/Content/Internationalization/icudt64l/region/sr_Latn_BA.res" 1866
"../../../Engine/Content/Internationalization/icudt64l/lang/sr_Latn_RS.res" 1867
"../../../Engine/Content/Internationalization/icudt64l/region/sr_Latn_RS.res" 1868
"../../../Engine/Content/Internationalization/icudt64l/lang/sr_Latn_XK.res" 1869
"../../../Engine/Content/Internationalization/icudt64l/region/sr_Latn_XK.res" 1870
"../../../Engine/Content/Internationalization/icudt64l/lang/sv.res" 1871
"../../../Engine/Content/Internationalization/icudt64l/region/sv.res" 1872
"../../../Engine/Content/Internationalization/icudt64l/lang/sv_FI.res" 1873
"../../../Engine/Content/Internationalization/icudt64l/lang/sw.res" 1874
"../../../Engine/Content/Internationalization/icudt64l/lang/sw_CD.res" 1875
"../../../Engine/Content/Internationalization/icudt64l/region/sw_CD.res" 1876
"../../../Engine/Content/Internationalization/icudt64l/region/sw.res" 1877
"../../../Engine/Content/Internationalization/icudt64l/lang/sw_KE.res" 1878
"../../../Engine/Content/Internationalization/icudt64l/region/sw_KE.res" 1879
"../../../Engine/Content/Internationalization/icudt64l/lang/ta.res" 1880
"../../../Engine/Content/Internationalization/icudt64l/region/ta.res" 1881
"../../../Engine/Content/Internationalization/icudt64l/lang/te.res" 1882
"../../../Engine/Content/Internationalization/icudt64l/region/te.res" 1883
"../../../Engine/Content/Internationalization/icudt64l/lang/teo.res" 1884
"../../../Engine/Content/Internationalization/icudt64l/region/teo.res" 1885
"../../../Engine/Content/Internationalization/icudt64l/lang/tg.res" 1886
"../../../Engine/Content/Internationalization/icudt64l/region/tg.res" 1887
"../../../Engine/Content/Internationalization/icudt64l/lang/th.res" 1888
"../../../Engine/Content/Internationalization/icudt64l/lang/th_TH.res" 1889
"../../../Engine/Content/Internationalization/icudt64l/region/th_TH.res" 1890
"../../../Engine/Content/Internationalization/icudt64l/region/th.res" 1891
"../../../Engine/Content/Internationalization/icudt64l/lang/ti.res" 1892
"../../../Engine/Content/Internationalization/icudt64l/region/ti.res" 1893
"../../../Engine/Content/Internationalization/icudt64l/lang/tk.res" 1894
"../../../Engine/Content/Internationalization/icudt64l/region/tk.res" 1895
"../../../Engine/Content/Internationalization/icudt64l/lang/to.res" 1896
"../../../Engine/Content/Internationalization/icudt64l/region/to.res" 1897
"../../../Engine/Content/Internationalization/icudt64l/lang/tr.res" 1898
"../../../Engine/Content/Internationalization/icudt64l/region/tr.res" 1899
"../../../Engine/Content/Internationalization/icudt64l/lang/tt.res" 1900
"../../../Engine/Content/Internationalization/icudt64l/region/tt.res" 1901
"../../../Engine/Content/Internationalization/icudt64l/lang/twq.res" 1902
"../../../Engine/Content/Internationalization/icudt64l/region/twq.res" 1903
"../../../Engine/Content/Internationalization/icudt64l/lang/tzm.res" 1904
"../../../Engine/Content/Internationalization/icudt64l/region/tzm.res" 1905
"../../../Engine/Content/Internationalization/icudt64l/lang/ug.res" 1906
"../../../Engine/Content/Internationalization/icudt64l/region/ug.res" 1907
"../../../Engine/Content/Internationalization/icudt64l/lang/uk.res" 1908
"../../../Engine/Content/Internationalization/icudt64l/region/uk.res" 1909
"../../../Engine/Content/Internationalization/icudt64l/lang/ur.res" 1910
"../../../Engine/Content/Internationalization/icudt64l/lang/ur_IN.res" 1911
"../../../Engine/Content/Internationalization/icudt64l/region/ur_IN.res" 1912
"../../../Engine/Content/Internationalization/icudt64l/region/ur.res" 1913
"../../../Engine/Content/Internationalization/icudt64l/lang/uz.res" 1914
"../../../Engine/Content/Internationalization/icudt64l/lang/uz_Arab.res" 1915
"../../../Engine/Content/Internationalization/icudt64l/lang/uz_AF.res" 1916
"../../../Engine/Content/Internationalization/icudt64l/lang/uz_Arab_AF.res" 1917
"../../../Engine/Content/Internationalization/icudt64l/region/uz_AF.res" 1918
"../../../Engine/Content/Internationalization/icudt64l/region/uz_Arab_AF.res" 1919
"../../../Engine/Content/Internationalization/icudt64l/region/uz_Arab.res" 1920
"../../../Engine/Content/Internationalization/icudt64l/lang/uz_Cyrl.res" 1921
"../../../Engine/Content/Internationalization/icudt64l/lang/uz_UZ.res" 1922
"../../../Engine/Content/Internationalization/icudt64l/lang/uz_Latn_UZ.res" 1923
"../../../Engine/Content/Internationalization/icudt64l/lang/uz_Latn.res" 1924
"../../../Engine/Content/Internationalization/icudt64l/region/uz_UZ.res" 1925
"../../../Engine/Content/Internationalization/icudt64l/region/uz_Latn_UZ.res" 1926
"../../../Engine/Content/Internationalization/icudt64l/region/uz_Latn.res" 1927
"../../../Engine/Content/Internationalization/icudt64l/region/uz.res" 1928
"../../../Engine/Content/Internationalization/icudt64l/region/uz_Cyrl.res" 1929
"../../../Engine/Content/Internationalization/icudt64l/lang/vai.res" 1930
"../../../Engine/Content/Internationalization/icudt64l/lang/vai_Latn.res" 1931
"../../../Engine/Content/Internationalization/icudt64l/lang/vai_LR.res" 1932
"../../../Engine/Content/Internationalization/icudt64l/lang/vai_Vaii_LR.res" 1933
"../../../Engine/Content/Internationalization/icudt64l/lang/vai_Vaii.res" 1934
"../../../Engine/Content/Internationalization/icudt64l/region/vai_LR.res" 1935
"../../../Engine/Content/Internationalization/icudt64l/region/vai_Vaii_LR.res" 1936
"../../../Engine/Content/Internationalization/icudt64l/region/vai_Vaii.res" 1937
"../../../Engine/Content/Internationalization/icudt64l/region/vai.res" 1938
"../../../Engine/Content/Internationalization/icudt64l/region/vai_Latn.res" 1939
"../../../Engine/Content/Internationalization/icudt64l/lang/vi.res" 1940
"../../../Engine/Content/Internationalization/icudt64l/region/vi.res" 1941
"../../../Engine/Content/Internationalization/icudt64l/lang/vun.res" 1942
"../../../Engine/Content/Internationalization/icudt64l/region/vun.res" 1943
"../../../Engine/Content/Internationalization/icudt64l/lang/wae.res" 1944
"../../../Engine/Content/Internationalization/icudt64l/region/wae.res" 1945
"../../../Engine/Content/Internationalization/icudt64l/lang/wo.res" 1946
"../../../Engine/Content/Internationalization/icudt64l/region/wo.res" 1947
"../../../Engine/Content/Internationalization/icudt64l/lang/xh.res" 1948
"../../../Engine/Content/Internationalization/icudt64l/region/xh.res" 1949
"../../../Engine/Content/Internationalization/icudt64l/lang/xog.res" 1950
"../../../Engine/Content/Internationalization/icudt64l/region/xog.res" 1951
"../../../Engine/Content/Internationalization/icudt64l/lang/yav.res" 1952
"../../../Engine/Content/Internationalization/icudt64l/region/yav.res" 1953
"../../../Engine/Content/Internationalization/icudt64l/lang/yi.res" 1954
"../../../Engine/Content/Internationalization/icudt64l/region/yi.res" 1955
"../../../Engine/Content/Internationalization/icudt64l/lang/yo.res" 1956
"../../../Engine/Content/Internationalization/icudt64l/lang/yo_BJ.res" 1957
"../../../Engine/Content/Internationalization/icudt64l/region/yo_BJ.res" 1958
"../../../Engine/Content/Internationalization/icudt64l/region/yo.res" 1959
"../../../Engine/Content/Internationalization/icudt64l/lang/yue.res" 1960
"../../../Engine/Content/Internationalization/icudt64l/lang/yue_Hans.res" 1961
"../../../Engine/Content/Internationalization/icudt64l/lang/yue_CN.res" 1962
"../../../Engine/Content/Internationalization/icudt64l/lang/yue_Hans_CN.res" 1963
"../../../Engine/Content/Internationalization/icudt64l/region/yue_CN.res" 1964
"../../../Engine/Content/Internationalization/icudt64l/region/yue_Hans_CN.res" 1965
"../../../Engine/Content/Internationalization/icudt64l/region/yue_Hans.res" 1966
"../../../Engine/Content/Internationalization/icudt64l/lang/yue_Hant.res" 1967
"../../../Engine/Content/Internationalization/icudt64l/lang/yue_HK.res" 1968
"../../../Engine/Content/Internationalization/icudt64l/lang/yue_Hant_HK.res" 1969
"../../../Engine/Content/Internationalization/icudt64l/region/yue_HK.res" 1970
"../../../Engine/Content/Internationalization/icudt64l/region/yue_Hant_HK.res" 1971
"../../../Engine/Content/Internationalization/icudt64l/region/yue_Hant.res" 1972
"../../../Engine/Content/Internationalization/icudt64l/region/yue.res" 1973
"../../../Engine/Content/Internationalization/icudt64l/lang/zgh.res" 1974
"../../../Engine/Content/Internationalization/icudt64l/region/zgh.res" 1975
"../../../Engine/Content/Internationalization/icudt64l/lang/zh.res" 1976
"../../../Engine/Content/Internationalization/icudt64l/lang/zh_Hans.res" 1977
"../../../Engine/Content/Internationalization/icudt64l/lang/zh_CN.res" 1978
"../../../Engine/Content/Internationalization/icudt64l/lang/zh_Hans_CN.res" 1979
"../../../Engine/Content/Internationalization/icudt64l/region/zh_CN.res" 1980
"../../../Engine/Content/Internationalization/icudt64l/region/zh_Hans_CN.res" 1981
"../../../Engine/Content/Internationalization/icudt64l/region/zh_Hans.res" 1982
"../../../Engine/Content/Internationalization/icudt64l/region/zh.res" 1983
"../../../Engine/Content/Internationalization/icudt64l/lang/zh_HK.res" 1984
"../../../Engine/Content/Internationalization/icudt64l/lang/zh_Hant_HK.res" 1985
"../../../Engine/Content/Internationalization/icudt64l/lang/zh_Hant.res" 1986
"../../../Engine/Content/Internationalization/icudt64l/region/zh_HK.res" 1987
"../../../Engine/Content/Internationalization/icudt64l/region/zh_Hant_HK.res" 1988
"../../../Engine/Content/Internationalization/icudt64l/region/zh_Hant.res" 1989
"../../../Engine/Content/Internationalization/icudt64l/lang/zh_MO.res" 1990
"../../../Engine/Content/Internationalization/icudt64l/lang/zh_Hant_MO.res" 1991
"../../../Engine/Content/Internationalization/icudt64l/region/zh_MO.res" 1992
"../../../Engine/Content/Internationalization/icudt64l/region/zh_Hant_MO.res" 1993
"../../../Engine/Content/Internationalization/icudt64l/lang/zh_SG.res" 1994
"../../../Engine/Content/Internationalization/icudt64l/lang/zh_Hans_SG.res" 1995
"../../../Engine/Content/Internationalization/icudt64l/region/zh_SG.res" 1996
"../../../Engine/Content/Internationalization/icudt64l/region/zh_Hans_SG.res" 1997
"../../../Engine/Content/Internationalization/icudt64l/lang/zh_TW.res" 1998
"../../../Engine/Content/Internationalization/icudt64l/lang/zh_Hant_TW.res" 1999
"../../../Engine/Content/Internationalization/icudt64l/region/zh_TW.res" 2000
"../../../Engine/Content/Internationalization/icudt64l/region/zh_Hant_TW.res" 2001
"../../../Engine/Content/Internationalization/icudt64l/lang/zu.res" 2002
"../../../Engine/Content/Internationalization/icudt64l/region/zu.res" 2003
"../../../Engine/Content/Internationalization/icudt64l/lang/no.res" 2004
"../../../Engine/Content/Internationalization/icudt64l/lang/tl.res" 2005
"../../../Engine/Config/Android/DataDrivenPlatformInfo.ini" 2006
"../../../Engine/Config/IOS/DataDrivenPlatformInfo.ini" 2007
"../../../Engine/Config/Linux/DataDrivenPlatformInfo.ini" 2008
"../../../Engine/Config/Mac/DataDrivenPlatformInfo.ini" 2009
"../../../Engine/Config/TVOS/DataDrivenPlatformInfo.ini" 2010
"../../../Engine/Config/Unix/DataDrivenPlatformInfo.ini" 2011
"../../../Engine/Config/VulkanPC/DataDrivenPlatformInfo.ini" 2012
"../../../Engine/Config/Windows/DataDrivenPlatformInfo.ini" 2013
"../../../Engine/Platforms/VisionOS/Config/DataDrivenPlatformInfo.ini" 2014
"../../../Engine/DerivedDataCache/Compressed.ddp" 2015
"C:/Users/Kiah/AppData/Local/UnrealEngine/5.7/Saved/Zen/zen.version" 2016
"C:/Users/Kiah/AppData/Local/UnrealEngine/Common/Zen/Install/zen.version" 2017
"C:/Users/Kiah/AppData/Local/UnrealEngine/Common/Zen/Install/zenserver.runcontext" 2018
"C:/Users/Kiah/AppData/Local/UnrealEngine/Common/DerivedDataCache/TestData/0/TestData_4kb.dat" 2019
"C:/Users/Kiah/AppData/Local/UnrealEngine/Common/DerivedDataCache/TestData/1/TestData_4kb.dat" 2020
"C:/Users/Kiah/AppData/Local/UnrealEngine/Common/DerivedDataCache/TestData/0/TestData_8kb.dat" 2021
"C:/Users/Kiah/AppData/Local/UnrealEngine/Common/DerivedDataCache/TestData/1/TestData_8kb.dat" 2022
"C:/Users/Kiah/AppData/Local/UnrealEngine/Common/DerivedDataCache/TestData/0/TestData_16kb.dat" 2023
"C:/Users/Kiah/AppData/Local/UnrealEngine/Common/DerivedDataCache/TestData/1/TestData_16kb.dat" 2024
"C:/Users/Kiah/AppData/Local/UnrealEngine/Common/DerivedDataCache/TestData/0/TestData_64kb.dat" 2025
"C:/Users/Kiah/AppData/Local/UnrealEngine/Common/DerivedDataCache/TestData/1/TestData_64kb.dat" 2026
"C:/Users/Kiah/AppData/Local/UnrealEngine/Common/DerivedDataCache/TestData/0/TestData_128kb.dat" 2027
"C:/Users/Kiah/AppData/Local/UnrealEngine/Common/DerivedDataCache/TestData/1/TestData_128kb.dat" 2028
"C:/Users/Kiah/AppData/Local/UnrealEngine/Common/DerivedDataCache/TestData/0/TestData_256kb.dat" 2029
"C:/Users/Kiah/AppData/Local/UnrealEngine/Common/DerivedDataCache/TestData/1/TestData_256kb.dat" 2030
"C:/Users/Kiah/AppData/Roaming/Unreal Engine/UnrealBuildTool/BuildConfiguration.xml" 2031
"../../../../../../Users/Kiah/Documents/Unreal Projects/Nebula/Intermediate/ShaderAutogen/PCD3D_SM6/AutogenShaderHeaders.ush" 2032
"../../../Engine/Shaders/Private/HairStrands/HairStrandsVertexFactory.ush" 2033
"../../../Engine/Shaders/Private/VertexFactoryCommon.ush" 2034
"../../../Engine/Shaders/Private/Common.ush" 2035
"../../../Engine/Shaders/Public/Platform.ush" 2036
"../../../Engine/Shaders/Public/FP16Math.ush" 2037
"../../../Engine/Shaders/Public/Platform/D3D/D3DCommon.ush" 2038
"../../../Engine/Shaders/Shared/HLSLReservedSpaces.h" 2039
"../../../Engine/Shaders/Public/BindlessResources.ush" 2040
"../../../Engine/Shaders/Public/Platform/D3D/PlatformBindlessResources.ush" 2041
"../../../Engine/Shaders/Shared/RayTracingBuiltInResources.h" 2042
"../../../Engine/Shaders/Shared/RayTracingDefinitions.h" 2043
"../../../Engine/Shaders/Shared/MaterialCacheDefinitions.h" 2044
"../../../Engine/Shaders/Shared/HLSLTypeAliases.h" 2045
"../../../Engine/Shaders/Public/IndirectVirtualTexture.ush" 2046
"../../../Engine/Shaders/Shared/IndirectVirtualTextureDefinitions.h" 2047
"../../../Engine/Shaders/Public/OverloadMacros.ush" 2048
"../../../Engine/Shaders/Public/ShaderVersion.ush" 2049
"../../../Engine/Shaders/Shared/ThirdParty/NVIDIA/nvHLSLExtns.h" 2050
"../../../Engine/Shaders/Shared/ThirdParty/NVIDIA/nvHLSLExtnsInternal.h" 2051
"../../../Engine/Shaders/Shared/ThirdParty/NVIDIA/nvShaderExtnEnums.h" 2052
"../../../Engine/Shaders/Private/PackUnpack.ush" 2053
"../../../Engine/Shaders/Private/GeneratedUniformBufferTypes.ush" 2054
"../../../Engine/Shaders/Private/Nanite/NanitePackedNaniteView.ush" 2055
"../../../Engine/Shaders/Private/HairStrands/HairStrandsVisibilityCommonStruct.ush" 2056
"../../../Engine/Shaders/Private/HairStrands/HairStrandsVoxelPageCommonStruct.ush" 2057
"../../../Engine/Shaders/Private/HairStrands/HairStrandsDeepShadowCommonStruct.ush" 2058
"../../../Engine/Shaders/Shared/LightSceneData.h" 2059
"../../../Engine/Shaders/Private/LargeWorldCoordinates.ush" 2060
"../../../Engine/Shaders/Private/DoubleFloat.ush" 2061
"../../../Engine/Shaders/Private/RandomPCG.ush" 2062
"../../../Engine/Shaders/Private/DoubleFloatOperations.ush" 2063
"../../../Engine/Shaders/Private/DoubleFloatVectorDefinition.ush" 2064
"../../../Engine/Shaders/Private/LWCOperations.ush" 2065
"../../../Engine/Shaders/Shared/LightViewData.h" 2066
"../../../Engine/Shaders/Shared/RayTracingTypes.h" 2067
"../../../Engine/Shaders/Shared/HLSLStaticAssert.h" 2068
"../../../Engine/Shaders/Private/CommonViewUniformBuffer.ush" 2069
"../../../Engine/Shaders/Private/InstancedStereo.ush" 2070
"../../../Engine/Shaders/Private/Definitions.usf" 2071
"../../../Engine/Shaders/Private/AssertionMacros.ush" 2072
"../../../Engine/Shaders/Private/FastMath.ush" 2073
"../../../Engine/Shaders/Private/FastMathThirdParty.ush" 2074
"../../../Engine/Shaders/Private/Random.ush" 2075
"../../../Engine/Shaders/Private/RandomInterleavedGradientNoise.ush" 2076
"../../../Engine/Shaders/Private/SceneData.ush" 2077
"../../../Engine/Shaders/Private/OctahedralCommon.ush" 2078
"../../../Engine/Shaders/Private/WaveOpUtil.ush" 2079
"../../../Engine/Shaders/Private/ByteBuffer.ush" 2080
"../../../Engine/Shaders/Shared/SceneDefinitions.h" 2081
"../../../Engine/Shaders/Private/SceneDataMobileLoader.ush" 2082
"../../../Engine/Shaders/Private/LocalVertexFactoryCommon.ush" 2083
"../../../Engine/Shaders/Private/HairStrands/HairStrandsVisibilityCommon.ush" 2084
"../../../Engine/Shaders/Shared/HairStrandsDefinitions.h" 2085
"../../../Engine/Shaders/Private/HairStrands/HairStrandsVertexFactoryCommon.ush" 2086
"../../../Engine/Shaders/Private/HairStrands/HairStrandsPack.ush" 2087
"../../../Engine/Shaders/Private/HairStrands/HairStrandsAttributeCommon.ush" 2088
"../../../Engine/Shaders/Private/HairStrands/HairStrandsAttributeTemplate.ush" 2089
"../../../Engine/Shaders/Private/VertexFactoryDefaultInterface.ush" 2090
"../../../Engine/Shaders/Private/HairStrands/HairCardsVertexFactory.ush" 2091
"../../../Engine/Shaders/Private/HairStrands/HairCardsAttributeCommon.ush" 2092
"../../../Engine/Shaders/Private/RayTracing/RayTracingCommon.ush" 2093
"../../../Engine/Shaders/Private/ShadingCommon.ush" 2094
"../../../Engine/Shaders/Shared/RayTracingPayloadType.h" 2095
"../../../Engine/Shaders/Private/RayTracing/RayTracingRayCone.ush" 2096
"../../../Engine/Shaders/Private/Substrate/Substrate.ush" 2097
"../../../Engine/Shaders/Private/ShadingEnergyConservation.ush" 2098
"../../../Engine/Shaders/Private/ShadingEnergyConservationTemplate.ush" 2099
"../../../Engine/Shaders/Private/BRDF.ush" 2100
"../../../Engine/Shaders/Private/ColorSpace.ush" 2101
"../../../Engine/Shaders/Private/DeferredShadingCommon.ush" 2102
"../../../Engine/Shaders/Private/LightAccumulator.ush" 2103
"../../../Engine/Shaders/Private/SceneTexturesCommon.ush" 2104
"../../../Engine/Shaders/Private/MonteCarlo.ush" 2105
"../../../Engine/Shaders/Private/GBufferHelpers.ush" 2106
"../../../Engine/Shaders/Private/SceneTextureParameters.ush" 2107
"C:/Users/Kiah/Documents/Unreal Projects/Nebula/Intermediate/ShaderAutogen/PCD3D_SM6/AutogenShaderHeaders.ush" 2108
"../../../Engine/Shaders/Private/ParticipatingMediaCommon.ush" 2109
"../../../Engine/Shaders/Private/ThinFilmBSDF.ush" 2110
"../../../Engine/Shaders/Private/MortonCode.ush" 2111
"../../../Engine/Shaders/Private/SubsurfaceProfileCommon.ush" 2112
"../../../Engine/Shaders/Private/BurleyNormalizedSSSCommon.ush" 2113
"../../../Engine/Shaders/Private/GammaCorrectionCommon.ush" 2114
"../../../Engine/Shaders/Shared/SubstrateDefinitions.h" 2115
"../../../Engine/Shaders/Private/Substrate/SubstrateStatisticalOperators.ush" 2116
"../../../Engine/Shaders/Private/Substrate/SubstrateSubsurface.ush" 2117
"../../../Engine/Shaders/Private/TransmissionCommon.ush" 2118
"../../../Engine/Shaders/Private/Substrate/SubstrateExportCommon.ush" 2119
"../../../Engine/Shaders/Private/SpecularProfileCommon.ush" 2120
"../../../Engine/Shaders/Private/RayTracing/RayTracingCommonMetal.ush" 2121
"../../../Engine/Shaders/Private/PositionReconstructionCommon.ush" 2122
"../../../Engine/Shaders/Private/RayTracing/TraceRayInline.ush" 2123
"../../../Engine/Shaders/Private/RayTracing/TraceRayInlineCommon.ush" 2124
"../../../Engine/Shaders/Private/RayTracing/TraceRayInlineVulkan.ush" 2125
"../../../Engine/Shaders/Private/RayTracing/TraceRayInlineMetal.ush" 2126
"../../../Engine/Shaders/Private/RayTracing/RayTracingHitGroupCommon.ush" 2127
"../../../Engine/Shaders/Private/Nanite/NaniteRayTrace.ush" 2128
"../../../Engine/Shaders/Private/Nanite/NaniteDataDecode.ush" 2129
"../../../Engine/Shaders/Private/BitPacking.ush" 2130
"../../../Engine/Shaders/Private/BitStreamReaderImplementation.ush" 2131
"../../../Engine/Shaders/Private/BoneTransform.ush" 2132
"../../../Engine/Shaders/Private/Quaternion.ush" 2133
"../../../Engine/Shaders/Private/Skinning/SkinningDataDecode.ush" 2134
"../../../Engine/Shaders/Private/GpuSkinCommon.ush" 2135
"../../../Engine/Shaders/Shared/SkinningDefinitions.h" 2136
"../../../Engine/Shaders/Shared/NaniteDefinitions.h" 2137
"../../../Engine/Shaders/Private/Nanite/NaniteAttributeDecode.ush" 2138
"../../../Engine/Shaders/Private/Barycentrics.ush" 2139
"../../../Engine/Shaders/Private/DualNumber.ush" 2140
"../../../Engine/Shaders/Shared/ThirdParty/RayTriangleIntersection.h" 2141
"../../../Engine/Shaders/Private/Nanite/NaniteVertexFetch.ush" 2142
"../../../Engine/Shaders/Private/ViewData.ush" 2143
"../../../Engine/Shaders/Shared/ViewDefinitions.h" 2144
"../../../Engine/Shaders/Private/Nanite/NaniteSceneCommon.ush" 2145
"../../../Engine/Shaders/Private/RayTracing/TraceRayInlineD3D12.ush" 2146
"../../../Engine/Plugins/FX/Niagara/Shaders/Private/NiagaraSpriteVertexFactory.ush" 2147
"../../../Engine/Shaders/Private/ParticleVertexFactoryCommon.ush" 2148
"../../../Engine/Plugins/FX/Niagara/Shaders/Private/NiagaraVFCommon.usf" 2149
"../../../Engine/Plugins/FX/Niagara/Shaders/Private/NiagaraVFParticleAccess.usf" 2150
"../../../Engine/Plugins/FX/Niagara/Shaders/Private/NiagaraParticleAccess.ush" 2151
"../../../Engine/Plugins/FX/Niagara/Shaders/Private/NiagaraRibbonVertexFactory.ush" 2152
"../../../Engine/Plugins/FX/Niagara/Shaders/Private/NiagaraMeshVertexFactory.ush" 2153
"../../../Engine/Plugins/FX/Niagara/Shaders/Private/NiagaraCommon.ush" 2154
"../../../Engine/Plugins/FX/Niagara/Shaders/Private/NiagaraMeshParticleUtils.ush" 2155
"../../../Engine/Shaders/Private/VectorFieldVisualizationVertexFactory.ush" 2156
"../../../Engine/Shaders/Private/Nanite/NaniteVertexFactory.ush" 2157
"../../../Engine/Shaders/Private/LightmapData.ush" 2158
"../../../Engine/Shaders/Private/SplineMeshCommon.ush" 2159
"../../../Engine/Shaders/Shared/SplineMeshShaderParams.h" 2160
"../../../Engine/Shaders/Private/ShaderPrint.ush" 2161
"../../../Engine/Shaders/Private/ShaderPrintCommon.ush" 2162
"../../../Engine/Shaders/Private/MiniFontCommon.ush" 2163
"../../../Engine/Shaders/Private/SGGX.ush" 2164
"../../../Engine/Shaders/Private/MaterialCache/MaterialCacheCommon.ush" 2165
"../../../Engine/Shaders/Private/Nanite/NaniteVertexDeformation.ush" 2166
"../../../Engine/Shaders/Private/Matrices.ush" 2167
"../../../Engine/Shaders/Private/ParticleSpriteVertexFactory.ush" 2168
"../../../Engine/Shaders/Private/ParticleGPUSpriteVertexFactory.ush" 2169
"../../../Engine/Shaders/Private/ParticleSimulationCommon.ush" 2170
"../../../Engine/Shaders/Private/ParticleBeamTrailVertexFactory.ush" 2171
"../../../Engine/Shaders/Private/MeshParticleVertexFactory.ush" 2172
"../../../Engine/Shaders/Private/LocalVertexFactory.ush" 2173
"../../../Engine/Shaders/Private/GpuSkinVertexFactory.ush" 2174
"../../../Engine/Shaders/Private/GeometryCollectionVertexFactory.ush" 2175
"../../../Engine/Shaders/Private/GeometryCacheVertexFactory.ush" 2176
"../../../Engine/Shaders/Private/LandscapeVertexFactory.ush" 2177
"../../../Engine/Plugins/Enterprise/GLTFExporter/Shaders/Private/SimpleTexture2DPS.usf" 2178
"../../../Engine/Shaders/Private/SimpleElementNormalMapPixelShader.usf" 2179
"../../../Engine/Plugins/NNE/NNEDenoiser/Shaders/NNEDenoiserShadersTransferFunctionOidn.usf" 2180
"../../../Engine/Plugins/NNE/NNEDenoiser/Shaders/NNEDenoiserShadersMappedCopy.usf" 2181
"../../../Engine/Plugins/NNE/NNEDenoiser/Shaders/NNEDenoiserShadersDefaultIOProcess.usf" 2182
"../../../Engine/Plugins/NNE/NNEDenoiser/Shaders/NNEDenoiserShadersAutoExposureReduceFinal.usf" 2183
"../../../Engine/Plugins/NNE/NNEDenoiser/Shaders/NNEDenoiserShadersAutoExposureReduce.usf" 2184
"../../../Engine/Plugins/NNE/NNEDenoiser/Shaders/NNEDenoiserShadersAutoExposureDownsample.usf" 2185
"../../../Engine/Plugins/Media/WmfMedia/Shaders/Private/MediaHardwareVideoDecoding.usf" 2186
"../../../Engine/Shaders/Private/ColorUtils.ush" 2187
"../../../Engine/Plugins/Media/ImgMedia/Shaders/Private/ExrSwizzler.usf" 2188
"../../../Engine/Plugins/Compositing/CompositeCore/Shaders/Private/CompositeCoreMerge.usf" 2189
"../../../Engine/Shaders/Private/ScreenPass.ush" 2190
"../../../Engine/Shaders/Private/LensDistortion.ush" 2191
"../../../Engine/Plugins/Compositing/CompositeCore/Shaders/Private/CompositeCoreBlending.ush" 2192
"../../../Engine/Plugins/Compositing/CompositeCore/Shaders/Private/CompositeCoreDisplayTransform.usf" 2193
"../../../Engine/Plugins/Compositing/CompositeCore/Shaders/Private/CompositeCoreDilate.usf" 2194
"../../../Engine/Plugins/Runtime/HairStrands/Shaders/Private/NiagaraCopyVelocityGrid.usf" 2195
"../../../Engine/Plugins/Runtime/HairStrands/Shaders/Private/NiagaraClearVelocityGrid.usf" 2196
"../../../Engine/Plugins/Runtime/HairStrands/Shaders/Private/NiagaraClearPressureGrid.usf" 2197
"../../../Engine/Plugins/Runtime/HairStrands/Shaders/Private/NiagaraInterpolateGroomGuides.usf" 2198
"../../../Engine/Plugins/Runtime/HairStrands/Shaders/Private/NiagaraGroomInterpolationUtils.ush" 2199
"../../../Engine/Plugins/FX/Niagara/Shaders/Private/NiagaraQuaternionUtils.ush" 2200
"../../../Engine/Shaders/Private/HairStrands/HairStrandsMesh.usf" 2201
"../../../Engine/Shaders/Private/HairStrands/HairStrandsBindingCommon.ush" 2202
"../../../Engine/Shaders/Private/HairStrands/HairStrandsFollicleMask.usf" 2203
"../../../Engine/Shaders/Private/HairStrands/HairStrandsSkinUpdate.usf" 2204
"../../../Engine/Shaders/Private/HairStrands/HairStrandsClusterCulling.usf" 2205
"../../../Engine/Shaders/Private/ColorMap.ush" 2206
"../../../Engine/Shaders/Private/HairStrands/HairStrandsAABBCommon.ush" 2207
"../../../Engine/Shaders/Private/HairStrands/HairStrandsClusterCommon.ush" 2208
"../../../Engine/Shaders/Private/ThreadGroupPrefixSum.ush" 2209
"../../../Engine/Shaders/Private/HairStrands/HairStrandsRaytracingGeometry.usf" 2210
"../../../Engine/Shaders/Private/HairStrands/HairStrandsTangent.usf" 2211
"../../../Engine/Shaders/Private/HairStrands/HairCardsDeformation.usf" 2212
"../../../Engine/Shaders/Private/HairStrands/HairStrandsInterpolation.usf" 2213
"../../../Engine/Shaders/Private/HairStrands/HairStrandsGuideDeform.usf" 2214
"../../../Engine/Shaders/Private/HairStrands/HairStrandsTexturesGeneration.usf" 2215
"../../../Engine/Shaders/Private/HairStrands/HairCardsTextureCommon.ush" 2216
"../../../Engine/Shaders/Private/HairStrands/HairStrandsTranscode.usf" 2217
"../../../Engine/Shaders/Private/HairStrands/HairStrandsDebug.usf" 2218
"../../../Engine/Shaders/Private/HairShadingCommon.ush" 2219
"../../../Engine/Shaders/Private/PostProcessCommon.ush" 2220
"../../../Engine/Shaders/Private/ShadingModels.ush" 2221
"../../../Engine/Shaders/Private/CapsuleLight.ush" 2222
"../../../Engine/Shaders/Private/RectLight.ush" 2223
"../../../Engine/Shaders/Private/LightData.ush" 2224
"../../../Engine/Shaders/Shared/LightDefinitions.h" 2225
"../../../Engine/Shaders/Private/AreaLightCommon.ush" 2226
"../../../Engine/Shaders/Private/HairBsdf.ush" 2227
"../../../Engine/Shaders/Private/PathTracing/Utilities/PathTracingRandomSequence.ush" 2228
"../../../Engine/Shaders/Private/MobileGGX.ush" 2229
"../../../Engine/Shaders/Private/HairStrands/HairStrandsCommon.ush" 2230
"../../../Engine/Shaders/Private/HairStrands/HairStrandsEnvironmentLightingCommon.ush" 2231
"../../../Engine/Shaders/Private/HairStrands/HairStrandsDeepTransmittanceCommon.ush" 2232
"../../../Engine/Shaders/Private/HairStrands/HairStrandsDeepTransmittanceDualScattering.ush" 2233
"../../../Engine/Shaders/Private/HairStrands/HairStrandsDeepShadowCommon.ush" 2234
"../../../Engine/Shaders/Private/HairStrands/HairStrandsDebugCommonStruct.ush" 2235
"../../../Engine/Plugins/FX/Niagara/Shaders/Private/NiagaraVertexFactoryExport.usf" 2236
"../../../Engine/Shaders/Private/ComputeShaderUtils.ush" 2237
"../../../Engine/Shaders/Private/MaterialTemplate.ush" 2238
"../../../Engine/Shaders/Private/WorldSpaceMath.ush" 2239
"../../../Engine/Shaders/Private/EyeAdaptationCommon.ush" 2240
"../../../Engine/Shaders/Private/SobolRandom.ush" 2241
"../../../Engine/Shaders/Private/DepthOfFieldCommon.ush" 2242
"../../../Engine/Shaders/Private/CircleDOFCommon.ush" 2243
"../../../Engine/Shaders/Private/DistanceField/GlobalDistanceFieldShared.ush" 2244
"../../../Engine/Shaders/Private/PhysicsFieldSampler.ush" 2245
"../../../Engine/Shaders/Private/PhysicsFieldShared.ush" 2246
"../../../Engine/Shaders/Private/SparseVolumeTexture/SparseVolumeTextureCommon.ush" 2247
"../../../Engine/Shaders/Shared/EnvironmentComponentsFlags.h" 2248
"../../../Engine/Shaders/Private/MeshPaintTextureCommon.ush" 2249
"../../../Engine/Shaders/Private/VirtualTextureMaterial.ush" 2250
"../../../Engine/Shaders/Private/MaterialCache/MaterialCacheMaterialCommon.ush" 2251
"../../../Engine/Shaders/Private/Quantization.ush" 2252
"../../../Engine/Shaders/Private/SpeedTreeCommon.ush" 2253
"../../../Engine/Shaders/Private/VirtualTextureCommon.ush" 2254
"../../../Engine/Shaders/Public/IndirectVirtualTextureCommon.ush" 2255
"../../../Engine/Shaders/Private/MaterialTexture.ush" 2256
"../../../Engine/Shaders/Private/MinMaterialTexCoords.ush" 2257
"../../../Engine/Shaders/Private/SkyAtmosphereCommon.ush" 2258
"../../../Engine/Shaders/Private/SingleLayerWaterCommon.ush" 2259
"../../../Engine/Shaders/Private/TextureSampling.ush" 2260
"../../../Engine/Shaders/Private/PaniniProjection.ush" 2261
"../../../Engine/Shaders/Private/DBufferNormalReprojection.ush" 2262
"../../../Engine/Shaders/Public/SubstratePublic.ush" 2263
"../../../Engine/Shaders/Private/Substrate/SubstrateRead.ush" 2264
"../../../Engine/Shaders/Private/Substrate/SubstrateTree.ush" 2265
"../../../Engine/Shaders/Private/Substrate/SubstrateEvaluation.ush" 2266
"../../../Engine/Shaders/Private/Substrate/Glint/GlintThirdParty.ush" 2267
"../../../Engine/Shaders/Private/BlueNoise.ush" 2268
"../../../Engine/Shaders/Private/SHCommon.ush" 2269
"../../../Engine/Shaders/Private/ShadingModelsSampling.ush" 2270
"../../../Engine/Shaders/Private/HairStrands/HairBsdfSample.ush" 2271
"../../../Engine/Shaders/Private/Substrate/SubstrateLegacyConversion.ush" 2272
"../../../Engine/Shaders/Private/DBufferDecalShared.ush" 2273
"../../../Engine/Plugins/FX/Niagara/Shaders/Private/NiagaraSortKeyGen.usf" 2274
"../../../Engine/Plugins/FX/Niagara/Shaders/Private/NiagaraGPURayTracingTransforms.usf" 2275
"../../../Engine/Plugins/FX/Niagara/Shaders/Private/NiagaraDrawIndirectArgsGen.usf" 2276
"../../../Engine/Plugins/FX/Niagara/Shaders/Private/NiagaraDispatchIndirectArgsGen.usf" 2277
"../../../Engine/Plugins/FX/Niagara/Shaders/Private/Stateless/NiagaraStatelessSimulationDefault.usf" 2278
"../../../Engine/Plugins/FX/Niagara/Shaders/Private/Stateless/NiagaraStatelessCommon.ush" 2279
"../../../Engine/Plugins/FX/Niagara/Shaders/Shared/NiagaraStatelessDefinitions.h" 2280
"../../../Engine/Plugins/FX/Niagara/Shaders/Shared/NiagaraStatelessBuiltDistribution.h" 2281
"../../../Engine/Plugins/FX/Niagara/Shaders/Private/Stateless/NiagaraStatelessDistribution.ush" 2282
"../../../Engine/Plugins/FX/Niagara/Shaders/Private/Stateless/Template/GenerateCS_PreModules.ush" 2283
"../../../Engine/Plugins/FX/Niagara/Shaders/Private/Stateless/Modules/NiagaraStatelessModule_CalculateAccurateVelocity.ush" 2284
"../../../Engine/Plugins/FX/Niagara/Shaders/Private/Stateless/Modules/NiagaraStatelessModule_CameraOffset.ush" 2285
"../../../Engine/Plugins/FX/Niagara/Shaders/Private/Stateless/Modules/NiagaraStatelessModule_DynamicMaterialParameters.ush" 2286
"../../../Engine/Plugins/FX/Niagara/Shaders/Private/Stateless/Modules/NiagaraStatelessModule_InitializeParticle.ush" 2287
"../../../Engine/Plugins/FX/Niagara/Shaders/Private/Stateless/Modules/NiagaraStatelessModule_InitialMeshOrientation.ush" 2288
"../../../Engine/Plugins/FX/Niagara/Shaders/Private/Stateless/Modules/NiagaraStatelessModule_MeshIndex.ush" 2289
"../../../Engine/Plugins/FX/Niagara/Shaders/Private/Stateless/Modules/NiagaraStatelessModule_MeshRotationRate.ush" 2290
"../../../Engine/Plugins/FX/Niagara/Shaders/Private/Stateless/Modules/NiagaraStatelessModule_RotateAroundPoint.ush" 2291
"../../../Engine/Plugins/FX/Niagara/Shaders/Private/Stateless/Modules/NiagaraStatelessModule_ShapeLocation.ush" 2292
"../../../Engine/Plugins/FX/Niagara/Shaders/Private/Stateless/Modules/NiagaraStatelessModule_ScaleColor.ush" 2293
"../../../Engine/Plugins/FX/Niagara/Shaders/Private/Stateless/Modules/NiagaraStatelessModule_ScaleRibbonWidth.ush" 2294
"../../../Engine/Plugins/FX/Niagara/Shaders/Private/Stateless/Modules/NiagaraStatelessModule_ScaleSpriteSize.ush" 2295
"../../../Engine/Plugins/FX/Niagara/Shaders/Private/Stateless/Modules/NiagaraStatelessModule_ScaleSpriteSizeBySpeed.ush" 2296
"../../../Engine/Plugins/FX/Niagara/Shaders/Private/Stateless/Modules/NiagaraStatelessModule_ScaleMeshSize.ush" 2297
"../../../Engine/Plugins/FX/Niagara/Shaders/Private/Stateless/Modules/NiagaraStatelessModule_ScaleMeshSizebySpeed.ush" 2298
"../../../Engine/Plugins/FX/Niagara/Shaders/Private/Stateless/Modules/NiagaraStatelessModule_SolveVelocitiesAndForces.ush" 2299
"../../../Engine/Plugins/FX/Niagara/Shaders/Private/Stateless/Modules/NiagaraStatelessModule_SpriteFacingAndAlignment.ush" 2300
"../../../Engine/Plugins/FX/Niagara/Shaders/Private/Stateless/Modules/NiagaraStatelessModule_SpriteRotationRate.ush" 2301
"../../../Engine/Plugins/FX/Niagara/Shaders/Private/Stateless/Modules/NiagaraStatelessModule_SubUVAnimation.ush" 2302
"../../../Engine/Plugins/FX/Niagara/Shaders/Private/Stateless/Template/GenerateCS_PostModules.ush" 2303
"../../../Engine/Plugins/FX/Niagara/Shaders/Private/NiagaraBlendSVTsToDenseBuffer.usf" 2304
"../../../Engine/Plugins/FX/Niagara/Shaders/Private/NiagaraSVTToDenseBuffer.usf" 2305
"../../../Engine/Plugins/FX/Niagara/Shaders/Private/NiagaraFillIntBuffer.usf" 2306
"../../../Engine/Plugins/FX/Niagara/Shaders/Private/NiagaraComputeFreeIDs.usf" 2307
"../../../Engine/Plugins/FX/Niagara/Shaders/Private/NiagaraInitFreeIDBuffer.usf" 2308
"../../../Engine/Plugins/FX/Niagara/Shaders/Private/NiagaraEmitterInstanceShader.usf" 2309
"../../../Engine/Plugins/FX/Niagara/Shaders/Private/NiagaraShaderVersion.ush" 2310
"../../../Engine/Plugins/FX/Niagara/Shaders/Private/NiagaraPhysicsCommon.ush" 2311
"../../../Engine/Plugins/FX/Niagara/Shaders/Private/Ribbons/NiagaraRibbonAggregationApply.usf" 2312
"../../../Engine/Plugins/FX/Niagara/Shaders/Private/Ribbons/NiagaraRibbonCommon.ush" 2313
"../../../Engine/Plugins/FX/Niagara/Shaders/Shared/NiagaraRibbonShared.h" 2314
"../../../Engine/Plugins/FX/Niagara/Shaders/Private/Ribbons/NiagaraRibbonAggregationStep.usf" 2315
"../../../Engine/Plugins/FX/Niagara/Shaders/Private/Ribbons/NiagaraRibbonGenerateIndices.usf" 2316
"../../../Engine/Plugins/FX/Niagara/Shaders/Private/Ribbons/NiagaraRibbonInitializeIndices.usf" 2317
"../../../Engine/Plugins/FX/Niagara/Shaders/Private/Ribbons/NiagaraRibbonRibbonUVParamCalculation.usf" 2318
"../../../Engine/Plugins/FX/Niagara/Shaders/Private/Ribbons/NiagaraRibbonVertexReductionFinalization.usf" 2319
"../../../Engine/Plugins/FX/Niagara/Shaders/Private/Ribbons/NiagaraRibbonVertexReductionInitialization.usf" 2320
"../../../Engine/Plugins/FX/Niagara/Shaders/Private/Ribbons/NiagaraRibbonSortParticles.usf" 2321
"../../../Engine/Plugins/FX/Niagara/Shaders/Private/NiagaraLWCHelper.usf" 2322
"../../../Engine/Plugins/FX/Niagara/Shaders/Private/NiagaraUpdateMeshGPUSceneInstances.usf" 2323
"../../../Engine/Shaders/Private/GPUScene/GPUSceneWriter.ush" 2324
"../../../Engine/Plugins/FX/Niagara/Shaders/Private/NiagaraGenerateMips.usf" 2325
"../../../Engine/Plugins/FX/Niagara/Shaders/Private/NiagaraDebugDraw.usf" 2326
"../../../Engine/Plugins/FX/Niagara/Shaders/Private/NiagaraDebugDraw.ush" 2327
"../../../Engine/Plugins/FX/Niagara/Shaders/Private/NiagaraVisualizeTexture.usf" 2328
"../../../Engine/Plugins/FX/Niagara/Shaders/Private/NiagaraClearCounts.usf" 2329
"../../../Engine/Plugins/FX/Niagara/Shaders/Private/NiagaraBatchedElements.usf" 2330
"../../../Engine/Plugins/FX/Niagara/Shaders/Private/NiagaraRayTracingShaders.usf" 2331
"../../../Engine/Plugins/FX/Niagara/Shaders/Private/NiagaraAsyncGpuTraceCommon.ush" 2332
"../../../Engine/Shaders/Private/HashTable.ush" 2333
"../../../Engine/Shaders/Private/Hash.ush" 2334
"../../../Engine/Shaders/Private/RayTracing/VFXTraceRay.ush" 2335
"../../../Engine/Plugins/FX/Niagara/Shaders/Private/NiagaraRayMarchingShaders.usf" 2336
"../../../Engine/Plugins/FX/Niagara/Shaders/Private/NiagaraRayTraceCollisionGroupShaders.usf" 2337
"../../../Engine/Plugins/FX/Niagara/Shaders/Private/NiagaraAsyncGpuTraceUtils.usf" 2338
"../../../Engine/Plugins/Runtime/ComputeFramework/Shaders/Private/ComputeKernel.usf" 2339
"../../../Engine/Plugins/Runtime/ComputeFramework/Shaders/Private/ComputeKernelCommon.ush" 2340
"../../../Engine/Plugins/Experimental/NFORDenoise/Shaders/NFORDenoise.usf" 2341
"../../../Engine/Plugins/Experimental/NFORDenoise/Shaders/NFORRegressionCommon.ush" 2342
"../../../Engine/Plugins/Experimental/NFORDenoise/Shaders/NFORRegression.ush" 2343
"../../../Engine/Shaders/Private/VirtualTextureAdapter.usf" 2344
"../../../Engine/Shaders/Private/BlockCompressionCommon.ush" 2345
"../../../Engine/Shaders/Private/BCCompressionCommon.ush" 2346
"../../../Engine/Shaders/Private/TranslucentLightingShaders.usf" 2347
"../../../Engine/Shaders/Private/TranslucencyVolumeInjectionCommon.ush" 2348
"../../../Engine/Shaders/Private/CubemapCommon.ush" 2349
"../../../Engine/Shaders/Private/VectorFieldCompositeShaders.usf" 2350
"../../../Engine/Shaders/Private/UpdateTextureShaders.usf" 2351
"../../../Engine/Shaders/Private/StereoLayerShader.usf" 2352
"../../../Engine/Shaders/Private/SparseVolumeTexture/UpdateSparseVolumeTexture.usf" 2353
"../../../Engine/Shaders/Private/MorphTargets.usf" 2354
"../../../Engine/Shaders/Private/SimpleElementColorChannelMaskPixelShader.usf" 2355
"../../../Engine/Shaders/Private/SimpleElementHitProxyPixelShader.usf" 2356
"../../../Engine/Shaders/Private/SimpleElementPixelShader.usf" 2357
"../../../Engine/Shaders/Private/IESLightProfilesCommon.ush" 2358
"../../../Engine/Shaders/Private/SimpleElementVertexShader.usf" 2359
"../../../Engine/Shaders/Private/ScreenPixelShaderOES.usf" 2360
"../../../Engine/Shaders/Private/ScreenVertexShader.usf" 2361
"../../../Engine/Shaders/Private/ScreenPixelShader.usf" 2362
"../../../Engine/Shaders/Private/SSProfilePreIntegratedMobile.usf" 2363
"../../../Engine/Shaders/Private/SpecularProfile.usf" 2364
"../../../Engine/Shaders/Private/Nanite/NaniteStreaming.usf" 2365
"../../../Engine/Shaders/Private/Nanite/NaniteStreaming.ush" 2366
"../../../Engine/Shaders/Private/VolumetricLightmapStreaming.usf" 2367
"../../../Engine/Shaders/Private/PhysicsFieldReset.usf" 2368
"../../../Engine/Shaders/Private/PhysicsFieldBuilder.usf" 2369
"../../../Engine/Shaders/Private/PhysicsFieldEval.ush" 2370
"../../../Engine/Shaders/Private/ParticleSortKeyGen.usf" 2371
"../../../Engine/Shaders/Private/ParticleBoundsShader.usf" 2372
"../../../Engine/Shaders/Private/ParticleSimVisualizeShader.usf" 2373
"../../../Engine/Shaders/Private/ParticleInjectionShader.usf" 2374
"../../../Engine/Shaders/Private/ParticleSimulationShader.usf" 2375
"../../../Engine/Shaders/Private/ParticleCurveInjectionShader.usf" 2376
"../../../Engine/Shaders/Private/Nanite/NaniteTranscode.usf" 2377
"../../../Engine/Shaders/Private/Nanite/NaniteScatterUpdates.usf" 2378
"../../../Engine/Shaders/Private/CopyUIntBuffer.usf" 2379
"../../../Engine/Shaders/Private/RadixSortShaders.usf" 2380
"../../../Engine/Shaders/Private/RecomputeTangentsPerVertexPass.usf" 2381
"../../../Engine/Shaders/Private/RecomputeTangentsCommon.ush" 2382
"../../../Engine/Shaders/Private/RecomputeTangentsPerTrianglePass.usf" 2383
"../../../Engine/Shaders/Private/DynamicMeshBounds.usf" 2384
"../../../Engine/Shaders/Private/GpuSkinCacheComputeShader.usf" 2385
"../../../Engine/Shaders/Private/DynamicMeshBounds.ush" 2386
"../../../Engine/Shaders/Private/HeightFieldAtlasManagement.usf" 2387
"../../../Engine/Shaders/Private/Landscape/LandscapeEditLayersUtils.usf" 2388
"../../../Engine/Shaders/Private/Landscape/LandscapeCommon.ush" 2389
"../../../Engine/Shaders/Private/Landscape/LandscapeEditLayersWeightmaps.usf" 2390
"../../../Engine/Shaders/Private/Landscape/LandscapeEditLayersHeightmaps.usf" 2391
"../../../Engine/Shaders/Private/LandscapeLayersPS.usf" 2392
"../../../Engine/Shaders/Private/LandscapePhysicalMaterial.usf" 2393
"../../../Engine/Shaders/Private/LandscapeGrassWeight.usf" 2394
"../../../Engine/Shaders/Private/Landscape/LandscapeCulling.usf" 2395
"../../../Engine/Shaders/Private/Nanite/NaniteHZBCull.ush" 2396
"../../../Engine/Shaders/Private/HZB.ush" 2397
"../../../Engine/Shaders/Private/Landscape/LandscapeMergeTexturesPS.usf" 2398
"../../../Engine/Shaders/Private/WideCustomResolveShaders.usf" 2399
"../../../Engine/Shaders/Private/WideCustomResolve_Wide.ush" 2400
"../../../Engine/Shaders/Private/WideCustomResolve_Wider.ush" 2401
"../../../Engine/Shaders/Private/WideCustomResolve_Widest.ush" 2402
"../../../Engine/Shaders/Private/WaterInfoTextureBlur.usf" 2403
"../../../Engine/Shaders/Private/WaterInfoTextureMerge.usf" 2404
"../../../Engine/Shaders/Private/PageTableUpdate.usf" 2405
"../../../Engine/Shaders/Private/VirtualTextureCompress.usf" 2406
"../../../Engine/Shaders/Private/ASTCCompressionCommon.ush" 2407
"../../../Engine/Shaders/Private/IntegerSequenceEncoding.ush" 2408
"../../../Engine/Shaders/Private/ETCCompressionCommon.ush" 2409
"../../../Engine/Shaders/Private/VirtualTextureMaterial.usf" 2410
"../../../Engine/Shaders/Private/PixelShaderOutputCommon.ush" 2411
"../../../Engine/Shaders/Private/ShaderOutputCommon.ush" 2412
"../../../Engine/Shaders/Private/VolumetricRenderTarget.usf" 2413
"../../../Engine/Shaders/Private/HeightFogCommon.ush" 2414
"../../../Engine/Shaders/Private/LocalFogVolumes/LocalFogVolumeCommon.ush" 2415
"../../../Engine/Shaders/Private/ReflectionEnvironmentShared.ush" 2416
"../../../Engine/Shaders/Private/VolumetricFogVoxelization.usf" 2417
"../../../Engine/Shaders/Private/VolumetricCloudMaterialPixelCommon.ush" 2418
"../../../Engine/Shaders/Private/VolumetricFogLightFunction.usf" 2419
"../../../Engine/Shaders/Private/LightFunctionCommon.ush" 2420
"../../../Engine/Shaders/Private/VolumetricFog.usf" 2421
"../../../Engine/Shaders/Private/DeferredLightingCommon.ush" 2422
"../../../Engine/Shaders/Private/DynamicLightingCommon.ush" 2423
"../../../Engine/Shaders/Private/CapsuleLightIntegrate.ush" 2424
"../../../Engine/Shaders/Private/CapsuleLightSampling.ush" 2425
"../../../Engine/Shaders/Private/RectLightIntegrate.ush" 2426
"../../../Engine/Shaders/Private/ScreenSpaceShadowRayCast.ush" 2427
"../../../Engine/Shaders/Private/LightFunctionAtlas/LightFunctionAtlasCommon.usf" 2428
"../../../Engine/Shaders/Private/LightGridCommon.ush" 2429
"../../../Engine/Shaders/Private/DistanceFieldAOShared.ush" 2430
"../../../Engine/Shaders/Private/IntersectionUtils.ush" 2431
"../../../Engine/Shaders/Private/VolumeLightingCommon.ush" 2432
"../../../Engine/Shaders/Private/ShadowProjectionCommon.ush" 2433
"../../../Engine/Shaders/Private/ShadowFilteringCommon.ush" 2434
"../../../Engine/Shaders/Private/PixelQuadMessagePassing.ush" 2435
"../../../Engine/Shaders/Private/VolumeLightingCommonSampling.ush" 2436
"../../../Engine/Shaders/Private/VolumetricLightmapShared.ush" 2437
"../../../Engine/Shaders/Private/ForwardShadowingCommon.ush" 2438
"../../../Engine/Shaders/Private/LightDataUniforms.ush" 2439
"../../../Engine/Shaders/Private/Lumen/LumenTranslucencyVolumeShared.ush" 2440
"../../../Engine/Shaders/Private/Lumen/LumenRadianceCacheInterpolation.ush" 2441
"../../../Engine/Shaders/Private/VirtualShadowMaps/VirtualShadowMapProjectionCommon.ush" 2442
"../../../Engine/Shaders/Private/VirtualShadowMaps/VirtualShadowMapPageAccessCommon.ush" 2443
"../../../Engine/Shaders/Shared/VirtualShadowMapDefinitions.h" 2444
"../../../Engine/Shaders/Shared/HLSLMathAliases.h" 2445
"../../../Engine/Shaders/Private/VirtualShadowMaps/VirtualShadowMapHandle.ush" 2446
"../../../Engine/Shaders/Private/VirtualShadowMaps/VirtualShadowMapProjectionStructs.ush" 2447
"../../../Engine/Shaders/Private/DiaphragmDOF/DOFCommon.ush" 2448
"../../../Engine/Shaders/Private/VolumetricCloudCommon.ush" 2449
"../../../Engine/Shaders/Private/VolumetricCloud.usf" 2450
"../../../Engine/Shaders/Private/VisualizeVolumetricLightmap.usf" 2451
"../../../Engine/Shaders/Private/VirtualShadowMaps/VirtualShadowMapProjectionComposite.usf" 2452
"../../../Engine/Shaders/Private/LightShaderParameters.ush" 2453
"../../../Engine/Shaders/Private/VirtualShadowMaps/VirtualShadowMapMaskBitsCommon.ush" 2454
"../../../Engine/Shaders/Private/VirtualShadowMaps/VirtualShadowMapLightGrid.ush" 2455
"../../../Engine/Shaders/Private/VirtualShadowMaps/VirtualShadowMapProjection.usf" 2456
"../../../Engine/Shaders/Private/Visualization.ush" 2457
"../../../Engine/Shaders/Private/VirtualShadowMaps/VirtualShadowMapProjectionFilter.ush" 2458
"../../../Engine/Shaders/Private/VirtualShadowMaps/VirtualShadowMapProjectionDirectional.ush" 2459
"../../../Engine/Shaders/Private/VirtualShadowMaps/VirtualShadowMapSMRTCommon.ush" 2460
"../../../Engine/Shaders/Private/VirtualShadowMaps/VirtualShadowMapSMRTTemplate.ush" 2461
"../../../Engine/Shaders/Private/VirtualShadowMaps/VirtualShadowMapProjectionSpot.ush" 2462
"../../../Engine/Shaders/Private/VirtualShadowMaps/VirtualShadowMapTransmissionCommon.ush" 2463
"../../../Engine/Shaders/Private/VirtualShadowMaps/VirtualShadowMapScreenRayTrace.ush" 2464
"../../../Engine/Shaders/Private/VirtualShadowMaps/VirtualShadowMapStats.ush" 2465
"../../../Engine/Shaders/Private/HairStrands/HairStrandsVoxelPageCommon.ush" 2466
"../../../Engine/Shaders/Private/HairStrands/HairStrandsVoxelPageTraversal.ush" 2467
"../../../Engine/Shaders/Private/VirtualShadowMaps/VirtualShadowMapCacheGPUInvalidation.usf" 2468
"../../../Engine/Shaders/Private/VirtualShadowMaps/VirtualShadowMapPageCacheCommon.ush" 2469
"../../../Engine/Shaders/Private/VirtualShadowMaps/VirtualShadowMapCacheInvalidation.ush" 2470
"../../../Engine/Shaders/Private/VirtualShadowMaps/VirtualShadowMapPageOverlap.ush" 2471
"../../../Engine/Shaders/Private/ScreenSpaceDenoise/SSDDefinitions.ush" 2472
"../../../Engine/Shaders/Private/InstanceCulling/InstanceCullingLoadBalancer.ush" 2473
"../../../Engine/Shaders/Private/VirtualShadowMaps/VirtualShadowMapCacheLoadBalancer.usf" 2474
"../../../Engine/Shaders/Private/VirtualShadowMaps/VirtualShadowMapCopyStats.usf" 2475
"../../../Engine/Shaders/Private/VirtualShadowMaps/VirtualShadowMapShadowCasterBounds.usf" 2476
"../../../Engine/Shaders/Private/VirtualShadowMaps/VirtualShadowMapVisualize.ush" 2477
"../../../Engine/Shaders/Private/VirtualShadowMaps/VirtualShadowMapShadowCasterColor.usf" 2478
"../../../Engine/Shaders/Private/VirtualShadowMaps/VirtualShadowMapDebug.usf" 2479
"../../../Engine/Shaders/Private/VirtualShadowMaps/Desaturate.usf" 2480
"../../../Engine/Shaders/Private/VirtualShadowMaps/VirtualShadowMapPhysicalPageManagement.usf" 2481
"../../../Engine/Shaders/Private/ReductionCommon.ush" 2482
"../../../Engine/Shaders/Private/GPUMessaging.ush" 2483
"../../../Engine/Shaders/Private/VirtualShadowMaps/VirtualShadowMapPerPageDispatch.ush" 2484
"../../../Engine/Shaders/Private/VirtualShadowMaps/VirtualShadowMapComputeExplicitChunkDrawsViewMask.usf" 2485
"../../../Engine/Shaders/Shared/SceneCullingDefinitions.h" 2486
"../../../Engine/Shaders/Private/VirtualShadowMaps/VirtualShadowMapCompactViews.usf" 2487
"../../../Engine/Shaders/Private/VirtualShadowMaps/VirtualShadowMapBuildPerPageDrawCommands.usf" 2488
"../../../Engine/Shaders/Private/Nanite/NaniteCullingCommon.ush" 2489
"../../../Engine/Shaders/Private/Nanite/NaniteCulling.ush" 2490
"../../../Engine/Shaders/Private/Nanite/NaniteHierarchyTraversalCommon.ush" 2491
"../../../Engine/Shaders/Private/InstanceCulling/InstanceCullingCommon.ush" 2492
"../../../Engine/Shaders/Shared/InstanceCullingDefinitions.h" 2493
"../../../Engine/Shaders/Private/VirtualShadowMaps/VirtualShadowMapPrintStats.usf" 2494
"../../../Engine/Shaders/Private/VirtualShadowMaps/VirtualShadowMapPageManagement.usf" 2495
"../../../Engine/Shaders/Private/VirtualShadowMaps/VirtualShadowMapPageMarking.usf" 2496
"../../../Engine/Shaders/Private/VirtualShadowMaps/VirtualShadowMapPageMarking.ush" 2497
"../../../Engine/Shaders/Shared/SingleLayerWaterDefinitions.h" 2498
"../../../Engine/Shaders/Private/HairStrands/HairStrandsTileCommon.ush" 2499
"../../../Engine/Shaders/Private/Froxel/Froxel.ush" 2500
"../../../Engine/Shaders/Shared/FroxelDefinitions.h" 2501
"../../../Engine/Shaders/Private/VirtualShadowMaps/VirtualShadowMapThrottle.usf" 2502
"../../../Engine/Shaders/Private/VelocityUpdate.usf" 2503
"../../../Engine/Shaders/Private/VelocityCommon.ush" 2504
"../../../Engine/Shaders/Private/VelocityShader.usf" 2505
"../../../Engine/Shaders/Private/VariableRateShading/VRSShadingRatePreview.usf" 2506
"../../../Engine/Shaders/Private/VariableRateShading/VRSShadingRateCommon.ush" 2507
"../../../Engine/Shaders/Private/VariableRateShading/VRSShadingRateCombine.usf" 2508
"../../../Engine/Shaders/Private/VariableRateShading/VRSShadingRateFoveated.usf" 2509
"../../../Engine/Shaders/Private/VariableRateShading/VRSShadingRateReproject.usf" 2510
"../../../Engine/Shaders/Private/VariableRateShading/VRSShadingRateCalculate.usf" 2511
"../../../Engine/Shaders/Private/TranslucencyUpsampling.usf" 2512
"../../../Engine/Shaders/Private/ComposeSeparateTranslucency.usf" 2513
"../../../Engine/Shaders/Private/SeparateTranslucency.ush" 2514
"../../../Engine/Shaders/Private/TranslucencyVolumeVisualize.usf" 2515
"../../../Engine/Shaders/Private/TranslucencyVolumeCommon.ush" 2516
"../../../Engine/Shaders/Private/TranslucentLightInjectionShaders.usf" 2517
"../../../Engine/Shaders/Private/HeterogeneousVolumes/HeterogeneousVolumesAdaptiveVolumetricShadowMapSampling.ush" 2518
"../../../Engine/Shaders/Private/HeterogeneousVolumes/HeterogeneousVolumesAdaptiveVolumetricShadowMapUtils.ush" 2519
"../../../Engine/Shaders/Private/HeterogeneousVolumes/HeterogeneousVolumesBeerShadowMapUtils.ush" 2520
"../../../Engine/Shaders/Private/TranslucentShadowDepthShaders.usf" 2521
"../../../Engine/Shaders/Private/ShadowDepthCommon.ush" 2522
"../../../Engine/Shaders/Private/RayTracing/RayTracingTest.usf" 2523
"../../../Engine/Shaders/Private/PostprocessSubsurfaceTile.usf" 2524
"../../../Engine/Shaders/Private/PostProcessSubsurfaceCommon.ush" 2525
"../../../Engine/Shaders/Private/Substrate/SubstrateVisualize.usf" 2526
"../../../Engine/Shaders/Private/Substrate/SubstrateTile.ush" 2527
"../../../Engine/Shaders/Shared/SubstrateVisualizeDefinitions.h" 2528
"../../../Engine/Shaders/Private/Substrate/SubstrateVisualizeCommon.ush" 2529
"../../../Engine/Shaders/Private/SkyLightingDiffuseShared.ush" 2530
"../../../Engine/Shaders/Private/SkyLightingShared.ush" 2531
"../../../Engine/Shaders/Private/ClearCoatCommon.ush" 2532
"../../../Engine/Shaders/Private/ReflectionEnvironmentComposite.ush" 2533
"../../../Engine/Shaders/Private/Substrate/SubstrateLightingCommon.ush" 2534
"../../../Engine/Shaders/Private/Substrate/SubstrateRoughRefraction.usf" 2535
"../../../Engine/Shaders/Private/PathTracing/Material/PathTracingFresnel.ush" 2536
"../../../Engine/Shaders/Private/PathTracing/Material/PathTracingGlossy.ush" 2537
"../../../Engine/Shaders/Private/Substrate/SubstrateMaterialSampling.usf" 2538
"../../../Engine/Shaders/Private/Substrate/SubstrateMaterialSampling.ush" 2539
"../../../Engine/Shaders/Private/Lumen/LumenPosition.ush" 2540
"../../../Engine/Shaders/Private/Substrate/SubstrateTile.usf" 2541
"../../../Engine/Shaders/Private/Substrate/SubstrateMaterialClassification.usf" 2542
"../../../Engine/Shaders/Private/Substrate/SubstrateDBuffer.usf" 2543
"../../../Engine/Shaders/Private/StochasticLighting/StochasticLightingTileClassification.usf" 2544
"../../../Engine/Shaders/Private/Lumen/LumenMaterial.ush" 2545
"../../../Engine/Shaders/Private/HairStrands/HairStrandsVisibilityUtils.ush" 2546
"../../../Engine/Shaders/Private/Lumen/LumenReflectionCommon.ush" 2547
"../../../Engine/Shaders/Private/Lumen/LumenReflectionsCombine.ush" 2548
"../../../Engine/Shaders/Private/Lumen/LumenScreenProbeTileClassication.ush" 2549
"../../../Engine/Shaders/Private/MegaLights/MegaLightsTileClassification.ush" 2550
"../../../Engine/Shaders/Private/StochasticLighting/StochasticLightingUpsample.ush" 2551
"../../../Engine/Shaders/Private/StochasticLighting/StochasticLightingCommon.ush" 2552
"../../../Engine/Shaders/Private/SplineMeshSceneTexture.usf" 2553
"../../../Engine/Shaders/Private/SparseVolumeTexture/VisualizeSparseVolumeTexture.usf" 2554
"../../../Engine/Shaders/Private/SkyAtmosphere.usf" 2555
"../../../Engine/Shaders/Private/Nanite/NaniteSkinningUpdateViewData.usf" 2556
"../../../Engine/Shaders/Private/SceneCulling/SceneCulling.ush" 2557
"../../../Engine/Shaders/Private/Skinning/TransformProviders.usf" 2558
"../../../Engine/Shaders/Private/Skinning/SkinnedMeshDebug.usf" 2559
"../../../Engine/Shaders/Private/Skinning/AnimBankEval.usf" 2560
"../../../Engine/Shaders/Private/SingleLayerWaterComposite.usf" 2561
"../../../Engine/Shaders/Private/Froxel/FroxelBuild.ush" 2562
"../../../Engine/Shaders/Private/SingleLayerWaterRefractionCulling.usf" 2563
"../../../Engine/Shaders/Private/ScreenSpaceShadows.usf" 2564
"../../../Engine/Shaders/Private/bend_sss_gpu.ush" 2565
"../../../Engine/Shaders/Private/ShadowFactorsUpsampleCommon.ush" 2566
"../../../Engine/Shaders/Private/FirstPersonSelfShadow.usf" 2567
"../../../Engine/Shaders/Private/HZBTracing.ush" 2568
"../../../Engine/Shaders/Private/LateZDummyPS.usf" 2569
"../../../Engine/Shaders/Private/ShadowProjectionVertexShader.usf" 2570
"../../../Engine/Shaders/Private/ShadowProjectionPixelShader.usf" 2571
"../../../Engine/Shaders/Private/MobileLightingCommon.ush" 2572
"../../../Engine/Shaders/Private/PlanarReflectionShared.ush" 2573
"../../../Engine/Shaders/Private/MobileSSR.ush" 2574
"../../../Engine/Shaders/Private/SSRT/SSRTRayCast.ush" 2575
"../../../Engine/Shaders/Private/ShadowPercentageCloserFiltering.ush" 2576
"../../../Engine/Shaders/Private/TransmissionThickness.ush" 2577
"../../../Engine/Shaders/Private/CopyShadowMaps.usf" 2578
"../../../Engine/Shaders/Private/ShadowDepthPixelShader.usf" 2579
"../../../Engine/Shaders/Private/ShadowDepthVertexShader.usf" 2580
"../../../Engine/Shaders/Private/ShadingEnergyConservationTable.usf" 2581
"../../../Engine/Shaders/Shared/PathTracingDefinitions.h" 2582
"../../../Engine/Shaders/Private/ShadingFurnaceTest.usf" 2583
"../../../Engine/Shaders/Private/Substrate/SubstrateDeferredLighting.ush" 2584
"../../../Engine/Shaders/Private/ShaderPrintDraw.usf" 2585
"../../../Engine/Shaders/Private/ShaderPrintDrawPrimitive.usf" 2586
"../../../Engine/Shaders/Private/DefaultSSRTiles.usf" 2587
"../../../Engine/Shaders/Private/ScreenSpaceReflectionTileCommons.ush" 2588
"../../../Engine/Shaders/Private/SSRT/SSRTDiffuseIndirect.usf" 2589
"../../../Engine/Shaders/Private/SSRT/SSRTTileClassificationBuffer.ush" 2590
"../../../Engine/Shaders/Private/SSRT/SSRTReflections.usf" 2591
"../../../Engine/Shaders/Private/ScreenSpaceDenoise/SSDPublic.ush" 2592
"../../../Engine/Shaders/Private/SSRT/SSRTTileClassification.usf" 2593
"../../../Engine/Shaders/Private/SSRT/SSRTPrevFrameReduction.usf" 2594
"../../../Engine/Shaders/Private/ScreenSpaceDenoise/SSDComposeHarmonics.usf" 2595
"../../../Engine/Shaders/Private/ScreenSpaceDenoise/SSDPublicHarmonics.ush" 2596
"../../../Engine/Shaders/Private/ScreenSpaceDenoise/SSDSignalFramework.ush" 2597
"../../../Engine/Shaders/Private/ScreenSpaceDenoise/SSDCommon.ush" 2598
"../../../Engine/Shaders/Private/SphericalGaussian.ush" 2599
"../../../Engine/Shaders/Public/WaveBroadcastIntrinsics.ush" 2600
"../../../Engine/Shaders/Private/ScreenSpaceDenoise/SSDMetadata.ush" 2601
"../../../Engine/Shaders/Private/ScreenSpaceDenoise/SSDSignalCore.ush" 2602
"../../../Engine/Shaders/Private/ScreenSpaceDenoise/DenoisingCommon.ush" 2603
"../../../Engine/Shaders/Private/ScreenSpaceDenoise/SSDSignalArray.ush" 2604
"../../../Engine/Shaders/Private/ScreenSpaceDenoise/SSDSignalBufferEncoding.ush" 2605
"../../../Engine/Shaders/Private/ScreenSpaceDenoise/SSDPublicBufferEncoding.ush" 2606
"../../../Engine/Shaders/Private/Lumen/LumenBufferEncoding.ush" 2607
"../../../Engine/Shaders/Private/ScreenSpaceDenoise/SSDTemporalAccumulation.usf" 2608
"../../../Engine/Shaders/Private/ScreenSpaceDenoise/SSDSpatialKernel.ush" 2609
"../../../Engine/Shaders/Private/ScreenSpaceDenoise/SSDSignalAccumulatorArray.ush" 2610
"../../../Engine/Shaders/Private/ScreenSpaceDenoise/SSDSignalAccumulator.ush" 2611
"../../../Engine/Shaders/Private/ScreenSpaceDenoise/SSDSignalCompression.ush" 2612
"../../../Engine/Shaders/Private/ScreenSpaceDenoise/SSDSpatialAccumulation.usf" 2613
"../../../Engine/Shaders/Private/ScreenSpaceDenoise/SSDInjest.usf" 2614
"../../../Engine/Shaders/Private/ScreenSpaceDenoise/SSDCompressMetadata.usf" 2615
"../../../Engine/Shaders/Private/DownsampleDepthPixelShader.usf" 2616
"../../../Engine/Shaders/Private/ScreenPass.usf" 2617
"../../../Engine/Shaders/Private/HZB.usf" 2618
"../../../Engine/Shaders/Private/OcclusionFeedbackShaders.usf" 2619
"../../../Engine/Shaders/Private/HZBOcclusion.usf" 2620
"../../../Engine/Shaders/Private/OcclusionQueryPixelShader.usf" 2621
"../../../Engine/Shaders/Private/OcclusionQueryVertexShader.usf" 2622
"../../../Engine/Shaders/Private/HitProxyCopy.usf" 2623
"../../../Engine/Shaders/Private/HitProxyPixelShader.usf" 2624
"../../../Engine/Shaders/Private/HitProxyVertexShader.usf" 2625
"../../../Engine/Shaders/Private/SceneCulling/SceneCullingDebugRender.usf" 2626
"../../../Engine/Shaders/Private/SceneCulling/SceneCullingBuildExplicitBounds.usf" 2627
"../../../Engine/Shaders/Private/SceneCapturePixelShader.usf" 2628
"../../../Engine/Shaders/Private/RendererUtils.usf" 2629
"../../../Engine/Shaders/Private/RTWriteMaskDecode.usf" 2630
"../../../Engine/Shaders/Private/ReflectionEnvironmentShaders.usf" 2631
"../../../Engine/Shaders/Private/RectLightAtlas.usf" 2632
"../../../Engine/Shaders/Private/RayTracing/TraceRayInlineStatistics.usf" 2633
"../../../Engine/Shaders/Private/RayTracing/CompositeSkyLightPS.usf" 2634
"../../../Engine/Shaders/Private/RayTracing/GenerateSkyLightVisibilityRaysCS.usf" 2635
"../../../Engine/Shaders/Private/RayTracing/RayTracingSkyLightCommon.ush" 2636
"../../../Engine/Shaders/Private/RayTracing/SkyLightVisibilityRaysData.ush" 2637
"../../../Engine/Shaders/Private/Raytracing/RaytracingSkylightRGS.usf" 2638
"../../../Engine/Shaders/Private/HairStrands/HairStrandsRaytracing.ush" 2639
"../../../Engine/Shaders/Private/Raytracing/RayTracingSkyLightEvaluation.ush" 2640
"../../../Engine/Shaders/Private/Raytracing/RayTracingDeferredShadingCommon.ush" 2641
"../../../Engine/Shaders/Private/RayTracing/RayTracingOcclusionRGS.usf" 2642
"../../../Engine/Shaders/Private/RayTracing/RayTracingDirectionalLight.ush" 2643
"../../../Engine/Shaders/Private/RayTracing/RayTracingRectLight.ush" 2644
"../../../Engine/Shaders/Private/RayTracing/RayTracingSphereLight.ush" 2645
"../../../Engine/Shaders/Private/RayTracing/RayTracingCapsuleLight.ush" 2646
"../../../Engine/Shaders/Private/Raytracing/RayTracingFeedback.usf" 2647
"../../../Engine/Shaders/Shared/RayTracingDebugTypes.h" 2648
"../../../Engine/Shaders/Private/RayTracing/RayTracingPrimaryRays.usf" 2649
"../../../Engine/Shaders/Private/RayTracing/RayTracingLightingCommon.ush" 2650
"../../../Engine/Shaders/Private/RayTracing/RayTracingLightCullingCommon.ush" 2651
"../../../Engine/Shaders/Private/RayTracing/RayTracingMaterialDefaultHitShaders.usf" 2652
"../../../Engine/Shaders/Private/RayTracing/RayTracingMaterialHitShaders.usf" 2653
"../../../Engine/Shaders/Private/RayTracing/RayTracingShaderUtils.ush" 2654
"../../../Engine/Shaders/Private/RayTracing/RayTracingCalcInterpolants.ush" 2655
"../../../Engine/Shaders/Private/LightmapCommon.ush" 2656
"../../../Engine/Shaders/Private/Lumen/LumenHardwareRayTracingPayloadCommon.ush" 2657
"../../../Engine/Shaders/Shared/LumenDefinitions.h" 2658
"../../../Engine/Shaders/Private/Substrate/SubstrateExport.ush" 2659
"../../../Engine/Shaders/Private/RayTracing/RayTracingLightingMS.usf" 2660
"../../../Engine/Shaders/Private/Lumen/LumenDiffuseColorBoost.ush" 2661
"../../../Engine/Shaders/Private/RayTracing/RayTracingLightFunctionCommon.ush" 2662
"../../../Engine/Shaders/Private/RayTracing/RayTracingBuildLightGrid.usf" 2663
"../../../Engine/Shaders/Private/Raytracing/RayTracingInstanceBufferUtil.usf" 2664
"../../../Engine/Shaders/Private/RayTracing/RayTracingDynamicMesh.usf" 2665
"../../../Engine/Shaders/Private/RayTracing/RayTracingDefaultDecalHitShader.usf" 2666
"../../../Engine/Shaders/Private/RayTracing/RayTracingDecalMaterialShader.usf" 2667
"../../../Engine/Shaders/Private/PathTracing/PathTracingShaderUtils.ush" 2668
"../../../Engine/Shaders/Private/PathTracing/PathTracingCommon.ush" 2669
"../../../Engine/Shaders/Private/PathTracing/Material/PathTracingMaterialCommon.ush" 2670
"../../../Engine/Shaders/Private/PathTracing/Utilities/PathTracingRIS.ush" 2671
"../../../Engine/Shaders/Private/RayTracing/RayTracingBuildDecalGrid.usf" 2672
"../../../Engine/Shaders/Private/RayTracing/RayTracingDebugHitStatsUtils.usf" 2673
"../../../Engine/Shaders/Private/RayTracing/RayTracingDebugInstanceOverlap.usf" 2674
"../../../Engine/Shaders/Private/RayTracing/RayTracingDebugPicking.usf" 2675
"../../../Engine/Shaders/Private/RayTracing/RayTracingDebugUtils.ush" 2676
"../../../Engine/Shaders/Private/RayTracing/RayTracingDebugTraversal.usf" 2677
"../../../Engine/Shaders/Private/RayTracing/RayTracingDeferredMaterials.ush" 2678
"../../../Engine/Shaders/Shared/ThirdParty/AMD/ags_shader_intrinsics_dx12.h" 2679
"../../../Engine/Shaders/Shared/RayTracingDebugDefinitions.h" 2680
"../../../Engine/Shaders/Private/RayTracing/RayTracingDebugHitStatsCHS.usf" 2681
"../../../Engine/Shaders/Private/RayTracing/RayTracingDebugHitStats.usf" 2682
"../../../Engine/Shaders/Private/RayTracing/RayTracingDebugMS.usf" 2683
"../../../Engine/Shaders/Private/RayTracing/RayTracingDebugCHS.usf" 2684
"../../../Engine/Shaders/Private/RayTracing/RayTracingDebug.usf" 2685
"../../../Engine/Shaders/Private/RayTracing/RayTracingBuiltInShaders.usf" 2686
"../../../Engine/Shaders/Private/RayTracing/RayTracingBarycentrics.usf" 2687
"../../../Engine/Shaders/Private/RayTracing/RayTracingAmbientOcclusionRGS.usf" 2688
"../../../Engine/Shaders/Private/VisualizeShadingModels.usf" 2689
"../../../Engine/Shaders/Private/MotionBlur/VisualizeMotionVectors.usf" 2690
"../../../Engine/Shaders/Private/TemporalSuperResolution/TSRVisualize.usf" 2691
"../../../Engine/Shaders/Private/TemporalSuperResolution/TSRColorSpace.ush" 2692
"../../../Engine/Shaders/Private/TemporalSuperResolution/TSRCommon.ush" 2693
"../../../Engine/Shaders/Public/DualPixelVectorization.ush" 2694
"../../../Engine/Shaders/Private/TemporalSuperResolution/TSRReprojectionField.ush" 2695
"../../../Engine/Shaders/Private/TemporalSuperResolution/TSRResolveHistory.usf" 2696
"../../../Engine/Shaders/Private/TemporalSuperResolution/TSRConvolutionNetwork.ush" 2697
"../../../Engine/Shaders/Private/TemporalSuperResolution/TSRKernels.ush" 2698
"../../../Engine/Shaders/Public/LaneVectorization.ush" 2699
"../../../Engine/Shaders/Private/TemporalSuperResolution/TSRUpdateHistory.usf" 2700
"../../../Engine/Shaders/Private/TemporalSuperResolution/TSRSpatialAntiAliasing.ush" 2701
"../../../Engine/Shaders/Private/TemporalSuperResolution/TSRSpatialAntiAliasing.usf" 2702
"../../../Engine/Shaders/Private/TemporalSuperResolution/TSRRejectShading.usf" 2703
"../../../Engine/Shaders/Private/TemporalSuperResolution/TSRShadingAnalysis.ush" 2704
"../../../Engine/Shaders/Private/TemporalSuperResolution/TSRConvolutionNetworkPass.ush" 2705
"../../../Engine/Shaders/Private/TemporalSuperResolution/TSRDecimateHistory.usf" 2706
"../../../Engine/Shaders/Private/TemporalSuperResolution/TSRDepthVelocityAnalysis.ush" 2707
"../../../Engine/Shaders/Private/TemporalSuperResolution/TSRClosestOccluder.ush" 2708
"../../../Engine/Shaders/Private/TemporalSuperResolution/TSRWeightRelaxation.usf" 2709
"../../../Engine/Shaders/Private/TemporalSuperResolution/TSRThinGeometryCommon.ush" 2710
"../../../Engine/Shaders/Private/TemporalSuperResolution/TSRDetectThinGeometry.usf" 2711
"../../../Engine/Shaders/Private/TemporalSuperResolution/TSRDilateVelocity.usf" 2712
"../../../Engine/Shaders/Private/MotionBlur/MotionBlurVelocityFlatten.ush" 2713
"../../../Engine/Shaders/Private/MotionBlur/MotionBlurCommon.ush" 2714
"../../../Engine/Shaders/Private/TemporalSuperResolution/TSRClearPrevTextures.usf" 2715
"../../../Engine/Shaders/Private/TemporalSuperResolution/TSRMeasureCoverage.usf" 2716
"../../../Engine/Shaders/Private/TemporalSuperResolution/TSRMeasureFlickeringLuma.usf" 2717
"../../../Engine/Shaders/Private/TemporalAA.usf" 2718
"../../../Engine/Shaders/Private/SMAA/SMAADebugVisualization.usf" 2719
"../../../Engine/Shaders/Private/SMAA/SMAACommon.ush" 2720
"../../../Engine/Shaders/Private/SMAA/SMAA.ush" 2721
"../../../Engine/Shaders/Private/SMAA/SMAANeighborhoodBlendingShader.usf" 2722
"../../../Engine/Shaders/Private/SMAA/SMAABlendingWeightCalculationShader.usf" 2723
"../../../Engine/Shaders/Private/SMAA/SMAAEdgeDetectionShader.usf" 2724
"../../../Engine/Shaders/Private/FilterPixelShader.usf" 2725
"../../../Engine/Shaders/Private/FilterVertexShader.usf" 2726
"../../../Engine/Shaders/Private/VisualizeVirtualTexture.usf" 2727
"../../../Engine/Shaders/Private/PostProcessVisualizeBuffer.usf" 2728
"../../../Engine/Shaders/Private/PostProcessVisualizeLocalExposure.usf" 2729
"../../../Engine/Shaders/Private/PostProcessHistogramCommon.ush" 2730
"../../../Engine/Shaders/Private/TonemapCommon.ush" 2731
"../../../Engine/Shaders/Private/ACES/ACESCommon.ush" 2732
"../../../Engine/Shaders/Private/ACES/ACESOutputTransform.ush" 2733
"../../../Engine/Shaders/Private/ACES/ACESUtilities.ush" 2734
"../../../Engine/Shaders/Private/ACES/ACESTonescale.ush" 2735
"../../../Engine/Shaders/Private/ACES/ACESDisplayEncoding.ush" 2736
"../../../Engine/Shaders/Private/ACES/ACES_v1.3.ush" 2737
"../../../Engine/Shaders/Private/PostProcessVisualizeLevelInstance.usf" 2738
"../../../Engine/Shaders/Private/PostProcessVisualizeHDR.usf" 2739
"../../../Engine/Shaders/Private/ShaderComplexityApplyPixelShader.usf" 2740
"../../../Engine/Shaders/Private/QuadOverdraw.ush" 2741
"../../../Engine/Shaders/Private/PostProcessUpscale.usf" 2742
"../../../Engine/Shaders/Private/PostProcessTonemap.usf" 2743
"../../../Engine/Shaders/Private/PostProcessing/FilmGrainPackConstants.usf" 2744
"../../../Engine/Shaders/Private/PostProcessing/FilmGrainReduce.usf" 2745
"../../../Engine/Shaders/Private/PostProcessTestImage.usf" 2746
"../../../Engine/Shaders/Private/PostProcessSubsurface.usf" 2747
"../../../Engine/Shaders/Private/SeparableSSS.ush" 2748
"../../../Engine/Shaders/Private/SubsurfaceBurleyNormalized.ush" 2749
"../../../Engine/Shaders/Private/PostProcessSelectionOutline.usf" 2750
"../../../Engine/Shaders/Private/MotionBlur/MotionBlurVisualize.usf" 2751
"../../../Engine/Shaders/Private/MotionBlur/MotionBlurApply.usf" 2752
"../../../Engine/Shaders/Private/MotionBlur/MotionBlurFilterTileClassify.usf" 2753
"../../../Engine/Shaders/Private/MotionBlur/MotionBlurTileScatter.usf" 2754
"../../../Engine/Shaders/Private/MotionBlur/MotionBlurTileGather.usf" 2755
"../../../Engine/Shaders/Private/MotionBlur/MotionBlurVelocityFlatten.usf" 2756
"../../../Engine/Shaders/Private/PostProcessMobile.usf" 2757
"../../../Engine/Shaders/Private/PostProcessMitchellNetravali.usf" 2758
"../../../Engine/Shaders/Private/PostProcessMaterialShaders.usf" 2759
"../../../Engine/Shaders/Private/NeuralPostProcessCommon.usf" 2760
"../../../Engine/Shaders/Private/PostProcessLocalExposure.usf" 2761
"../../../Engine/Shaders/Private/PostProcessLensFlares.usf" 2762
"../../../Engine/Shaders/Private/PostProcessGBufferHints.usf" 2763
"../../../Engine/Shaders/Private/PostProcessHMD.usf" 2764
"../../../Engine/Shaders/Private/Histogram.usf" 2765
"../../../Engine/Shaders/Private/PostProcessExposureMaterial.ush" 2766
"../../../Engine/Shaders/Private/PostProcessHistogramReduce.usf" 2767
"../../../Engine/Shaders/Private/PostProcessHistogram.usf" 2768
"../../../Engine/Shaders/Private/Bloom/BloomFinalizeApplyConstants.usf" 2769
"../../../Engine/Shaders/Private/Bloom/BloomCommon.ush" 2770
"../../../Engine/Shaders/Private/Bloom/BloomResizeKernel.usf" 2771
"../../../Engine/Shaders/Private/Bloom/BloomDownsampleKernel.usf" 2772
"../../../Engine/Shaders/Private/Bloom/BloomClampKernel.usf" 2773
"../../../Engine/Shaders/Private/Bloom/BloomPackKernelConstants.usf" 2774
"../../../Engine/Shaders/Private/Bloom/BloomSumScatterDispersionEnergy.usf" 2775
"../../../Engine/Shaders/Private/Bloom/BloomReduceKernelSurvey.usf" 2776
"../../../Engine/Shaders/Private/Bloom/BloomSurveyKernelCenterEnergy.usf" 2777
"../../../Engine/Shaders/Private/Bloom/BloomSurveyMaxScatterDispersion.usf" 2778
"../../../Engine/Shaders/Private/Bloom/BloomFindKernelCenter.usf" 2779
"../../../Engine/Shaders/Private/PostProcessEyeAdaptation.usf" 2780
"../../../Engine/Shaders/Private/PostProcessEyeAdaptationUtils.usf" 2781
"../../../Engine/Shaders/Private/PostProcessDownsample.usf" 2782
"../../../Engine/Shaders/Private/PostProcessDOF.usf" 2783
"../../../Engine/Shaders/Private/PostProcessDeviceEncodingOnly.usf" 2784
"../../../Engine/Shaders/Private/PostProcessCompositePrimitives.usf" 2785
"../../../Engine/Shaders/Private/PostProcessCombineLUTs.usf" 2786
"../../../Engine/Shaders/Private/PostProcessVisualizeDOF.usf" 2787
"../../../Engine/Shaders/Private/PostProcessBloom.usf" 2788
"../../../Engine/Shaders/Private/PostProcessAmbientOcclusionMobile.usf" 2789
"../../../Engine/Shaders/Private/PostProcessAmbientOcclusionCommon.ush" 2790
"../../../Engine/Shaders/Private/FXAAShader.usf" 2791
"../../../Engine/Shaders/Private/Fxaa3_11.ush" 2792
"../../../Engine/Shaders/Private/PaniniProjection.usf" 2793
"../../../Engine/Shaders/Private/DiaphragmDOF/DOFRecombine.usf" 2794
"../../../Engine/Shaders/Private/DiaphragmDOF/DOFHybridScatterPixelShader.usf" 2795
"../../../Engine/Shaders/Private/DiaphragmDOF/DOFHybridScatterCommon.ush" 2796
"../../../Engine/Shaders/Private/DiaphragmDOF/DOFVignetteCommon.ush" 2797
"../../../Engine/Shaders/Private/DiaphragmDOF/DOFHybridScatterVertexShader.usf" 2798
"../../../Engine/Shaders/Private/DiaphragmDOF/DOFPostfiltering.usf" 2799
"../../../Engine/Shaders/Private/DiaphragmDOF/DOFGatherTileSuggest.ush" 2800
"../../../Engine/Shaders/Private/DiaphragmDOF/DOFCocTileCommon.ush" 2801
"../../../Engine/Shaders/Private/DiaphragmDOF/DOFGatherPass.usf" 2802
"../../../Engine/Shaders/Private/DiaphragmDOF/DOFGatherCommon.ush" 2803
"../../../Engine/Shaders/Private/DiaphragmDOF/DOFGatherAccumulator.ush" 2804
"../../../Engine/Shaders/Private/DiaphragmDOF/DOFGatherKernel.ush" 2805
"../../../Engine/Shaders/Private/DiaphragmDOF/DOFBokehLUT.usf" 2806
"../../../Engine/Shaders/Private/DiaphragmDOF/DOFHybridScatterCompilation.usf" 2807
"../../../Engine/Shaders/Private/DiaphragmDOF/DOFReduce.usf" 2808
"../../../Engine/Shaders/Private/DiaphragmDOF/DOFDownsample.ush" 2809
"../../../Engine/Shaders/Private/DiaphragmDOF/DOFHybridScatterCompilation.ush" 2810
"../../../Engine/Shaders/Private/DiaphragmDOF/DOFDownsample.usf" 2811
"../../../Engine/Shaders/Private/DiaphragmDOF/DOFCocTileDilate.usf" 2812
"../../../Engine/Shaders/Private/DiaphragmDOF/DOFCocTileFlatten.usf" 2813
"../../../Engine/Shaders/Private/DiaphragmDOF/DOFSetup.usf" 2814
"../../../Engine/Shaders/Private/Tools/DebugAlphaChannel.usf" 2815
"../../../Engine/Shaders/Private/PostProcessAlphaInvert.usf" 2816
"../../../Engine/Shaders/Private/PlanarReflectionShaders.usf" 2817
"../../../Engine/Shaders/Private/PhysicsFieldVisualizer.usf" 2818
"../../../Engine/Shaders/Private/PathTracing/PathTracingSpatialTemporalDenoising.usf" 2819
"../../../Engine/Shaders/Private/ColorDifference.ush" 2820
"../../../Engine/Shaders/Private/PathTracing/PathTracingCompositingPixelShader.usf" 2821
"../../../Engine/Shaders/Private/PathTracing/PathTracingAdaptiveUtils.ush" 2822
"../../../Engine/Shaders/Private/PathTracing/PathTracingDefaultHitShader.usf" 2823
"../../../Engine/Shaders/Private/PathTracing/PathTracingGPULightmassMaterialHitShader.usf" 2824
"../../../Engine/Shaders/Private/PathTracing/PathTracingMaterialHitShader.usf" 2825
"../../../Engine/Shaders/Private/PathTracing/Material/PathTracingSubstrateCommon.ush" 2826
"../../../Engine/Shaders/Private/PathTracing/PathTracingLightingMissShader.usf" 2827
"../../../Engine/Shaders/Private/PathTracing/PathTracingMissShader.usf" 2828
"../../../Engine/Shaders/Private/PathTracing/PathTracingAdaptiveStart.usf" 2829
"../../../Engine/Shaders/Private/PathTracing/PathTracingBuildAdaptiveError.usf" 2830
"../../../Engine/Shaders/Private/PathTracing/PathTracingVolumetricCloudMaterialShader.usf" 2831
"../../../Engine/Shaders/Private/PathTracing/Volume/PathTracingCloudsMaterialCommon.ush" 2832
"../../../Engine/Shaders/Private/PathTracing/Volume/PathTracingVolumeCommon.ush" 2833
"../../../Engine/Shaders/Private/PathTracing/Volume/PathTracingCloudsCommon.ush" 2834
"../../../Engine/Shaders/Private/PathTracing/Volume/PathTracingFog.ush" 2835
"../../../Engine/Shaders/Private/PathTracing/Volume/PathTracingAtmosphere.ush" 2836
"../../../Engine/Shaders/Private/PathTracing/Volume/PathTracingAtmosphereCommon.ush" 2837
"../../../Engine/Shaders/Private/PathTracing/Volume/PathTracingVolumeSampling.ush" 2838
"../../../Engine/Shaders/Private/PathTracing/PathTracingBuildCloudAccelerationMap.usf" 2839
"../../../Engine/Shaders/Private/PathTracing/PathTracingBuildAtmosphereLUT.usf" 2840
"../../../Engine/Shaders/Private/PathTracing/PathTracingSwizzleScanlines.usf" 2841
"../../../Engine/Shaders/Private/PathTracing/PathTracingInitExtinctionCoefficient.usf" 2842
"../../../Engine/Shaders/Private/PathTracing/PathTracingCopyDepth.usf" 2843
"../../../Engine/Shaders/Private/PathTracing/PathTracingDebug.usf" 2844
"../../../Engine/Shaders/Private/RayTracing/RayTracingDecalGrid.ush" 2845
"../../../Engine/Shaders/Private/PathTracing/Material/PathTracingMaterialSampling.ush" 2846
"../../../Engine/Shaders/Private/PathTracing/Material/PathTracingLambert.ush" 2847
"../../../Engine/Shaders/Private/PathTracing/Material/PathTracingSubstrate.ush" 2848
"../../../Engine/Shaders/Private/PathTracing/Material/PathTracingSubstrateFoliage.ush" 2849
"../../../Engine/Shaders/Private/PathTracing/Material/PathTracingSubstrateSolidGlass.ush" 2850
"../../../Engine/Shaders/Private/PathTracing/Material/PathTracingSubstrateThinGlass.ush" 2851
"../../../Engine/Shaders/Private/PathTracing/Material/PathTracingSolidGlass.ush" 2852
"../../../Engine/Shaders/Private/PathTracing/Material/PathTracingEnergyConservation.ush" 2853
"../../../Engine/Shaders/Private/PathTracing/Material/PathTracingThinGlass.ush" 2854
"../../../Engine/Shaders/Private/PathTracing/Material/PathTracingDefaultLit.ush" 2855
"../../../Engine/Shaders/Private/PathTracing/Material/PathTracingClearCoat.ush" 2856
"../../../Engine/Shaders/Private/PathTracing/Material/PathTracingTwoSidedFoliage.ush" 2857
"../../../Engine/Shaders/Private/PathTracing/Material/PathTracingCloth.ush" 2858
"../../../Engine/Shaders/Private/PathTracing/Material/PathTracingSubsurfaceProfile.ush" 2859
"../../../Engine/Shaders/Private/PathTracing/Material/PathTracingEye.ush" 2860
"../../../Engine/Shaders/Private/PathTracing/Material/PathTracingHair.ush" 2861
"../../../Engine/Shaders/Private/PathTracing/Material/PathTracingMedium.ush" 2862
"../../../Engine/Shaders/Private/PathTracing/Light/PathTracingLightSampling.ush" 2863
"../../../Engine/Shaders/Private/PathTracing/Light/PathTracingLightCommon.ush" 2864
"../../../Engine/Shaders/Private/PathTracing/Light/PathTracingDirectionalLight.ush" 2865
"../../../Engine/Shaders/Private/PathTracing/Light/PathTracingPointLight.ush" 2866
"../../../Engine/Shaders/Private/PathTracing/Light/PathTracingCapsuleLight.ush" 2867
"../../../Engine/Shaders/Private/PathTracing/Light/PathTracingRectLight.ush" 2868
"../../../Engine/Shaders/Private/PathTracing/Light/PathTracingSkyLight.ush" 2869
"../../../Engine/Shaders/Private/PathTracing/Light/PathTracingLightGrid.ush" 2870
"../../../Engine/Shaders/Private/PathTracing/PathTracing.usf" 2871
"../../../Engine/Shaders/Private/PathTracing/PathTracingCore.ush" 2872
"../../../Engine/Shaders/Private/HeterogeneousVolumes/HeterogeneousVolumesVoxelGridTypes.ush" 2873
"../../../Engine/Shaders/Private/PathTracing/Volume/PathTracingVolume.ush" 2874
"../../../Engine/Shaders/Private/PathTracing/Volume/PathTracingClouds.ush" 2875
"../../../Engine/Shaders/Private/PathTracing/Volume/PathTracingHeterogeneousVolumes.ush" 2876
"../../../Engine/Shaders/Private/HeterogeneousVolumes/HeterogeneousVolumesTracingUtils.ush" 2877
"../../../Engine/Shaders/Private/HeterogeneousVolumes/HeterogeneousVolumesVoxelGridTraversal.ush" 2878
"../../../Engine/Shaders/Private/HeterogeneousVolumes/HeterogeneousVolumesVoxelGridUtils.ush" 2879
"../../../Engine/Shaders/Private/HeterogeneousVolumes/HeterogeneousVolumesFrustumVoxelGridUtils.ush" 2880
"../../../Engine/Shaders/Private/PathTracing/PathTracingBuildLightGrid.usf" 2881
"../../../Engine/Shaders/Private/PathTracing/PathTracingSkylightMISCompensation.usf" 2882
"../../../Engine/Shaders/Private/PathTracing/PathTracingSkylightPrepare.usf" 2883
"../../../Engine/Shaders/Private/OIT/OITSorting.usf" 2884
"../../../Engine/Shaders/Private/OITCombine.usf" 2885
"../../../Engine/Shaders/Private/OITCommon.ush" 2886
"../../../Engine/Shaders/Private/Nanite/Voxel/RasterizeBricks.usf" 2887
"../../../Engine/Shaders/Private/Nanite/Voxel/Brick.ush" 2888
"../../../Engine/Shaders/Private/Nanite/Voxel/Voxel.ush" 2889
"../../../Engine/Shaders/Private/Nanite/Voxel/ScatterBricks.usf" 2890
"../../../Engine/Shaders/Private/Nanite/Voxel/TileBricks.usf" 2891
"../../../Engine/Shaders/Private/Nanite/Voxel/AutoVoxel.usf" 2892
"../../../Engine/Shaders/Private/Nanite/NaniteDebugViews.usf" 2893
"../../../Engine/Shaders/Private/Nanite/NaniteEditorCommon.ush" 2894
"../../../Engine/Shaders/Private/BinarySearch.ush" 2895
"../../../Engine/Shaders/Private/Nanite/NaniteDepthDecode.usf" 2896
"../../../Engine/Shaders/Private/HTileEncoding.ush" 2897
"../../../Engine/Shaders/Private/Nanite/NaniteVisualize.usf" 2898
"../../../Engine/Shaders/Private/Nanite/NaniteStreamOut.usf" 2899
"../../../Engine/Shaders/Private/Nanite/NaniteHierarchyTraversal.ush" 2900
"../../../Engine/Shaders/Private/Nanite/NaniteShadeBinning.usf" 2901
"../../../Engine/Shaders/Private/Nanite/NaniteShadeCommon.ush" 2902
"../../../Engine/Shaders/Private/Nanite/NaniteFastClear.usf" 2903
"../../../Engine/Shaders/Private/Nanite/NaniteRayTracing.usf" 2904
"../../../Engine/Shaders/Private/Nanite/NaniteExportGBuffer.usf" 2905
"../../../Engine/Shaders/Private/Nanite/NaniteClusterCulling.usf" 2906
"../../../Engine/Shaders/Private/Nanite/NanitePrintStats.usf" 2907
"../../../Engine/Shaders/Private/Nanite/NaniteRasterizer.usf" 2908
"../../../Engine/Shaders/Private/Nanite/NaniteRasterizationCommon.ush" 2909
"../../../Engine/Shaders/Private/Nanite/NaniteRasterizer.ush" 2910
"../../../Engine/Shaders/Private/Nanite/NaniteWritePixel.ush" 2911
"../../../Engine/Shaders/Private/Nanite/NaniteTessellation.ush" 2912
"../../../Engine/Shaders/Private/WorkDistribution.ush" 2913
"../../../Engine/Shaders/Private/Nanite/NaniteDice.ush" 2914
"../../../Engine/Shaders/Private/ShaderBundleWorkGraphCommon.ush" 2915
"../../../Engine/Shaders/Public/RootConstants.ush" 2916
"../../../Engine/Shaders/Public/Platform/D3D/D3DRootConstants.ush" 2917
"../../../Engine/Shaders/Private/Nanite/NaniteSplit.usf" 2918
"../../../Engine/Shaders/Private/Nanite/NaniteRasterBinning.usf" 2919
"../../../Engine/Shaders/Private/Nanite/NaniteInstanceCulling.usf" 2920
"../../../Engine/Shaders/Private/Nanite/NaniteImposter.ush" 2921
"../../../Engine/Shaders/Private/Nanite/NaniteInstanceHierarchyCulling.usf" 2922
"../../../Engine/Shaders/Private/WorkGroupLoadBalancer.ush" 2923
"../../../Engine/Shaders/Private/Nanite/NanitePrimitiveFilter.usf" 2924
"../../../Engine/Shaders/Private/Nanite/NaniteRasterClear.usf" 2925
"../../../Engine/Shaders/Private/Nanite/NaniteDepthExport.usf" 2926
"../../../Engine/Shaders/Private/Nanite/NaniteEmitShadow.usf" 2927
"../../../Engine/Shaders/Private/MobileDeferredUtils.usf" 2928
"../../../Engine/Shaders/Private/MobileLocalLightsBuffer.usf" 2929
"../../../Engine/Shaders/Private/MobileFog.usf" 2930
"../../../Engine/Shaders/Private/DistortApplyScreenPS.usf" 2931
"../../../Engine/Shaders/Private/MobileDeferredShading.usf" 2932
"../../../Engine/Shaders/Private/MobileBasePassPixelShader.usf" 2933
"../../../Engine/Shaders/Private/MobileBasePassCommon.ush" 2934
"../../../Engine/Shaders/Private/BasePassCommon.ush" 2935
"../../../Engine/Shaders/Private/ShadingModelsMaterial.ush" 2936
"../../../Engine/Shaders/Private/ThinTranslucentCommon.ush" 2937
"../../../Engine/Shaders/Private/SingleLayerWaterShading.ush" 2938
"../../../Engine/Shaders/Private/DistortionCommon.ush" 2939
"../../../Engine/Shaders/Private/Substrate/SubstrateMobileForwardLighting.ush" 2940
"../../../Engine/Shaders/Private/MobileBasePassVertexShader.usf" 2941
"../../../Engine/Shaders/Private/MeshEdges.usf" 2942
"../../../Engine/Shaders/Private/MegaLights/MegaLightsSampling.usf" 2943
"../../../Engine/Shaders/Shared/MegaLightsDefinitions.h" 2944
"../../../Engine/Shaders/Private/MegaLights/MegaLightsShading.ush" 2945
"../../../Engine/Shaders/Private/MegaLights/MegaLights.ush" 2946
"../../../Engine/Shaders/Private/MegaLights/MegaLightsMaterial.ush" 2947
"../../../Engine/Shaders/Private/MegaLights/MegaLightsRayTracing.ush" 2948
"../../../Engine/Shaders/Private/MegaLights/MegaLightsSampling.ush" 2949
"../../../Engine/Shaders/Private/MegaLights/MegaLightsVolumeSampling.usf" 2950
"../../../Engine/Shaders/Private/MegaLights/MegaLightsVolume.ush" 2951
"../../../Engine/Shaders/Private/MegaLights/MegaLights.usf" 2952
"../../../Engine/Shaders/Private/HairStrands/HairStrandsScreenTracing.ush" 2953
"../../../Engine/Shaders/Private/MegaLights/MegaLightsFilterVisibleLightHash.usf" 2954
"../../../Engine/Shaders/Private/MegaLights/MegaLightsShading.usf" 2955
"../../../Engine/Shaders/Private/Lumen/LumenReflectionDenoiserCommon.ush" 2956
"../../../Engine/Shaders/Private/MegaLights/MegaLightsVisibleLightHash.usf" 2957
"../../../Engine/Shaders/Private/MegaLights/MegaLightsVolumeShading.usf" 2958
"../../../Engine/Shaders/Private/MegaLights/MegaLightsVSMMarking.usf" 2959
"../../../Engine/Shaders/Private/MegaLights/MegaLightsVSMTracing.usf" 2960
"../../../Engine/Shaders/Private/MegaLights/MegaLightsRayTracing.usf" 2961
"../../../Engine/Shaders/Private/DistanceField/GlobalDistanceFieldUtils.ush" 2962
"../../../Engine/Shaders/Private/Lumen/LumenScreenTracing.ush" 2963
"../../../Engine/Shaders/Private/MegaLights/MegaLightsVolumeRayTracing.usf" 2964
"../../../Engine/Shaders/Private/MegaLights/MegaLightsVolumeHardwareRayTracing.usf" 2965
"../../../Engine/Shaders/Private/Lumen/LumenHardwareRayTracingCommon.ush" 2966
"../../../Engine/Shaders/Private/RayTracing/RayTracingReflectionEnvironment.ush" 2967
"../../../Engine/Shaders/Private/Lumen/LumenHardwareRayTracingPlatformCommon.ush" 2968
"../../../Engine/Shaders/Private/Lumen/LumenTracingCommon.ush" 2969
"../../../Engine/Shaders/Private/Lumen/SurfaceCache/LumenSurfaceCacheSampling.ush" 2970
"../../../Engine/Shaders/Private/Lumen/SurfaceCache/LumenSurfaceCache.ush" 2971
"../../../Engine/Shaders/Private/Lumen/LumenCardCommon.ush" 2972
"../../../Engine/Shaders/Private/Lumen/LumenCardTileShadowDownsampleFactor.ush" 2973
"../../../Engine/Shaders/Private/MegaLights/MegaLightsHardwareRayTracing.usf" 2974
"../../../Engine/Shaders/Private/MegaLights/MegaLightsDebug.usf" 2975
"../../../Engine/Shaders/Private/MegaLights/MegaLightsDenoiserSpatial.usf" 2976
"../../../Engine/Shaders/Private/MegaLights/MegaLightsDenoiserTemporal.usf" 2977
"../../../Engine/Shaders/Private/MaterialCache/MaterialCacheABufferPages.usf" 2978
"../../../Engine/Shaders/Private/MaterialCache/MaterialCacheShade.usf" 2979
"../../../Engine/Shaders/Private/MaterialCache/MaterialCacheShadeCommon.ush" 2980
"../../../Engine/Shaders/Private/MaterialCache/MaterialCacheUnwrapNaniteShade.usf" 2981
"../../../Engine/Shaders/Private/MaterialCache/MaterialCacheUnwrapPixelShader.usf" 2982
"../../../Engine/Shaders/Private/MaterialCache/MaterialCacheUnwrapVertexShader.usf" 2983
"../../../Engine/Shaders/Private/Lumen/LumenVisualizeRadianceCache.usf" 2984
"../../../Engine/Shaders/Private/Lumen/LumenRadianceCacheCommon.ush" 2985
"../../../Engine/Shaders/Private/Lumen/LumenVisualizeHardwareRayTracing.usf" 2986
"../../../Engine/Shaders/Private/Lumen/LumenVisualize.ush" 2987
"../../../Engine/Shaders/Private/Lumen/LumenHairTracing.ush" 2988
"../../../Engine/Shaders/Private/Lumen/LumenVisualize.usf" 2989
"../../../Engine/Shaders/Private/Lumen/LumenSoftwareRayTracing.ush" 2990
"../../../Engine/Shaders/Private/DistanceField/GlobalDistanceFieldObjectGrid.ush" 2991
"../../../Engine/Shaders/Private/DistanceFieldLightingShared.ush" 2992
"../../../Engine/Shaders/Private/Lumen/LumenVisualizeTraces.ush" 2993
"../../../Engine/Shaders/Private/Lumen/LumenTranslucencyVolumeLighting.usf" 2994
"../../../Engine/Shaders/Private/Lumen/LumenRadianceCacheMarkCommon.ush" 2995
"../../../Engine/Shaders/Private/Lumen/LumenTranslucencyVolumeLightingShared.ush" 2996
"../../../Engine/Shaders/Private/Lumen/LumenScreenProbeCommon.ush" 2997
"../../../Engine/Shaders/Private/RayTracing/RayGenUtils.ush" 2998
"../../../Engine/Shaders/Private/Lumen/LumenRadianceCacheTracingCommon.ush" 2999
"../../../Engine/Shaders/Private/Lumen/LumenTranslucencyVolumeHardwareRayTracing.usf" 3000
"../../../Engine/Shaders/Private/Lumen/LumenTranslucencyRadianceCacheMarkShaders.usf" 3001
"../../../Engine/Shaders/Private/Lumen/SurfaceCache/LumenSurfaceCache.usf" 3002
"../../../Engine/Shaders/Private/Lumen/LumenVirtualTextureCommon.ush" 3003
"../../../Engine/Shaders/Private/Lumen/LumenShortRangeAOHardwareRayTracing.usf" 3004
"../../../Engine/Shaders/Private/Lumen/LumenScreenSpaceBentNormal.ush" 3005
"../../../Engine/Shaders/Private/Lumen/LumenScreenSpaceBentNormal.usf" 3006
"../../../Engine/Shaders/Private/Lumen/LumenScreenProbeTracing.usf" 3007
"../../../Engine/Shaders/Private/Lumen/LumenScreenProbeTracingCommon.ush" 3008
"../../../Engine/Shaders/Private/Lumen/LumenFloatQuantization.ush" 3009
"../../../Engine/Shaders/Private/Lumen/LumenScreenProbeImportanceSampling.usf" 3010
"../../../Engine/Shaders/Private/Lumen/LumenScreenProbeImportanceSamplingShared.ush" 3011
"../../../Engine/Shaders/Private/Lumen/LumenScreenProbeHardwareRayTracing.usf" 3012
"../../../Engine/Shaders/Private/Lumen/LumenScreenProbeDebug.usf" 3013
"../../../Engine/Shaders/Private/Lumen/LumenScreenProbeGather.usf" 3014
"../../../Engine/Shaders/Private/Lumen/LumenScreenProbeGatherTemporal.usf" 3015
"../../../Engine/Shaders/Private/Lumen/LumenScreenProbeFiltering.usf" 3016
"../../../Engine/Shaders/Private/Lumen/LumenSceneLighting.usf" 3017
"../../../Engine/Shaders/Private/Lumen/LumenCardTile.ush" 3018
"../../../Engine/Shaders/Private/Lumen/LumenSceneLighting.ush" 3019
"../../../Engine/Shaders/Private/Lumen/Radiosity/LumenRadiosity.ush" 3020
"../../../Engine/Shaders/Private/Lumen/LumenSceneLightingDebug.usf" 3021
"../../../Engine/Shaders/Private/Lumen/LumenScene.usf" 3022
"../../../Engine/Shaders/Private/Lumen/LumenSceneDirectLightingHardwareRayTracing.usf" 3023
"../../../Engine/Shaders/Private/Lumen/LumenSceneDirectLightingStochastic.ush" 3024
"../../../Engine/Shaders/Private/Lumen/LumenSceneDirectLighting.ush" 3025
"../../../Engine/Shaders/Private/Lumen/LumenSceneDebugHardwareRayTracing.usf" 3026
"../../../Engine/Shaders/Private/Lumen/LumenSceneDirectLightingStochastic.usf" 3027
"../../../Engine/Shaders/Private/Lumen/LumenSceneDirectLightingSoftwareRayTracing.usf" 3028
"../../../Engine/Shaders/Private/DistanceFieldShadowingShared.ush" 3029
"../../../Engine/Shaders/Private/Lumen/LumenSceneDirectLightingPerLightShadowCommon.ush" 3030
"../../../Engine/Shaders/Private/Lumen/LumenSceneDirectLightingShadowMask.usf" 3031
"../../../Engine/Shaders/Private/Lumen/LumenSceneDirectLighting.usf" 3032
"../../../Engine/Shaders/Private/Lumen/LumenSceneDirectLightingCulling.usf" 3033
"../../../Engine/Shaders/Private/Lumen/LumenCardComputeShader.usf" 3034
"../../../Engine/Shaders/Private/Lumen/LumenCardBasePass.ush" 3035
"../../../Engine/Shaders/Private/Lumen/LumenCardPixelShader.usf" 3036
"../../../Engine/Shaders/Private/Lumen/LumenCardVertexShader.usf" 3037
"../../../Engine/Shaders/Private/Lumen/LumenReSTIRGather.usf" 3038
"../../../Engine/Shaders/Private/Lumen/LumenReflectionTracing.usf" 3039
"../../../Engine/Shaders/Private/Lumen/LumenReflectionDenoiserSpatial.usf" 3040
"../../../Engine/Shaders/Private/Lumen/LumenReflectionDenoiserClear.usf" 3041
"../../../Engine/Shaders/Private/Lumen/LumenReflectionDenoiserTemporal.usf" 3042
"../../../Engine/Shaders/Private/Lumen/LumenReflectionResolve.usf" 3043
"../../../Engine/Shaders/Private/Lumen/LumenReflections.usf" 3044
"../../../Engine/Shaders/Private/Lumen/RayTracedTranslucency.usf" 3045
"../../../Engine/Shaders/Private/Lumen/LumenReflectionHardwareRayTracing.usf" 3046
"../../../Engine/Shaders/Private/Lumen/Radiosity/LumenVisualizeRadiosityProbes.usf" 3047
"../../../Engine/Shaders/Private/Lumen/Radiosity/LumenRadiosity.usf" 3048
"../../../Engine/Shaders/Private/Lumen/Radiosity/LumenRadiosityHardwareRayTracing.usf" 3049
"../../../Engine/Shaders/Private/Lumen/Radiosity/LumenRadiosityCulling.usf" 3050
"../../../Engine/Shaders/Private/Lumen/LumenRadianceCacheHardwareRayTracing.usf" 3051
"../../../Engine/Shaders/Private/Lumen/LumenRadianceCache.usf" 3052
"../../../Engine/Shaders/Private/Lumen/LumenRadianceCacheUpdate.ush" 3053
"../../../Engine/Shaders/Private/Lumen/LumenRadianceCacheDebug.usf" 3054
"../../../Engine/Shaders/Private/Lumen/LumenRadianceCacheUpdate.usf" 3055
"../../../Engine/Shaders/Private/Lumen/LumenMeshSDFCulling.usf" 3056
"../../../Engine/Shaders/Private/HybridIndirectLighting.ush" 3057
"../../../Engine/Shaders/Private/MeshDistanceFieldCommon.ush" 3058
"../../../Engine/Shaders/Private/Lumen/LumenIrradianceFieldGather.usf" 3059
"../../../Engine/Shaders/Private/Lumen/LumenHardwareRayTracingMaterials.usf" 3060
"../../../Engine/Shaders/Private/Lumen/LumenFrontLayerTranslucency.usf" 3061
"../../../Engine/Shaders/Private/LocalFogVolumes/LocalFogVolumeSplat.usf" 3062
"../../../Engine/Shaders/Private/LocalFogVolumes/LocalFogVolumeTiledCulling.usf" 3063
"../../../Engine/Shaders/Private/LightShaftShader.usf" 3064
"../../../Engine/Shaders/Private/StationaryLightOverlapShaders.usf" 3065
"../../../Engine/Shaders/Private/DeferredLightPixelShaders.usf" 3066
"../../../Engine/Shaders/Private/DeferredLightVertexShaders.usf" 3067
"../../../Engine/Shaders/Private/LightMapDensityShader.usf" 3068
"../../../Engine/Shaders/Private/LightGridInjection.usf" 3069
"../../../Engine/Shaders/Shared/LightGridDefinitions.h" 3070
"../../../Engine/Shaders/Private/LightFunctionPixelShader.usf" 3071
"../../../Engine/Shaders/Private/LightFunctionVertexShader.usf" 3072
"../../../Engine/Shaders/Private/LightFunctionAtlas/LightFunctionAtlasRender.usf" 3073
"../../../Engine/Shaders/Private/InstanceCulling/InstanceCullingOcclusionQuery.usf" 3074
"../../../Engine/Shaders/Private/InstanceCulling/InstanceCullingSetup.ush" 3075
"../../../Engine/Shaders/Private/InstanceCulling/BuildInstanceDrawCommands.usf" 3076
"../../../Engine/Shaders/Private/InstanceCulling/InstanceCompactionCommon.ush" 3077
"../../../Engine/Shaders/Private/SceneDataMobileWriter.ush" 3078
"../../../Engine/Shaders/Private/InstanceCulling/CompactVisibleInstances.usf" 3079
"../../../Engine/Shaders/Private/ReflectionEnvironmentPixelShader.usf" 3080
"../../../Engine/Shaders/Private/AmbientCubemapComposite.usf" 3081
"../../../Engine/Shaders/Private/DiffuseIndirectComposite.usf" 3082
"../../../Engine/Shaders/Private/IESAtlas.usf" 3083
"../../../Engine/Shaders/Private/HeterogeneousVolumes/HeterogeneousVolumesVisualizeCascades.usf" 3084
"../../../Engine/Shaders/Private/HeterogeneousVolumes/HeterogeneousVolumesVoxelGridShadows.usf" 3085
"../../../Engine/Shaders/Private/HeterogeneousVolumes/HeterogeneousVolumesStochasticFiltering.ush" 3086
"../../../Engine/Shaders/Private/HeterogeneousVolumes/HeterogeneousVolumesVoxelGridRenderingUtils.ush" 3087
"../../../Engine/Shaders/Private/HeterogeneousVolumes/HeterogeneousVolumesLightingUtils.ush" 3088
"../../../Engine/Shaders/Private/HeterogeneousVolumes/HeterogeneousVolumesRayMarchingUtils.ush" 3089
"../../../Engine/Shaders/Private/HeterogeneousVolumes/HeterogeneousVolumesRayMarchingTypes.ush" 3090
"../../../Engine/Shaders/Private/HeterogeneousVolumes/HeterogeneousVolumesTransmittanceVolumeUtils.ush" 3091
"../../../Engine/Shaders/Private/HeterogeneousVolumes/HeterogeneousVolumesAdaptiveVolumetricShadowMapSampler.ush" 3092
"../../../Engine/Shaders/Private/HeterogeneousVolumes/HeterogeneousVolumesVoxelGridRendering.usf" 3093
"../../../Engine/Shaders/Private/HeterogeneousVolumes/HeterogeneousVolumesVoxelGridPipeline.usf" 3094
"../../../Engine/Shaders/Private/HeterogeneousVolumes/HeterogeneousVolumesMaterialBakingPipeline.usf" 3095
"../../../Engine/Shaders/Private/HeterogeneousVolumes/HeterogeneousVolumesLiveShadingUtils.ush" 3096
"../../../Engine/Shaders/Private/HeterogeneousVolumes/HeterogeneousVolumesFrustumVoxelGrid.usf" 3097
"../../../Engine/Shaders/Private/HeterogeneousVolumes/HeterogeneousVolumesSparseVoxelPipeline.usf" 3098
"../../../Engine/Shaders/Private/HeterogeneousVolumes/HeterogeneousVolumesSparseVoxelUtils.ush" 3099
"../../../Engine/Shaders/Private/HeterogeneousVolumes/HeterogeneousVolumesSparseVoxelUniformBufferUtils.ush" 3100
"../../../Engine/Shaders/Private/HeterogeneousVolumes/HeterogeneousVolumesPreshadingPipeline.usf" 3101
"../../../Engine/Shaders/Private/HeterogeneousVolumes/HeterogeneousVolumesShadowMask.usf" 3102
"../../../Engine/Shaders/Private/HeterogeneousVolumes/HeterogeneousVolumesLiveShadingShadows.usf" 3103
"../../../Engine/Shaders/Private/HeterogeneousVolumes/HeterogeneousVolumesLiveShadingGlobalPipeline.usf" 3104
"../../../Engine/Shaders/Private/HeterogeneousVolumes/HeterogeneousVolumesLiveShadingPipeline.usf" 3105
"../../../Engine/Shaders/Private/HeterogeneousVolumes/HeterogeneousVolumesHardwareRayTracing.usf" 3106
"../../../Engine/Shaders/Private/HeterogeneousVolumes/HeterogeneousVolumesAmbientOcclusionPipeline.usf" 3107
"../../../Engine/Shaders/Private/HeterogeneousVolumes/HeterogeneousVolumesComposite.usf" 3108
"../../../Engine/Shaders/Private/HdrCustomResolveShaders.usf" 3109
"../../../Engine/Shaders/Private/HairStrands/RenderCurveRaster.usf" 3110
"../../../Engine/Shaders/Shared/RenderCurveDefinitions.h" 3111
"../../../Engine/Shaders/Private/HairStrands/HairStrandsVoxelRasterCompute.usf" 3112
"../../../Engine/Shaders/Private/HairStrands/HairStrandsHitProxy.usf" 3113
"../../../Engine/Shaders/Private/HairStrands/HairStrandsVisibilityRasterComputeNaive.usf" 3114
"../../../Engine/Shaders/Private/HairStrands/HairStrandsVisibilityRasterHW.usf" 3115
"../../../Engine/Shaders/Private/HairStrands/HairStrandsVisibilityRasterCompute.usf" 3116
"../../../Engine/Shaders/Private/HairStrands/HairStrandsVisibilityRasterClassification.usf" 3117
"../../../Engine/Shaders/Private/HairStrands/HairStrandsCoverage.usf" 3118
"../../../Engine/Shaders/Private/HairStrands/HairStrandsVisibilityDepthPS.usf" 3119
"../../../Engine/Shaders/Private/HairStrands/HairStrandsVisibilityTransmittanceDepthPS.usf" 3120
"../../../Engine/Shaders/Private/HairStrands/HairStrandsVisibilityFillOpaqueDepthPS.usf" 3121
"../../../Engine/Shaders/Private/HairStrands/HairStrandsVisibilityCompactionComputeRaster.usf" 3122
"../../../Engine/Shaders/Private/HairStrands/HairStrandsVisibilityCompaction.usf" 3123
"../../../Engine/Shaders/Private/HairStrands/HairStrandsVisibilityCopyIndirectArg.usf" 3124
"../../../Engine/Shaders/Private/HairStrands/HairStrandsVisibilityClearPS.usf" 3125
"../../../Engine/Shaders/Private/HairStrands/HairStrandsVisibilityPS.usf" 3126
"../../../Engine/Shaders/Private/HairStrands/HairStrandsVisibilityVS.usf" 3127
"../../../Engine/Shaders/Private/HairStrands/HairStrandsVelocity.usf" 3128
"../../../Engine/Shaders/Private/HairStrands/HairStrandsVisibilityComputeSampleCoverage.usf" 3129
"../../../Engine/Shaders/Private/HairStrands/HairStrandsMaterialPS.usf" 3130
"../../../Engine/Shaders/Private/HairStrands/HairStrandsMaterialCommon.ush" 3131
"../../../Engine/Shaders/Private/HairStrands/HairStrandsMaterialVS.usf" 3132
"../../../Engine/Shaders/Private/HairStrands/HairStrandsLightSample.usf" 3133
"../../../Engine/Shaders/Private/HairStrands/HairStrandsDeepShadowMask.usf" 3134
"../../../Engine/Shaders/Private/HairStrands/HairStrandsDeepTransmittanceMask.usf" 3135
"../../../Engine/Shaders/Private/HairStrands/HairStrandsVisibilityTile.usf" 3136
"../../../Engine/Shaders/Private/HairStrands/HairStrandsDeepShadowPS.usf" 3137
"../../../Engine/Shaders/Private/HairStrands/HairStrandsDeepShadowVS.usf" 3138
"../../../Engine/Shaders/Private/HairStrands/HairStrandsAABB.usf" 3139
"../../../Engine/Shaders/Private/HairStrands/HairStrandsLUT.usf" 3140
"../../../Engine/Shaders/Private/HairStrands/HairStrandsForwardRaster.usf" 3141
"../../../Engine/Shaders/Private/HairStrands/HairStrandsForwardCulling.usf" 3142
"../../../Engine/Shaders/Private/HairStrands/HairStrandsEnvironmentLighting.usf" 3143
"../../../Engine/Shaders/Private/HairStrands/HairStrandsEnvironmentAO.usf" 3144
"../../../Engine/Shaders/Private/HairStrands/HairStrandsDeepShadowAllocation.usf" 3145
"../../../Engine/Shaders/Private/HairStrands/HairStrandsVoxelDebug.usf" 3146
"../../../Engine/Shaders/Private/HairStrands/HairStrandsComposition.usf" 3147
"../../../Engine/Shaders/Private/HairStrands/HairStrandsGBufferCommon.ush" 3148
"../../../Engine/Shaders/Private/GPUScene/GPUSceneDataManagement.usf" 3149
"../../../Engine/Shaders/Private/GPUSceneDebugRender.usf" 3150
"../../../Engine/Shaders/Private/GPUFeedbackCompaction.usf" 3151
"../../../Engine/Shaders/Private/GPUFastFourierTransform.usf" 3152
"../../../Engine/Shaders/Private/GPUFastFourierTransform2DCore.ush" 3153
"../../../Engine/Shaders/Private/GPUFastFourierTransformCore.ush" 3154
"../../../Engine/Shaders/Private/GPUBenchmark.usf" 3155
"../../../Engine/Shaders/Private/DistanceField/GlobalDistanceFieldDebug.usf" 3156
"../../../Engine/Shaders/Private/DistanceField/GlobalDistanceFieldUpdate.ush" 3157
"../../../Engine/Shaders/Private/DistanceField/GlobalDistanceFieldMip.usf" 3158
"../../../Engine/Shaders/Private/DistanceField/GlobalDistanceField.usf" 3159
"../../../Engine/Shaders/Private/DistanceField/GlobalDistanceFieldCompositeObjects.usf" 3160
"../../../Engine/Shaders/Private/DistanceField/GlobalDistanceFieldHeightfields.usf" 3161
"../../../Engine/Shaders/Private/HeightfieldLightingShared.ush" 3162
"../../../Engine/Shaders/Private/GenerateConservativeDepth.usf" 3163
"../../../Engine/Shaders/Private/HeightFogPixelShader.usf" 3164
"../../../Engine/Shaders/Private/HeightFogVertexShader.usf" 3165
"../../../Engine/Shaders/Private/DistortFiltering.usf" 3166
"../../../Engine/Shaders/Private/DistortAccumulatePS.usf" 3167
"../../../Engine/Shaders/Private/DistortAccumulateVS.usf" 3168
"../../../Engine/Shaders/Private/DistanceFieldVisualization.usf" 3169
"../../../Engine/Shaders/Private/DistanceFieldStreaming.usf" 3170
"../../../Engine/Shaders/Private/DistanceFieldShadowing.usf" 3171
"../../../Engine/Shaders/Private/DistanceFieldScreenGridLighting.usf" 3172
"../../../Engine/Shaders/Private/DistanceFieldObjectCulling.usf" 3173
"../../../Engine/Shaders/Private/DistanceFieldLightingPost.usf" 3174
"../../../Engine/Shaders/Private/DitheredTransitionStencil.usf" 3175
"../../../Engine/Shaders/Private/CopyDepthTexture.usf" 3176
"../../../Engine/Shaders/Private/CopyDepthTextureCS.usf" 3177
"../../../Engine/Shaders/Private/DeferredDecal.usf" 3178
"../../../Engine/Shaders/Private/DecalCommon.ush" 3179
"../../../Engine/Shaders/Private/DebugViewModeVertexShader.usf" 3180
"../../../Engine/Shaders/Private/DebugViewModeCommon.ush" 3181
"../../../Engine/Shaders/Private/DebugViewModePixelShader.usf" 3182
"../../../Engine/Shaders/Private/DebugProbes.usf" 3183
"../../../Engine/Shaders/Private/MeshDecals.usf" 3184
"../../../Engine/Shaders/Private/PostProcessAmbientOcclusion.usf" 3185
"../../../Engine/Shaders/Private/ClusteredDeferredShadingPixelShader.usf" 3186
"../../../Engine/Shaders/Private/ClusteredDeferredShadingVertexShader.usf" 3187
"../../../Engine/Shaders/Private/CapsuleShadowShaders.usf" 3188
"../../../Engine/Shaders/Private/BasePassPixelShader.usf" 3189
"../../../Engine/Shaders/Private/ForwardLightingCommon.ush" 3190
"../../../Engine/Shaders/Private/Substrate/SubstrateForwardLighting.ush" 3191
"../../../Engine/Shaders/Private/ComputeShaderOutputCommon.ush" 3192
"../../../Engine/Shaders/Private/BasePassVertexShader.usf" 3193
"../../../Engine/Shaders/Private/BasePassVertexCommon.ush" 3194
"../../../Engine/Shaders/Private/SimpleElementVolumeTexturePreviewPixelShader.usf" 3195
"../../../Engine/Shaders/Private/SimpleElementTexture2DPreviewPixelShader.usf" 3196
"../../../Engine/Shaders/Private/meshpaintdilatepixelshader.usf" 3197
"../../../Engine/Shaders/Private/meshpaintdilatevertexshader.usf" 3198
"../../../Engine/Shaders/Private/MeshPaintPixelShader.usf" 3199
"../../../Engine/Shaders/Private/MeshPaintVertexShader.usf" 3200
"../../../Engine/Shaders/Private/SlateElementPixelShader.usf" 3201
"../../../Engine/Shaders/Private/SlateShaderCommon.ush" 3202
"../../../Engine/Shaders/Private/SlateMaskingShader.usf" 3203
"../../../Engine/Shaders/Private/SlateVertexShader.usf" 3204
"../../../Engine/Shaders/Private/CompositeUIPixelShader.usf" 3205
"../../../Engine/Shaders/Private/ColorDeficiency.ush" 3206
"../../../Engine/Shaders/Private/SlatePostProcessColorDeficiencyPixelShader.usf" 3207
"../../../Engine/Shaders/Private/SlatePostProcessPixelShader.usf" 3208
"../../../Engine/Shaders/Private/Tools/VisualizeTexture.usf" 3209
"../../../Engine/Shaders/Private/UpdateDescriptorHandle.usf" 3210
"../../../Engine/Shaders/Private/ByteBuffer.usf" 3211
"../../../Engine/Shaders/Private/ShaderBundleWorkGraphDispatch.usf" 3212
"../../../Engine/Shaders/Private/ShaderBundleDispatch.usf" 3213
"../../../Engine/Shaders/Private/ResolveVertexShader.usf" 3214
"../../../Engine/Shaders/Private/ResolvePixelShader.usf" 3215
"../../../Engine/Shaders/Private/Tools/SetupIndirectArgs.usf" 3216
"../../../Engine/Shaders/Private/ClearReplacementShaders.usf" 3217
"../../../Engine/Shaders/Private/Tools/DrawTexture.usf" 3218
"../../../Engine/Shaders/Private/RayTracing/RayTracingValidation.usf" 3219
"../../../Engine/Shaders/Private/RenderGraphUtilities.usf" 3220
"../../../Engine/Shaders/Private/OneColorShader.usf" 3221
"../../../Engine/Shaders/Private/OculusShaders.usf" 3222
"../../../Engine/Shaders/Private/MediaShaders.usf" 3223
"../../../Engine/Shaders/Private/GPUMessaging.usf" 3224
"../../../Engine/Shaders/Private/Tools/GPUDebugCrashUtils.usf" 3225
"../../../Engine/Shaders/Private/NullPixelShader.usf" 3226
"../../../Engine/Shaders/Private/ComputeGenerateMips.usf" 3227
"../../../Engine/Shaders/Private/Tools/DumpTexture.usf" 3228
"../../../Engine/Shaders/Private/CopyTextureShaders.usf" 3229
"../../../Engine/Shaders/Private/Tools/FullscreenVertexShader.usf" 3230
"../../../Engine/Shaders/Private/RayTracing/RayTracingDispatchDesc.usf" 3231
"../../../Engine/Shaders/Private/Bink.usf" 3232
"../../../Engine/Shaders/Private/DepthOnlyPixelShader.usf" 3233
"../../../Engine/Shaders/Private/PositionOnlyDepthVertexShader.usf" 3234
"../../../Engine/Shaders/Private/DepthOnlyVertexShader.usf" 3235
"../../../Engine/Shaders/Private/AnisotropyPassShader.usf" 3236
"C:/Users/Kiah/Documents/Unreal Projects/Nebula/Content/Levels/MainMenu.umap" 3237
"C:/Users/Kiah/Documents/Unreal Projects/Nebula/Content/Levels/Systems/SystemTwo.umap" 3238
"/Engine/EngineResources/WhiteSquareTexture" 3239
"../../../Engine/Content/EngineResources/WhiteSquareTexture.uasset" 3240
"/Engine/EngineResources/GradientTexture0" 3241
"../../../Engine/Content/EngineResources/GradientTexture0.uasset" 3242
"/Engine/EngineResources/Black" 3243
"../../../Engine/Content/EngineResources/Black.uasset" 3244
"/Engine/EditorResources/S_Actor" 3245
"../../../Engine/Content/EditorResources/S_Actor.uasset" 3246
"/Engine/EngineFonts/RobotoDistanceField" 3247
"../../../Engine/Content/EngineFonts/RobotoDistanceField.uasset" 3248
"/Engine/EngineMaterials/DefaultTextMaterialOpaque" 3249
"../../../Engine/Content/EngineMaterials/DefaultTextMaterialOpaque.uasset" 3250
"/Engine/Functions/Engine_MaterialFunctions01/Shading/PowerToRoughness" 3251
"../../../Engine/Content/Functions/Engine_MaterialFunctions01/Shading/PowerToRoughness.uasset" 3252
"/Engine/Functions/Engine_MaterialFunctions01/Shading/ConvertFromDiffSpec" 3253
"../../../Engine/Content/Functions/Engine_MaterialFunctions01/Shading/ConvertFromDiffSpec.uasset" 3254
"/Engine/EngineMaterials/WorldGridMaterial" 3255
"../../../Engine/Content/EngineMaterials/WorldGridMaterial.uasset" 3256
"../../../Engine/Content/Functions/Engine_MaterialFunctions01/Opacity/CameraDepthFade.uasset" 3257
"../../../Engine/Content/EngineMaterials/T_Default_Material_Grid_M.uasset" 3258
"../../../Engine/Content/EngineMaterials/T_Default_Material_Grid_N.uasset" 3259
"/Engine/EngineMaterials/DefaultDeferredDecalMaterial" 3260
"../../../Engine/Content/EngineMaterials/DefaultDeferredDecalMaterial.uasset" 3261
"../../../Engine/Content/EngineMaterials/DefaultDiffuse.uasset" 3262
"/Engine/EngineMaterials/DefaultLightFunctionMaterial" 3263
"../../../Engine/Content/EngineMaterials/DefaultLightFunctionMaterial.uasset" 3264
"/Engine/EngineMaterials/DefaultPostProcessMaterial" 3265
"../../../Engine/Content/EngineMaterials/DefaultPostProcessMaterial.uasset" 3266
"../../../Engine/Content/Functions/Engine_MaterialFunctions02/Utility/BreakOutFloat2Components.uasset" 3267
"/Engine/EditorResources/S_Trigger" 3268
"../../../Engine/Content/EditorResources/S_Trigger.uasset" 3269
"/Engine/EditorResources/S_BoxReflectionCapture" 3270
"../../../Engine/Content/EditorResources/S_BoxReflectionCapture.uasset" 3271
"/Engine/EngineResources/DefaultTexture" 3272
"../../../Engine/Content/EngineResources/DefaultTexture.uasset" 3273
"/Engine/EditorResources/S_TriggerBox" 3274
"../../../Engine/Content/EditorResources/S_TriggerBox.uasset" 3275
"/Engine/EditorResources/S_TriggerCapsule" 3276
"../../../Engine/Content/EditorResources/S_TriggerCapsule.uasset" 3277
"/Engine/EditorResources/S_TriggerSphere" 3278
"../../../Engine/Content/EditorResources/S_TriggerSphere.uasset" 3279
"/Engine/EngineMeshes/Sphere" 3280
"../../../Engine/Content/EngineMeshes/Sphere.uasset" 3281
"/Engine/EngineDamageTypes/DmgTypeBP_Environmental" 3282
"../../../Engine/Content/EngineDamageTypes/DmgTypeBP_Environmental.uasset" 3283
"/Engine/EngineResources/DefaultTextureCube" 3284
"../../../Engine/Content/EngineResources/DefaultTextureCube.uasset" 3285
"/Engine/EngineResources/DefaultVolumeTexture" 3286
"../../../Engine/Content/EngineResources/DefaultVolumeTexture.uasset" 3287
"../../../Engine/Content/EngineResources/DefaultVolumeTexture2D.uasset" 3288
"/Engine/EditorResources/S_Solver" 3289
"../../../Engine/Content/EditorResources/S_Solver.uasset" 3290
"/Engine/EngineDebugMaterials/VolumeToRender" 3291
"../../../Engine/Content/EngineDebugMaterials/VolumeToRender.uasset" 3292
"/Engine/EngineDebugMaterials/M_VolumeRenderSphereTracePP" 3293
"../../../Engine/Content/EngineDebugMaterials/M_VolumeRenderSphereTracePP.uasset" 3294
"../../../Engine/Content/Functions/Engine_MaterialFunctions02/Utility/CameraDirectionVector.uasset" 3295
"/Engine/EditorMeshes/Camera/SM_CraneRig_Base" 3296
"../../../Engine/Content/EditorMeshes/Camera/SM_CraneRig_Base.uasset" 3297
"../../../Engine/Content/EditorMaterials/Camera/MI_CineMat_Rig.uasset" 3298
"../../../Engine/Content/EditorMaterials/Camera/CineMat.uasset" 3299
"/Engine/EditorMeshes/Camera/SM_CraneRig_Arm" 3300
"../../../Engine/Content/EditorMeshes/Camera/SM_CraneRig_Arm.uasset" 3301
"/Engine/EditorMeshes/Camera/SM_CraneRig_Mount" 3302
"../../../Engine/Content/EditorMeshes/Camera/SM_CraneRig_Mount.uasset" 3303
"/Engine/EditorMeshes/Camera/SM_CraneRig_Body" 3304
"../../../Engine/Content/EditorMeshes/Camera/SM_CraneRig_Body.uasset" 3305
"/Engine/EditorMeshes/Camera/SM_RailRig_Track" 3306
"../../../Engine/Content/EditorMeshes/Camera/SM_RailRig_Track.uasset" 3307
"/Engine/EditorMeshes/Camera/SM_RailRig_Mount" 3308
"../../../Engine/Content/EditorMeshes/Camera/SM_RailRig_Mount.uasset" 3309
"/Engine/EditorLandscapeResources/SplineEditorMesh" 3310
"../../../Engine/Content/EditorLandscapeResources/SplineEditorMesh.uasset" 3311
"../../../Engine/Content/EditorLandscapeResources/SplineEditorMeshMat.uasset" 3312
"/HairStrands/Materials/HairDebugMaterial" 3313
"../../Plugins/Runtime/HairStrands/Content/Materials/HairDebugMaterial.uasset" 3314
"../../../Engine/Content/Functions/Engine_MaterialFunctions02/Utility/MakeFloat2.uasset" 3315
"../../../Engine/Content/Functions/Engine_MaterialFunctions02/Utility/MakeFloat3.uasset" 3316
"../../../Engine/Content/EngineMaterials/HairColorMap.uasset" 3317
"../../../Engine/Content/EngineMaterials/HairDebugColor.uasset" 3318
"../../Plugins/Runtime/HairStrands/Content/Materials/HairGroupColors.uasset" 3319
"/HairStrands/Materials/HairDefaultMaterial" 3320
"../../Plugins/Runtime/HairStrands/Content/Materials/HairDefaultMaterial.uasset" 3321
"/HairStrands/Materials/HairCardsDefaultMaterial" 3322
"../../Plugins/Runtime/HairStrands/Content/Materials/HairCardsDefaultMaterial.uasset" 3323
"/HairStrands/Materials/HairMeshesDefaultMaterial" 3324
"../../Plugins/Runtime/HairStrands/Content/Materials/HairMeshesDefaultMaterial.uasset" 3325
"/Engine/EngineMaterials/Widget3DPassThrough_Translucent" 3326
"../../../Engine/Content/EngineMaterials/Widget3DPassThrough_Translucent.uasset" 3327
"../../../Engine/Content/EngineMaterials/Widget3DPassThrough.uasset" 3328
"/Engine/EngineMaterials/Widget3DPassThrough_Translucent_OneSided" 3329
"../../../Engine/Content/EngineMaterials/Widget3DPassThrough_Translucent_OneSided.uasset" 3330
"/Engine/EngineMaterials/Widget3DPassThrough_Opaque" 3331
"../../../Engine/Content/EngineMaterials/Widget3DPassThrough_Opaque.uasset" 3332
"/Engine/EngineMaterials/Widget3DPassThrough_Opaque_OneSided" 3333
"../../../Engine/Content/EngineMaterials/Widget3DPassThrough_Opaque_OneSided.uasset" 3334
"/Engine/EngineMaterials/Widget3DPassThrough_Masked" 3335
"../../../Engine/Content/EngineMaterials/Widget3DPassThrough_Masked.uasset" 3336
"/Engine/EngineMaterials/Widget3DPassThrough_Masked_OneSided" 3337
"../../../Engine/Content/EngineMaterials/Widget3DPassThrough_Masked_OneSided.uasset" 3338
"/Engine/VREditor/ViewportInteractionAssetContainerData" 3339
"../../../Engine/Content/VREditor/ViewportInteractionAssetContainerData.uasset" 3340
"../../../Engine/Content/VREditor/SnapGrid/SnapGridMaterial.uasset" 3341
"../../../Engine/Content/VREditor/TransformGizmo/TransformGizmoMaterial_Inst.uasset" 3342
"../../../Engine/Content/VREditor/TransformGizmo/TranslucentTransformGizmoMaterial_Inst.uasset" 3343
"../../../Engine/Content/VREditor/SnapGrid/SnapGridPlaneMesh.uasset" 3344
"../../../Engine/Content/VREditor/Sounds/UI/Drop_Item_From_ContentBrowser.uasset" 3345
"../../../Engine/Content/VREditor/Sounds/UI/Gizmo_Handle_Clicked.uasset" 3346
"../../../Engine/Content/VREditor/Sounds/UI/Object_PickUp.uasset" 3347
"../../../Engine/Content/VREditor/Sounds/UI/Object_Snaps_To_Another_Actor.uasset" 3348
"../../../Engine/Content/VREditor/Sounds/UI/Object_Snaps_To_Grid.uasset" 3349
"../../../Engine/Content/VREditor/Sounds/UI/Scaling_Down.uasset" 3350
"../../../Engine/Content/VREditor/Sounds/UI/Scaling_Up.uasset" 3351
"../../../Engine/Content/VREditor/Sounds/UI/Selection_Changes.uasset" 3352
"../../../Engine/Content/VREditor/TransformGizmo/PlaneTranslationHandle.uasset" 3353
"../../../Engine/Content/VREditor/TransformGizmo/RotationHandleFull.uasset" 3354
"../../../Engine/Content/VREditor/TransformGizmo/RotationHandleIndicator.uasset" 3355
"../../../Engine/Content/VREditor/TransformGizmo/RotationHandleQuarter.uasset" 3356
"../../../Engine/Content/VREditor/TransformGizmo/StartRotationHandleIndicator.uasset" 3357
"../../../Engine/Content/VREditor/TransformGizmo/TransformGizmoFreeRotation.uasset" 3358
"../../../Engine/Content/VREditor/TransformGizmo/TranslateArrowHandle.uasset" 3359
"../../../Engine/Content/VREditor/TransformGizmo/UniformScaleHandle.uasset" 3360
"../../../Engine/Content/Functions/Engine_MaterialFunctions02/Math/Transform3x3Matrix.uasset" 3361
"../../../Engine/Content/Functions/Engine_MaterialFunctions02/SplitComponents.uasset" 3362
"../../../Engine/Content/VREditor/TransformGizmo/TransformGizmoMaterial.uasset" 3363
"../../../Engine/Content/VREditor/TransformGizmo/TranslucentTransformGizmoMaterial.uasset" 3364
"../../../Engine/Content/Functions/Engine_MaterialFunctions02/Utility/BreakOutFloat3Components.uasset" 3365
"../../../Engine/Content/VREditor/LaserPointer/VR_LaserPower_01.uasset" 3366
"/Engine/VREditor/TransformGizmo/BoundingBoxCorner" 3367
"../../../Engine/Content/VREditor/TransformGizmo/BoundingBoxCorner.uasset" 3368
"/Engine/VREditor/TransformGizmo/BoundingBoxEdge" 3369
"../../../Engine/Content/VREditor/TransformGizmo/BoundingBoxEdge.uasset" 3370
"/Engine/ArtTools/RenderToTexture/Meshes/S_1_Unit_Plane" 3371
"../../../Engine/Content/ArtTools/RenderToTexture/Meshes/S_1_Unit_Plane.uasset" 3372
"/Engine/EngineDebugMaterials/M_SimpleUnlitTranslucent" 3373
"../../../Engine/Content/EngineDebugMaterials/M_SimpleUnlitTranslucent.uasset" 3374
"/Engine/EngineFonts/Roboto" 3375
"../../../Engine/Content/EngineFonts/Roboto.uasset" 3376
"../../../Engine/Content/EngineFonts/Faces/DroidSansFallback.uasset" 3377
"../../../Engine/Content/EngineFonts/Faces/RobotoBold.uasset" 3378
"../../../Engine/Content/EngineFonts/Faces/RobotoBoldItalic.uasset" 3379
"../../../Engine/Content/EngineFonts/Faces/RobotoItalic.uasset" 3380
"../../../Engine/Content/EngineFonts/Faces/RobotoLight.uasset" 3381
"../../../Engine/Content/EngineFonts/Faces/RobotoRegular.uasset" 3382
"/Engine/EditorMaterials/ParticleSystems/PSysThumbnail_NoImage" 3383
"../../../Engine/Content/EditorMaterials/ParticleSystems/PSysThumbnail_NoImage.uasset" 3384
"/Engine/EditorMaterials/ParticleSystems/PSysThumbnail_OOD" 3385
"../../../Engine/Content/EditorMaterials/ParticleSystems/PSysThumbnail_OOD.uasset" 3386
"/Engine/EngineResources/LandscapeVisibilityLayerInfo" 3387
"../../../Engine/Content/EngineResources/LandscapeVisibilityLayerInfo.uasset" 3388
"../../../../../../Users/Kiah/Documents/Unreal Projects/Nebula/Intermediate/ShaderAutogen/PCD3D_SM5/AutogenShaderHeaders.ush" 3389
"/ACLPlugin/ACLAnimBoneCompressionSettings" 3390
"../../Plugins/Animation/ACLPlugin/Content/ACLAnimBoneCompressionSettings.uasset" 3391
"/Engine/Animation/DefaultRecorderBoneCompression" 3392
"../../../Engine/Content/Animation/DefaultRecorderBoneCompression.uasset" 3393
"/ACLPlugin/ACLAnimCurveCompressionSettings" 3394
"../../Plugins/Animation/ACLPlugin/Content/ACLAnimCurveCompressionSettings.uasset" 3395
"/Engine/Animation/DefaultVariableFrameStrippingSettings" 3396
"../../../Engine/Content/Animation/DefaultVariableFrameStrippingSettings.uasset" 3397
"/ControlRig/Controls/ControlRigXRayMaterial" 3398
"../../Plugins/Animation/ControlRig/Content/Controls/ControlRigXRayMaterial.uasset" 3399
"/ControlRig/Controls/DefaultGizmoLibraryNormalized" 3400
"../../Plugins/Animation/ControlRig/Content/Controls/DefaultGizmoLibraryNormalized.uasset" 3401
"/AudioWidgets/Resources/ScrubHandleDown_Clamped" 3402
"../../Plugins/Runtime/AudioWidgets/Content/Resources/ScrubHandleDown_Clamped.uasset" 3403
"/ControlRig/M_Manip" 3404
"../../Plugins/Animation/ControlRig/Content/M_Manip.uasset" 3405
"../../../Engine/Content/Functions/Engine_MaterialFunctions02/WorldPositionOffset/CameraOffset.uasset" 3406
"/Paper2D/MaskedUnlitSpriteMaterial" 3407
"../../Plugins/2D/Paper2D/Content/MaskedUnlitSpriteMaterial.uasset" 3408
"../../Plugins/2D/Paper2D/Content/DefaultSpriteMaterial.uasset" 3409
"../../Plugins/2D/Paper2D/Content/PlaceholderTextures/DummySpriteTexture.uasset" 3410
"/Paper2D/OpaqueUnlitSpriteMaterial" 3411
"../../Plugins/2D/Paper2D/Content/OpaqueUnlitSpriteMaterial.uasset" 3412
"/Paper2D/DefaultPaperTerrainMaterial" 3413
"../../Plugins/2D/Paper2D/Content/DefaultPaperTerrainMaterial.uasset" 3414
"../../Plugins/2D/Paper2D/Content/DummySprite.uasset" 3415
"/Engine/BasicShapes/Cube" 3416
"../../../Engine/Content/BasicShapes/Cube.uasset" 3417
"/Engine/BasicShapes/Sphere" 3418
"../../../Engine/Content/BasicShapes/Sphere.uasset" 3419
"../../../Engine/Content/EngineMaterials/DefaultMaterial.uasset" 3420
"../../../Engine/Config/BaseUnrealInsightsSettings.ini" 3421
"/SpeedTreeImporter/SpeedTree9/SpeedTreeMaster" 3422
"../../Plugins/Editor/SpeedTreeImporter/Content/SpeedTree9/SpeedTreeMaster.uasset" 3423
"../../../Engine/Content/Functions/Engine_MaterialFunctions02/ObjectLocalBounds.uasset" 3424
"../../../Engine/Content/Functions/Engine_MaterialFunctions02/SafeNormalize.uasset" 3425
"../../../Engine/Content/Functions/Engine_MaterialFunctions02/Utility/VectorLength.uasset" 3426
"../../../Engine/Content/Functions/Engine_MaterialFunctions02/UVs/BoundingBoxBased_0-1_UVW.uasset" 3427
"../../../Engine/Content/Functions/Engine_MaterialFunctions02/WorldPositionOffset/ObjectScale.uasset" 3428
"../../Plugins/Editor/SpeedTreeImporter/Content/SpeedTree9/SpeedTreeBranchMotion.uasset" 3429
"../../Plugins/Editor/SpeedTreeImporter/Content/SpeedTree9/SpeedTreeCameraFacing.uasset" 3430
"../../Plugins/Editor/SpeedTreeImporter/Content/SpeedTree9/SpeedTreeWind.uasset" 3431
"../../Plugins/Editor/SpeedTreeImporter/Content/SpeedTree9/SpeedTreeWindMotion.uasset" 3432
"../../Plugins/Editor/SpeedTreeImporter/Content/SpeedTree9/UnpackDirection.uasset" 3433
"../../Plugins/Editor/SpeedTreeImporter/Content/SpeedTree9/UnpackInteger3.uasset" 3434
"../../Plugins/Editor/SpeedTreeImporter/Content/SpeedTree9/Empty.uasset" 3435
"../../Plugins/Editor/SpeedTreeImporter/Content/SpeedTree9/EmptyNormal.uasset" 3436
"../../Plugins/Editor/SpeedTreeImporter/Content/SpeedTree9/game_wind_noise.uasset" 3437
"/SpeedTreeImporter/SpeedTree9/SpeedTreeBillboardMaster" 3438
"../../Plugins/Editor/SpeedTreeImporter/Content/SpeedTree9/SpeedTreeBillboardMaster.uasset" 3439
"../../Plugins/Editor/SpeedTreeImporter/Content/SpeedTree9/SpeedTreeBillboard.uasset" 3440
"C:/Program Files/Epic Games/UE_5.7/Engine/Binaries/ThirdParty/USD/UsdResources/Win64/X64/plugins/plugInfo.json" 3441
"C:/Program Files/Epic Games/UE_5.7/Engine/Binaries/ThirdParty/USD/UsdResources/Win64/X64/plugins/esf/resources/plugInfo.json" 3442
"C:/Program Files/Epic Games/UE_5.7/Engine/Binaries/ThirdParty/USD/UsdResources/Win64/X64/plugins/hdStorm/resources/plugInfo.json" 3443
"C:/Program Files/Epic Games/UE_5.7/Engine/Binaries/ThirdParty/USD/UsdResources/Win64/X64/plugins/hd/resources/plugInfo.json" 3444
"C:/Program Files/Epic Games/UE_5.7/Engine/Binaries/ThirdParty/USD/UsdResources/Win64/X64/plugins/unreal/resources/plugInfo.json" 3445
"C:/Program Files/Epic Games/UE_5.7/Engine/Binaries/ThirdParty/USD/UsdResources/Win64/X64/plugins/exec/resources/plugInfo.json" 3446
"C:/Program Files/Epic Games/UE_5.7/Engine/Binaries/ThirdParty/USD/UsdResources/Win64/X64/plugins/hdGp/resources/plugInfo.json" 3447
"C:/Program Files/Epic Games/UE_5.7/Engine/Binaries/ThirdParty/USD/UsdResources/Win64/X64/plugins/hgiGL/resources/plugInfo.json" 3448
"C:/Program Files/Epic Games/UE_5.7/Engine/Binaries/ThirdParty/USD/UsdResources/Win64/X64/plugins/usdImagingGL/resources/plugInfo.json" 3449
"C:/Program Files/Epic Games/UE_5.7/Engine/Binaries/ThirdParty/USD/UsdResources/Win64/X64/plugins/usdShade/resources/plugInfo.json" 3450
"C:/Program Files/Epic Games/UE_5.7/Engine/Binaries/ThirdParty/USD/UsdResources/Win64/X64/plugins/usdProc/resources/plugInfo.json" 3451
"C:/Program Files/Epic Games/UE_5.7/Engine/Binaries/ThirdParty/USD/UsdResources/Win64/X64/plugins/usdUtilsValidators/resources/plugInfo.json" 3452
"C:/Program Files/Epic Games/UE_5.7/Engine/Binaries/ThirdParty/USD/UsdResources/Win64/X64/plugins/execGeom/resources/plugInfo.json" 3453
"C:/Program Files/Epic Games/UE_5.7/Engine/Binaries/ThirdParty/USD/UsdResources/Win64/X64/plugins/hdSt/resources/plugInfo.json" 3454
"C:/Program Files/Epic Games/UE_5.7/Engine/Binaries/ThirdParty/USD/UsdResources/Win64/X64/plugins/sdr/resources/plugInfo.json" 3455
"C:/Program Files/Epic Games/UE_5.7/Engine/Binaries/ThirdParty/USD/UsdResources/Win64/X64/plugins/usdHydra/resources/plugInfo.json" 3456
"C:/Program Files/Epic Games/UE_5.7/Engine/Binaries/ThirdParty/USD/UsdResources/Win64/X64/plugins/usdSemantics/resources/plugInfo.json" 3457
"C:/Program Files/Epic Games/UE_5.7/Engine/Binaries/ThirdParty/USD/UsdResources/Win64/X64/plugins/usdPhysics/resources/plugInfo.json" 3458
"C:/Program Files/Epic Games/UE_5.7/Engine/Binaries/ThirdParty/USD/UsdResources/Win64/X64/plugins/hioAvif/resources/plugInfo.json" 3459
"C:/Program Files/Epic Games/UE_5.7/Engine/Binaries/ThirdParty/USD/UsdResources/Win64/X64/plugins/usdSkelValidators/resources/plugInfo.json" 3460
"C:/Program Files/Epic Games/UE_5.7/Engine/Binaries/ThirdParty/USD/UsdResources/Win64/X64/plugins/execUsd/resources/plugInfo.json" 3461
"C:/Program Files/Epic Games/UE_5.7/Engine/Binaries/ThirdParty/USD/UsdResources/Win64/X64/plugins/hdx/resources/plugInfo.json" 3462
"C:/Program Files/Epic Games/UE_5.7/Engine/Binaries/ThirdParty/USD/UsdResources/Win64/X64/plugins/usdImaging/resources/plugInfo.json" 3463
"C:/Program Files/Epic Games/UE_5.7/Engine/Binaries/ThirdParty/USD/UsdResources/Win64/X64/plugins/ueCloth/resources/plugInfo.json" 3464
"C:/Program Files/Epic Games/UE_5.7/Engine/Binaries/ThirdParty/USD/UsdResources/Win64/X64/plugins/usdMtlx/resources/plugInfo.json" 3465
"C:/Program Files/Epic Games/UE_5.7/Engine/Binaries/ThirdParty/USD/UsdResources/Win64/X64/plugins/usdVol/resources/plugInfo.json" 3466
"C:/Program Files/Epic Games/UE_5.7/Engine/Binaries/ThirdParty/USD/UsdResources/Win64/X64/plugins/usdGeom/resources/plugInfo.json" 3467
"C:/Program Files/Epic Games/UE_5.7/Engine/Binaries/ThirdParty/USD/UsdResources/Win64/X64/plugins/usdRiPxrImaging/resources/plugInfo.json" 3468
"C:/Program Files/Epic Games/UE_5.7/Engine/Binaries/ThirdParty/USD/UsdResources/Win64/X64/plugins/usdSkel/resources/plugInfo.json" 3469
"C:/Program Files/Epic Games/UE_5.7/Engine/Binaries/ThirdParty/USD/UsdResources/Win64/X64/plugins/usdRender/resources/plugInfo.json" 3470
"C:/Program Files/Epic Games/UE_5.7/Engine/Binaries/ThirdParty/USD/UsdResources/Win64/X64/plugins/usdValidation/resources/plugInfo.json" 3471
"C:/Program Files/Epic Games/UE_5.7/Engine/Binaries/ThirdParty/USD/UsdResources/Win64/X64/plugins/usdGeomValidators/resources/plugInfo.json" 3472
"C:/Program Files/Epic Games/UE_5.7/Engine/Binaries/ThirdParty/USD/UsdResources/Win64/X64/plugins/usdMedia/resources/plugInfo.json" 3473
"C:/Program Files/Epic Games/UE_5.7/Engine/Binaries/ThirdParty/USD/UsdResources/Win64/X64/plugins/usdRi/resources/plugInfo.json" 3474
"C:/Program Files/Epic Games/UE_5.7/Engine/Binaries/ThirdParty/USD/UsdResources/Win64/X64/plugins/usdProcImaging/resources/plugInfo.json" 3475
"C:/Program Files/Epic Games/UE_5.7/Engine/Binaries/ThirdParty/USD/UsdResources/Win64/X64/plugins/usdSkelImaging/resources/plugInfo.json" 3476
"C:/Program Files/Epic Games/UE_5.7/Engine/Binaries/ThirdParty/USD/UsdResources/Win64/X64/plugins/sdrGlslfx/resources/plugInfo.json" 3477
"C:/Program Files/Epic Games/UE_5.7/Engine/Binaries/ThirdParty/USD/UsdResources/Win64/X64/plugins/usdShadeValidators/resources/plugInfo.json" 3478
"C:/Program Files/Epic Games/UE_5.7/Engine/Binaries/ThirdParty/USD/UsdResources/Win64/X64/plugins/ar/resources/plugInfo.json" 3479
"C:/Program Files/Epic Games/UE_5.7/Engine/Binaries/ThirdParty/USD/UsdResources/Win64/X64/plugins/usd/resources/plugInfo.json" 3480
"C:/Program Files/Epic Games/UE_5.7/Engine/Binaries/ThirdParty/USD/UsdResources/Win64/X64/plugins/esfUsd/resources/plugInfo.json" 3481
"C:/Program Files/Epic Games/UE_5.7/Engine/Binaries/ThirdParty/USD/UsdResources/Win64/X64/plugins/usdVolImaging/resources/plugInfo.json" 3482
"C:/Program Files/Epic Games/UE_5.7/Engine/Binaries/ThirdParty/USD/UsdResources/Win64/X64/plugins/hdsi/resources/plugInfo.json" 3483
"C:/Program Files/Epic Games/UE_5.7/Engine/Binaries/ThirdParty/USD/UsdResources/Win64/X64/plugins/usdPhysicsValidators/resources/plugInfo.json" 3484
"C:/Program Files/Epic Games/UE_5.7/Engine/Binaries/ThirdParty/USD/UsdResources/Win64/X64/plugins/usdLux/resources/plugInfo.json" 3485
"C:/Program Files/Epic Games/UE_5.7/Engine/Binaries/ThirdParty/USD/UsdResources/Win64/X64/plugins/usdUI/resources/plugInfo.json" 3486
"C:/Program Files/Epic Games/UE_5.7/Engine/Binaries/ThirdParty/USD/UsdResources/Win64/X64/plugins/glf/resources/plugInfo.json" 3487
"C:/Program Files/Epic Games/UE_5.7/Engine/Binaries/ThirdParty/USD/UsdResources/Win64/X64/plugins/usdAbc/resources/plugInfo.json" 3488
"C:/Program Files/Epic Games/UE_5.7/Engine/Binaries/ThirdParty/USD/UsdResources/Win64/X64/plugins/usdShaders/resources/plugInfo.json" 3489
"C:/Program Files/Epic Games/UE_5.7/Engine/Binaries/ThirdParty/USD/UsdResources/Win64/X64/plugins/sdf/resources/plugInfo.json" 3490
"C:/Program Files/Epic Games/UE_5.7/Engine/Binaries/ThirdParty/USD/UsdResources/Win64/X64/plugins/hio/resources/plugInfo.json" 3491
"C:/Program Files/Epic Games/UE_5.7/Engine/Binaries/ThirdParty/USD/UsdResources/Win64/X64/plugins/usd/resources/codegenTemplates/plugInfo.json" 3492
"/MediaPlate/SM_MediaPlateScreen" 3493
"../../Plugins/Media/MediaPlate/Content/SM_MediaPlateScreen.uasset" 3494
"../../../Engine/Intermediate/ProjectFiles/PrimaryProjectPath.txt" 3495
"/Engine/BasicShapes/BasicShapeMaterial" 3496
"../../../Engine/Content/BasicShapes/BasicShapeMaterial.uasset" 3497
"/Engine/EditorMaterials/Dataflow/DataflowVertexMaterial" 3498
"../../../Engine/Content/EditorMaterials/Dataflow/DataflowVertexMaterial.uasset" 3499
"/Engine/EditorMaterials/Dataflow/DataflowTwoSidedVertexMaterial" 3500
"../../../Engine/Content/EditorMaterials/Dataflow/DataflowTwoSidedVertexMaterial.uasset" 3501
"/MeshModelingToolsetExp/Materials/PointSetOverlaidComponentMaterial" 3502
"../../Plugins/Experimental/MeshModelingToolsetExp/Content/Materials/PointSetOverlaidComponentMaterial.uasset" 3503
"../../../Engine/Content/Functions/Engine_MaterialFunctions02/Utility/FOV.uasset" 3504
"../../../Engine/Content/Functions/Engine_MaterialFunctions02/WorldPositionOffset/V2/ObjectScale.uasset" 3505
"../../../Engine/Content/Functions/Engine_MaterialFunctions03/Viewport/MF_OrthoWidth.uasset" 3506
"../../Plugins/Experimental/MeshModelingToolsetExp/Content/Materials/GetDisplacementVectorForDepthBias.uasset" 3507
"/Engine/EditorLandscapeResources/LayerVisMaterial" 3508
"../../../Engine/Content/EditorLandscapeResources/LayerVisMaterial.uasset" 3509
"../../../Engine/Content/EditorLandscapeResources/WhiteSquareTexture.uasset" 3510
"/Engine/EditorLandscapeResources/SelectBrushMaterial_Selected" 3511
"../../../Engine/Content/EditorLandscapeResources/SelectBrushMaterial_Selected.uasset" 3512
"../../../Engine/Content/EditorLandscapeResources/SelectBrushMaterial.uasset" 3513
"../../../Engine/Content/Functions/Engine_MaterialFunctions03/Math/WithinRangeFloat2.uasset" 3514
"../../../Engine/Content/EditorLandscapeResources/DefaultAlphaTexture.uasset" 3515
"/Engine/EditorLandscapeResources/SelectBrushMaterial_SelectedRegion" 3516
"../../../Engine/Content/EditorLandscapeResources/SelectBrushMaterial_SelectedRegion.uasset" 3517
"/Engine/EditorLandscapeResources/MaskBrushMaterial_MaskedRegion" 3518
"../../../Engine/Content/EditorLandscapeResources/MaskBrushMaterial_MaskedRegion.uasset" 3519
"../../../Engine/Content/EditorLandscapeResources/MaskBrushMaterial.uasset" 3520
"/Engine/EditorLandscapeResources/ColorMaskBrushMaterial_MaskedRegion" 3521
"../../../Engine/Content/EditorLandscapeResources/ColorMaskBrushMaterial_MaskedRegion.uasset" 3522
"../../../Engine/Content/EditorLandscapeResources/ColorMaskBrushMaterial.uasset" 3523
"/Engine/EditorLandscapeResources/LandscapeDirtyMaterial" 3524
"../../../Engine/Content/EditorLandscapeResources/LandscapeDirtyMaterial.uasset" 3525
"/Engine/EditorLandscapeResources/LandscapeLayerUsageMaterial" 3526
"../../../Engine/Content/EditorLandscapeResources/LandscapeLayerUsageMaterial.uasset" 3527
"../../../Engine/Content/Functions/Engine_MaterialFunctions01/Debug/DebugIntValues.uasset" 3528
"../../../Engine/Content/Functions/Engine_MaterialFunctions01/Texturing/ScaleUVsByCenter.uasset" 3529
"../../../Engine/Content/Functions/Engine_MaterialFunctions02/WorldPositionOffset/LocalPosition.uasset" 3530
"../../../Engine/Content/Functions/Engine_MaterialFunctions01/Texturing/TextureCropping.uasset" 3531
"../../../Engine/Content/Functions/Engine_MaterialFunctions02/ExampleContent/DebugNumberStrip.uasset" 3532
"C:/Users/Kiah/AppData/Local/UnrealEngine/Editor/UInteractiveToolsPresetCollectionAsset_DefaultCollection.json" 3533
"/Engine/EngineMaterials/NaniteHiddenSectionMaterial" 3534
"../../../Engine/Content/EngineMaterials/NaniteHiddenSectionMaterial.uasset" 3535
"/Engine/EngineMaterials/RemoveSurfaceMaterial" 3536
"../../../Engine/Content/EngineMaterials/RemoveSurfaceMaterial.uasset" 3537
"/Engine/EngineDebugMaterials/DebugMeshMaterial" 3538
"../../../Engine/Content/EngineDebugMaterials/DebugMeshMaterial.uasset" 3539
"/Engine/EngineMaterials/EmissiveMeshMaterial" 3540
"../../../Engine/Content/EngineMaterials/EmissiveMeshMaterial.uasset" 3541
"../../../Engine/Content/EngineMaterials/DefaultWhiteGrid_Low.uasset" 3542
"/Engine/EngineMaterials/M_InvalidLightmapSettings" 3543
"../../../Engine/Content/EngineMaterials/M_InvalidLightmapSettings.uasset" 3544
"../../../Engine/Content/EngineMaterials/InvalidLightmapSettings.uasset" 3545
"/Engine/EngineMaterials/GizmoMaterial" 3546
"../../../Engine/Content/EngineMaterials/GizmoMaterial.uasset" 3547
"/Engine/EngineMaterials/PhAT_JointLimitMaterial" 3548
"../../../Engine/Content/EngineMaterials/PhAT_JointLimitMaterial.uasset" 3549
"/Engine/EngineMaterials/FlattenMaterial" 3550
"../../../Engine/Content/EngineMaterials/FlattenMaterial.uasset" 3551
"../../../Engine/Content/EngineMaterials/BaseFlattenDiffuseMap.uasset" 3552
"../../../Engine/Content/EngineMaterials/BaseFlattenEmissiveMap.uasset" 3553
"../../../Engine/Content/EngineMaterials/BaseFlattenGrayscaleMap.uasset" 3554
"../../../Engine/Content/EngineMaterials/BaseFlattenLinearColor.uasset" 3555
"../../../Engine/Content/EngineMaterials/BaseFlattenNormalMap.uasset" 3556
"../../../Engine/Content/Functions/Engine_MaterialFunctions02/PivotPainter2/Black_1x1_EXR_Texture.uasset" 3557
"/Engine/EngineMaterials/FlattenMaterial_VT" 3558
"../../../Engine/Content/EngineMaterials/FlattenMaterial_VT.uasset" 3559
"../../../Engine/Content/EngineMaterials/BaseFlattenDiffuseMap_VT.uasset" 3560
"../../../Engine/Content/EngineMaterials/BaseFlattenEmissiveMap_VT.uasset" 3561
"../../../Engine/Content/EngineMaterials/BaseFlattenGrayscaleMap_VT.uasset" 3562
"../../../Engine/Content/EngineMaterials/BaseFlattenLinearColor_VT.uasset" 3563
"../../../Engine/Content/EngineMaterials/BaseFlattenNormalMap_VT.uasset" 3564
"../../../Engine/Content/EngineMaterials/Black_1x1_EXR_Texture_VT.uasset" 3565
"/Engine/EngineMaterials/FlattenMaterial_WS_Normal_VT" 3566
"../../../Engine/Content/EngineMaterials/FlattenMaterial_WS_Normal_VT.uasset" 3567
"/Engine/EngineMaterials/Good64x64TilingNoiseHighFreq" 3568
"../../../Engine/Content/EngineMaterials/Good64x64TilingNoiseHighFreq.uasset" 3569
"/Engine/EngineMaterials/DefaultBokeh" 3570
"../../../Engine/Content/EngineMaterials/DefaultBokeh.uasset" 3571
"/Engine/EngineMaterials/MiniFont" 3572
"../../../Engine/Content/EngineMaterials/MiniFont.uasset" 3573
"/Engine/EngineMaterials/WeightMapPlaceholderTexture" 3574
"../../../Engine/Content/EngineMaterials/WeightMapPlaceholderTexture.uasset" 3575
"/Engine/EngineMaterials/WeightMapArrayPlaceholderTexture" 3576
"../../../Engine/Content/EngineMaterials/WeightMapArrayPlaceholderTexture.uasset" 3577
"/Engine/EngineMaterials/DefaultWhiteGrid" 3578
"../../../Engine/Content/EngineMaterials/DefaultWhiteGrid.uasset" 3579
"/Engine/EngineMaterials/PreintegratedSkinBRDF" 3580
"../../../Engine/Content/EngineMaterials/PreintegratedSkinBRDF.uasset" 3581
"/Engine/EngineMaterials/LTC/GGX_LTCAmp" 3582
"../../../Engine/Content/EngineMaterials/LTC/GGX_LTCAmp.uasset" 3583
"/Engine/EngineMaterials/LTC/GGX_LTCMat" 3584
"../../../Engine/Content/EngineMaterials/LTC/GGX_LTCMat.uasset" 3585
"/Engine/EngineMaterials/LTC/Sheen_LTC" 3586
"../../../Engine/Content/EngineMaterials/LTC/Sheen_LTC.uasset" 3587
"/Engine/EngineMaterials/EnergyConservation/GGX_ReflectionEnergy" 3588
"../../../Engine/Content/EngineMaterials/EnergyConservation/GGX_ReflectionEnergy.uasset" 3589
"/Engine/EngineMaterials/EnergyConservation/GGX_TransmissionEnergyArray" 3590
"../../../Engine/Content/EngineMaterials/EnergyConservation/GGX_TransmissionEnergyArray.uasset" 3591
"/Engine/EngineMaterials/EnergyConservation/Sheen_Energy" 3592
"../../../Engine/Content/EngineMaterials/EnergyConservation/Sheen_Energy.uasset" 3593
"/Engine/EngineMaterials/EnergyConservation/Diffuse_Energy" 3594
"../../../Engine/Content/EngineMaterials/EnergyConservation/Diffuse_Energy.uasset" 3595
"/Engine/EngineMaterials/DefaultPhysicalMaterial" 3596
"../../../Engine/Content/EngineMaterials/DefaultPhysicalMaterial.uasset" 3597
"/Engine/EngineMaterials/DefaultDestructiblePhysicalMaterial" 3598
"../../../Engine/Content/EngineMaterials/DefaultDestructiblePhysicalMaterial.uasset" 3599
"/Niagara/ParameterDefinitions/CoreParameters" 3600
"../../Plugins/FX/Niagara/Content/ParameterDefinitions/CoreParameters.uasset" 3601
"/Niagara/ParameterDefinitions/DecalRenderer" 3602
"../../Plugins/FX/Niagara/Content/ParameterDefinitions/DecalRenderer.uasset" 3603
"/Niagara/ParameterDefinitions/LightRenderer" 3604
"../../Plugins/FX/Niagara/Content/ParameterDefinitions/LightRenderer.uasset" 3605
"/Niagara/ParameterDefinitions/MeshRenderer" 3606
"../../Plugins/FX/Niagara/Content/ParameterDefinitions/MeshRenderer.uasset" 3607
"/Niagara/ParameterDefinitions/RibbonRenderer" 3608
"../../Plugins/FX/Niagara/Content/ParameterDefinitions/RibbonRenderer.uasset" 3609
"/Niagara/ParameterDefinitions/SpriteRenderer" 3610
"../../Plugins/FX/Niagara/Content/ParameterDefinitions/SpriteRenderer.uasset" 3611
"/DeformerGraph/Deformers/DG_LinearBlendSkin_Morph_Cloth" 3612
"../../Plugins/Animation/DeformerGraph/Content/Deformers/DG_LinearBlendSkin_Morph_Cloth.uasset" 3613
"../../Plugins/Animation/DeformerGraph/Content/DeformerFunctions/DG_Function_LinearBlendSkin_Morph_Cloth.uasset" 3614
"/DeformerGraph/Deformers/DG_LinearBlendSkin_Morph_Cloth_RecomputeNormals" 3615
"../../Plugins/Animation/DeformerGraph/Content/Deformers/DG_LinearBlendSkin_Morph_Cloth_RecomputeNormals.uasset" 3616
"../../Plugins/Animation/DeformerGraph/Content/DeformerFunctions/DG_Function_ComputeNormalsTangents.uasset" 3617
"../../Plugins/Animation/DeformerGraph/Content/DeformerFunctions/DG_Function_LinearBlendSkin_Morph_Cloth_PositionOnly.uasset" 3618
"/Engine/BasicShapes/Cylinder" 3619
"../../../Engine/Content/BasicShapes/Cylinder.uasset" 3620
"/Engine/BasicShapes/Cone" 3621
"../../../Engine/Content/BasicShapes/Cone.uasset" 3622
"/Engine/BasicShapes/Plane" 3623
"../../../Engine/Content/BasicShapes/Plane.uasset" 3624
"../../../Engine/Documentation/Source/Shared/Types/ABrush/ABrush.INT.udn" 3625
"../../../Engine/Content/Internationalization/icudt64l/brkitr/en_US.res" 3626
"../../../Engine/Content/Internationalization/icudt64l/brkitr/en.res" 3627
"../../../Engine/Content/Internationalization/icudt64l/brkitr/root.res" 3628
"../../../Engine/Content/Internationalization/icudt64l/brkitr/char.brk" 3629
"../../../Engine/Content/Internationalization/icudt64l/brkitr/word.brk" 3630
"/HDRIBackdrop/Blueprints/HDRIBackdrop" 3631
"../../Plugins/Runtime/HDRIBackdrop/Content/Blueprints/HDRIBackdrop.uasset" 3632
"../../Plugins/Runtime/HDRIBackdrop/Content/Materials/MI_HDRI_Floor.uasset" 3633
"../../Plugins/Runtime/HDRIBackdrop/Content/Materials/MI_HDRI_Sky.uasset" 3634
"../../Plugins/Runtime/HDRIBackdrop/Content/Meshes/EnviroDome.uasset" 3635
"../../Plugins/Runtime/HDRIBackdrop/Content/Textures/approaching_storm_4k.uasset" 3636
"../../Plugins/Runtime/HDRIBackdrop/Content/Materials/HDRI_Projection_Floor.uasset" 3637
"../../Plugins/Runtime/HDRIBackdrop/Content/Materials/HDRI_Projection_Sky.uasset" 3638
"../../../Engine/Content/Functions/Engine_MaterialFunctions02/WorldPositionOffset/ObjectPivotPoint.uasset" 3639
"../../Plugins/Runtime/HDRIBackdrop/Content/Materials/HDRI_Attributes.uasset" 3640
"/Engine/EditorResources/SequenceRecorder/Countdown" 3641
"../../../Engine/Content/EditorResources/SequenceRecorder/Countdown.uasset" 3642
"/Engine/EditorResources/SequenceRecorder/RecordingIndicator" 3643
"../../../Engine/Content/EditorResources/SequenceRecorder/RecordingIndicator.uasset" 3644
"/Engine/EditorMaterials/PhAT_UnselectedMaterial" 3645
"../../../Engine/Content/EditorMaterials/PhAT_UnselectedMaterial.uasset" 3646
"/Engine/EditorMaterials/PhAT_NoCollisionMaterial" 3647
"../../../Engine/Content/EditorMaterials/PhAT_NoCollisionMaterial.uasset" 3648
"/Engine/EditorResources/S_Terrain" 3649
"../../../Engine/Content/EditorResources/S_Terrain.uasset" 3650
"../../../Engine/Plugins/FX/Niagara/Shaders/Private/NiagaraDataInterfaceTexture2DArrayTemplate.ush" 3651
"../../../Engine/Plugins/FX/Niagara/Shaders/Private/NiagaraDataInterfaceActorComponentTemplate.ush" 3652
"../../../Engine/Plugins/FX/Niagara/Shaders/Private/NiagaraDataInterfaceArrayTemplate.ush" 3653
"../../../Engine/Plugins/FX/Niagara/Shaders/Private/NiagaraDataInterfaceArrayRWTemplate.ush" 3654
"../../../Engine/Plugins/FX/Niagara/Shaders/Private/NiagaraDataInterfaceArrayDistributionIntTemplate.ush" 3655
"../../../Engine/Plugins/FX/Niagara/Shaders/Private/NiagaraDataInterfaceAsyncGpuTrace.ush" 3656
"../../../Engine/Plugins/FX/Niagara/Shaders/Private/NiagaraDataInterfaceAsyncGpuTraceTemplate.ush" 3657
"../../../Engine/Plugins/FX/Niagara/Shaders/Private/NiagaraDataInterfaceCamera.ush" 3658
"../../../Engine/Plugins/Experimental/ChaosNiagara/Shaders/NiagaraDataInterfaceChaosDestruction.ush" 3659
"../../../Engine/Plugins/FX/Niagara/Shaders/Private/NiagaraDataInterfaceCollisionQuery.ush" 3660
"C:/Users/Kiah/Documents/Unreal Projects/Nebula/Intermediate/ShaderAutogen/PCD3D_SM5/AutogenShaderHeaders.ush" 3661
"../../../Engine/Plugins/FX/Niagara/Shaders/Private/NiagaraDataInterfaceCollisionQueryTemplate.ush" 3662
"../../../Engine/Plugins/FX/Niagara/Shaders/Private/NiagaraDataInterfaceCurveTemplate.ush" 3663
"../../../Engine/Plugins/FX/Niagara/Shaders/Private/NiagaraDataInterfaceCubeTextureTemplate.ush" 3664
"../../../Engine/Plugins/FX/Niagara/Shaders/Private/DataChannel/NiagaraDataInterfaceDataChannelCommon.ush" 3665
"../../../Engine/Plugins/FX/Niagara/Shaders/Private/DataChannel/NiagaraDataInterfaceDataChannelTemplateCommon.ush" 3666
"../../../Engine/Plugins/FX/Niagara/Shaders/Private/DataChannel/NiagaraDataInterfaceDataChannelTemplateReadCommon.ush" 3667
"../../../Engine/Plugins/FX/Niagara/Shaders/Private/DataChannel/NiagaraDataInterfaceDataChannelTemplate_Read.ush" 3668
"../../../Engine/Plugins/FX/Niagara/Shaders/Private/DataChannel/NiagaraDataInterfaceDataChannelTemplate_Consume.ush" 3669
"../../../Engine/Plugins/FX/Niagara/Shaders/Private/DataChannel/NiagaraDataInterfaceDataChannelTemplateWriteCommon.ush" 3670
"../../../Engine/Plugins/FX/Niagara/Shaders/Private/DataChannel/NiagaraDataInterfaceDataChannelTemplate_Append.ush" 3671
"../../../Engine/Plugins/FX/Niagara/Shaders/Private/NiagaraDataInterfaceDataTableTemplate.ush" 3672
"../../../Engine/Plugins/FX/Niagara/Shaders/Private/NiagaraDataInterfaceDebugDraw.ush" 3673
"../../../Engine/Plugins/FX/Niagara/Shaders/Private/NiagaraDataInterfaceDebugDrawTemplate.ush" 3674
"../../../Engine/Plugins/FX/Niagara/Shaders/Private/NiagaraDataInterfaceDynamicMeshTemplate.ush" 3675
"../../../Engine/Plugins/FX/Niagara/Shaders/Private/NiagaraDataInterfaceEmitterPropertiesTemplate.ush" 3676
"../../../Engine/Plugins/FX/Niagara/Shaders/Private/NiagaraDataInterfaceExportTemplate.ush" 3677
"../../../Engine/Plugins/FX/Niagara/Shaders/Private/NiagaraDataInterfaceGBufferTemplate.ush" 3678
"../../../Engine/Plugins/Experimental/ChaosNiagara/Shaders/NiagaraDataInterfaceGeometryCollection.ush" 3679
"../../../Engine/Plugins/FX/Niagara/Shaders/Private/NiagaraTransformUtils.ush" 3680
"../../../Engine/Plugins/Runtime/HairStrands/Shaders/Private/NiagaraStrandsExternalForce.ush" 3681
"../../../Engine/Plugins/Runtime/HairStrands/Shaders/Private/NiagaraHookeSpringMaterial.ush" 3682
"../../../Engine/Plugins/Runtime/HairStrands/Shaders/Private/NiagaraAngularSpringMaterial.ush" 3683
"../../../Engine/Plugins/Runtime/HairStrands/Shaders/Private/NiagaraConstantVolumeMaterial.ush" 3684
"../../../Engine/Plugins/Runtime/HairStrands/Shaders/Private/NiagaraCosseratRodMaterial.ush" 3685
"../../../Engine/Plugins/Runtime/HairStrands/Shaders/Private/NiagaraStaticCollisionConstraint.ush" 3686
"../../../Engine/Plugins/Runtime/HairStrands/Shaders/Private/NiagaraDataInterfaceHairStrands.ush" 3687
"../../../Engine/Plugins/Runtime/HairStrands/Shaders/Private/NiagaraDataInterfaceHairStrandsTemplate.ush" 3688
"../../../Engine/Plugins/FX/Niagara/Shaders/Private/NiagaraDataInterfaceIntRenderTarget2D.ush" 3689
"../../../Engine/Plugins/FX/Niagara/Shaders/Private/NiagaraDataInterfaceLandscape.ush" 3690
"../../../Engine/Plugins/FX/Niagara/Shaders/Private/NiagaraDataInterfaceMemoryBufferTemplate.ush" 3691
"../../../Engine/Plugins/FX/Niagara/Shaders/Private/NiagaraDataInterfaceMeshRendererInfoTemplate.ush" 3692
"../../../Engine/Plugins/FX/Niagara/Shaders/Private/NiagaraDataInterfaceOcclusion.ush" 3693
"../../../Engine/Plugins/FX/Niagara/Shaders/Private/NiagaraDataInterfacePhysicsAsset.ush" 3694
"../../../Engine/Plugins/Experimental/ChaosNiagara/Shaders/NiagaraDataInterfacePhysicsField.ush" 3695
"../../../Engine/Plugins/FX/Niagara/Shaders/Private/NiagaraDataInterfacePlatformSetTemplate.ush" 3696
"../../../Engine/Plugins/Runtime/HairStrands/Shaders/Private/NiagaraDataInterfaceVelocityGrid.ush" 3697
"../../../Engine/Plugins/Runtime/HairStrands/Shaders/Private/NiagaraDataInterfaceVelocityGridTemplate.ush" 3698
"../../../Engine/Plugins/Runtime/HairStrands/Shaders/Private/NiagaraDataInterfacePressureGrid.ush" 3699
"../../../Engine/Plugins/Runtime/HairStrands/Shaders/Private/NiagaraDataInterfacePressureGridTemplate.ush" 3700
"../../../Engine/Plugins/FX/Niagara/Shaders/Private/NiagaraDataInterfaceRenderTarget2DTemplate.ush" 3701
"../../../Engine/Plugins/FX/Niagara/Shaders/Private/NiagaraDataInterfaceRenderTarget2DArrayTemplate.ush" 3702
"../../../Engine/Plugins/FX/Niagara/Shaders/Private/NiagaraDataInterfaceRenderTargetCubeTemplate.ush" 3703
"../../../Engine/Plugins/FX/Niagara/Shaders/Private/NiagaraDataInterfaceRenderTargetVolumeTemplate.ush" 3704
"../../../Engine/Plugins/FX/Niagara/Shaders/Private/NiagaraDataInterfaceRigidMeshCollisionQuery.ush" 3705
"../../../Engine/Plugins/FX/Niagara/Shaders/Private/NiagaraDistanceFieldQueries.ush" 3706
"../../../Engine/Plugins/FX/Niagara/Shaders/Private/NiagaraDataInterfaceSceneCapture2DTemplate.ush" 3707
"../../../Engine/Plugins/FX/Niagara/Shaders/Private/NiagaraDataInterfaceSimCacheReaderTemplate.ush" 3708
"../../../Engine/Plugins/FX/Niagara/Shaders/Private/NiagaraDataInterfaceSimpleCounterTemplate.ush" 3709
"../../../Engine/Plugins/FX/Niagara/Shaders/Private/NiagaraDataInterfaceSkeletalMesh.ush" 3710
"../../../Engine/Plugins/FX/Niagara/Shaders/Private/NiagaraBaryCentricUtils.ush" 3711
"../../../Engine/Plugins/FX/Niagara/Shaders/Private/NiagaraDataInterfaceSkeletalMeshTemplate.ush" 3712
"../../../Engine/Plugins/FX/Niagara/Shaders/Private/NiagaraDataInterfaceSocketReaderTemplate.ush" 3713
"../../../Engine/Plugins/FX/Niagara/Shaders/Private/NiagaraDataInterfaceSparseVolumeTextureTemplate.ush" 3714
"../../../Engine/Plugins/FX/Niagara/Shaders/Private/NiagaraDataInterfaceSplineTemplate.ush" 3715
"../../../Engine/Plugins/FX/Niagara/Shaders/Private/NiagaraDataInterfaceSpriteRendererInfoTemplate.ush" 3716
"../../../Engine/Plugins/FX/Niagara/Shaders/Private/NiagaraDataInterfaceStaticMeshTemplate.ush" 3717
"../../../Engine/Plugins/FX/Niagara/Shaders/Private/NiagaraDataInterfaceTextureTemplate.ush" 3718
"../../../Engine/Plugins/FX/Niagara/Shaders/Private/NiagaraDataInterfaceVirtualTexture.ush" 3719
"../../../Engine/Plugins/FX/Niagara/Shaders/Private/NiagaraDataInterfaceVirtualTextureTemplate.ush" 3720
"../../../Engine/Plugins/FX/Niagara/Shaders/Private/NiagaraDataInterfaceVirtualTextureSampleTemplate.ush" 3721
"../../../Engine/Plugins/FX/Niagara/Shaders/Private/NiagaraDataInterfaceVolumeCache.ush" 3722
"../../../Engine/Plugins/FX/Niagara/Shaders/Private/NiagaraDataInterfaceVolumeTextureTemplate.ush" 3723
"C:/Users/Kiah/Documents/Unreal Projects/Nebula/Content/AI/Fleet/Tasks/MineAsteroid.uasset" 3724
"C:/Users/Kiah/Documents/Unreal Projects/Nebula/Content/Blueprints/Objects/Handlers/BP_SystemEffectHandler.uasset" 3725
"C:/Users/Kiah/Documents/Unreal Projects/Nebula/Content/Assets/Materials/MI_YellowSun.uasset" 3726
"C:/Users/Kiah/Documents/Unreal Projects/Nebula/Content/Blueprints/Objects/Suns/BP_YellowSun.uasset" 3727
"C:/Users/Kiah/Documents/Unreal Projects/Nebula/Content/AI/Fleet/Tasks/ScanningService.uasset" 3728
"C:/Users/Kiah/Documents/Unreal Projects/Nebula/Content/AI/Fleet/Tasks/MoveToTarget.uasset" 3729
"C:/Users/Kiah/Documents/Unreal Projects/Nebula/Content/AI/Fleet/Tasks/FindNearbyAsteroid.uasset" 3730
"C:/Users/Kiah/Documents/Unreal Projects/Nebula/Content/AI/Fleet/Tasks/ResourcesLeftService.uasset" 3731
"C:/Users/Kiah/Documents/Unreal Projects/Nebula/Content/AI/Fleet/Tasks/UndockFleet.uasset" 3732
"C:/Users/Kiah/Documents/Unreal Projects/Nebula/Content/AI/Fleet/Tasks/Retreat.uasset" 3733
"C:/Users/Kiah/Documents/Unreal Projects/Nebula/Content/AI/Fleet/Tasks/DockFleet.uasset" 3734
"C:/Users/Kiah/Documents/Unreal Projects/Nebula/Content/AI/Fleet/BB_Fleet.uasset" 3735
"C:/Users/Kiah/Documents/Unreal Projects/Nebula/Content/AI/Fleet/BTD_CheckAsteroid.uasset" 3736
"C:/Users/Kiah/Documents/Unreal Projects/Nebula/Content/Blueprints/BP_NebulaAIController.uasset" 3737
"C:/Users/Kiah/Documents/Unreal Projects/Nebula/Content/Blueprints/Objects/Fleets/BP_AIFleet.uasset" 3738
"C:/Users/Kiah/Documents/Unreal Projects/Nebula/Content/AI/Fleet/BT_Miner.uasset" 3739
"C:/Users/Kiah/Documents/Unreal Projects/Nebula/Content/Blueprints/UI/Dialogue/WBP_DialogueOption.uasset" 3740
"C:/Users/Kiah/Documents/Unreal Projects/Nebula/Content/Blueprints/UI/Dialogue/WBP_Dialogue.uasset" 3741
"C:/Users/Kiah/Documents/Unreal Projects/Nebula/Content/Assets/Sounds/OminousAudio.uasset" 3742
"C:/Users/Kiah/Documents/Unreal Projects/Nebula/Content/Assets/Materials/Sun.uasset" 3743
"C:/Users/Kiah/Documents/Unreal Projects/Nebula/Content/Assets/Materials/MI_WhiteDwarf.uasset" 3744
"../../../Engine/Content/Functions/Engine_MaterialFunctions02/SampleSceneDepth.uasset" 3745
"../../../Engine/Content/Functions/Engine_MaterialFunctions01/ImageAdjustment/BlurSampleOffsets.uasset" 3746
"C:/Users/Kiah/Documents/Unreal Projects/Nebula/Content/Assets/Materials/M_StencilOutline.uasset" 3747
"C:/Users/Kiah/Documents/Unreal Projects/Nebula/Content/Assets/Materials/MI_StencilOutline.uasset" 3748
"C:/Users/Kiah/Documents/Unreal Projects/Nebula/Content/Blueprints/Objects/Camera/BP_CameraRig.uasset" 3749
"C:/Users/Kiah/Documents/Unreal Projects/Nebula/Content/Blueprints/UI/WBP_Game.uasset" 3750
"C:/Users/Kiah/Documents/Unreal Projects/Nebula/Content/HDRI_8k_Starfields/Textures/HDRI/HDR_Starfield_Cinematic_V2_Sparse_8K.uasset" 3751
"C:/Users/Kiah/Documents/Unreal Projects/Nebula/Content/Blueprints/Objects/Asteroids/BP_AsteroidGenerator.uasset" 3752
"C:/Users/Kiah/Documents/Unreal Projects/Nebula/Content/Blueprints/Objects/Systems/BP_StarSystem.uasset" 3753
"C:/Users/Kiah/Documents/Unreal Projects/Nebula/Content/Blueprints/UI/WBP_Superweapon.uasset" 3754
"C:/Users/Kiah/Documents/Unreal Projects/Nebula/Content/Blueprints/Objects/BP_ClickFloor.uasset" 3755
"/Game/Assets/Materials/MI_YellowSun" 3756
"/Game/Blueprints/Objects/Suns/BP_YellowSun" 3757
"/Game/Blueprints/Objects/Handlers/BP_SystemEffectHandler" 3758
"/Game/AI/Fleet/Tasks/Retreat" 3759
"/Game/AI/Fleet/Tasks/UndockFleet" 3760
"/Game/AI/Fleet/Tasks/ScanningService" 3761
"/Game/AI/Fleet/Tasks/ResourcesLeftService" 3762
"../../../Engine/Content/EditorBlueprintResources/StandardMacros.uasset" 3763
"/Game/AI/Fleet/Tasks/MoveToTarget" 3764
"/Game/AI/Fleet/Tasks/MineAsteroid" 3765
"/Game/AI/Fleet/Tasks/FindNearbyAsteroid" 3766
"/Game/AI/Fleet/Tasks/DockFleet" 3767
"/Game/AI/Fleet/BTD_CheckAsteroid" 3768
"/Game/AI/Fleet/BT_Miner" 3769
"/Game/Blueprints/UI/Dialogue/WBP_DialogueOption" 3770
"/Game/Assets/Sounds/OminousAudio" 3771
"/Game/Assets/Materials/MI_WhiteDwarf" 3772
"/Engine/Functions/Engine_MaterialFunctions01/ImageAdjustment/BlurSampleOffsets" 3773
"/Engine/Functions/Engine_MaterialFunctions02/SampleSceneDepth" 3774
"C:/Users/Kiah/Documents/Unreal Projects/Nebula/Content/Blueprints/Objects/Superweapons/BP_Superweapon.uasset" 3775
"C:/Users/Kiah/Documents/Unreal Projects/Nebula/Content/Blueprints/Objects/GasPocket/BP_GasPocket.uasset" 3776
"../../../Engine/Content/MapTemplates/Sky/T_Sky_Stars.uasset" 3777
"../../../Engine/Content/MapTemplates/Sky/T_UDK_Sky_CloudMask01_N.uasset" 3778
"../../../Engine/Content/MapTemplates/T_UDK_Sky_CloudMask03.uasset" 3779
"../../../Engine/Content/MapTemplates/Sky/SM_SkySphere.uasset" 3780
"C:/Users/Kiah/Documents/Unreal Projects/Nebula/Content/Blueprints/UI/Starbase/WBP_Orbiting.uasset" 3781
"C:/Users/Kiah/Documents/Unreal Projects/Nebula/Content/Blueprints/UI/Starbase/WBP_Starbase.uasset" 3782
"../../../Engine/Content/EngineMeshes/Cube.uasset" 3783
"C:/Users/Kiah/Documents/Unreal Projects/Nebula/Content/DataAssets/CargoItems/Iron.uasset" 3784
"/Game/Blueprints/BP_NebulaAIController" 3785
"C:/Users/Kiah/Documents/Unreal Projects/Nebula/Content/Blueprints/Objects/Starbase/BP_Starbase.uasset" 3786
"C:/Users/Kiah/Documents/Unreal Projects/Nebula/Content/Assets/UI/mining_ui.uasset" 3787
"C:/Users/Kiah/Documents/Unreal Projects/Nebula/Content/Blueprints/UI/WBP_Asteroid.uasset" 3788
"../../../Engine/Content/MapTemplates/Sky/M_Procedural_Sky_MASTER02.uasset" 3789
"../../../Engine/Content/Functions/Engine_MaterialFunctions02/Utility/DitherTemporalAA.uasset" 3790
"../../../Engine/Content/Functions/Engine_MaterialFunctions02/Texturing/ScreenAlignedPixelToPixelUVs.uasset" 3791
"C:/Users/Kiah/Documents/Unreal Projects/Nebula/Content/Blueprints/Objects/Relays/BP_Relay.uasset" 3792
"C:/Users/Kiah/Documents/Unreal Projects/Nebula/Content/Blueprints/BP_MapManager.uasset" 3793
"C:/Users/Kiah/Documents/Unreal Projects/Nebula/Content/Blueprints/Objects/Asteroids/BP_Asteroid1.uasset" 3794
"C:/Users/Kiah/Documents/Unreal Projects/Nebula/Content/Blueprints/Objects/Planets/BP_Planet.uasset" 3795
"C:/Users/Kiah/Documents/Unreal Projects/Nebula/Content/Assets/Materials/M_FogOfWar.uasset" 3796
"/Game/Blueprints/Objects/Fleets/BP_AIFleet" 3797
"/Game/Blueprints/UI/WBP_Game" 3798
"/Engine/MapTemplates/Sky/T_Sky_Stars" 3799
"/Engine/MapTemplates/Sky/T_UDK_Sky_CloudMask01_N" 3800
"/Game/Blueprints/Objects/GasPocket/BP_GasPocket" 3801
"/Game/Assets/Materials/M_StencilOutline" 3802
"/Game/Assets/Materials/MI_StencilOutline" 3803
"/Game/HDRI_8k_Starfields/Textures/HDRI/HDR_Starfield_Cinematic_V2_Sparse_8K" 3804
"/Game/Blueprints/Objects/Camera/BP_CameraRig" 3805
"/Game/Blueprints/Objects/Asteroids/BP_AsteroidGenerator" 3806
"/Game/Blueprints/Objects/BP_ClickFloor" 3807
"/Game/Blueprints/Objects/Systems/BP_StarSystem" 3808
"/Game/Blueprints/UI/WBP_Superweapon" 3809
"../../../Engine/Plugins/FX/Niagara/Content/Functions/RandomPointInBox.uasset" 3810
"../../../Engine/Plugins/FX/Niagara/Content/Functions/Localspace/TransformPosition.uasset" 3811
"../../../Engine/Plugins/FX/Niagara/Content/Functions/ParametricTorus.uasset" 3812
"../../../Engine/Plugins/FX/Niagara/Content/Functions/ParametricTorusKnot.uasset" 3813
"../../../Engine/Plugins/FX/Niagara/Content/DynamicInputs/ValueFromCurve/VectorFromCurve.uasset" 3814
"../../../Engine/Plugins/FX/Niagara/Content/Functions/PolarToCartesianCoordinates.uasset" 3815
"../../../Engine/Plugins/FX/Niagara/Content/Functions/Rotation/RotateVector2D.uasset" 3816
"../../../Engine/Plugins/FX/Niagara/Content/Functions/V2/RemapRange.uasset" 3817
"../../../Engine/Plugins/FX/Niagara/Content/Functions/SphericalToCartesianCoordinates.uasset" 3818
"../../../Engine/Plugins/FX/Niagara/Content/Functions/IsolateLongestVectorComponent.uasset" 3819
"/Game/Blueprints/Objects/Asteroids/BP_Asteroid1" 3820
"../../../Engine/Plugins/FX/Niagara/Content/Functions/NormalizedExecutionIndex.uasset" 3821
"../../../Engine/Plugins/FX/Niagara/Content/Enums/ENiagaraExpansionMode.uasset" 3822
"../../../Engine/Plugins/FX/Niagara/Content/Modules/Spawn/Location/V2/ShapeLocation.uasset" 3823
"../../../Engine/Plugins/FX/Niagara/Content/Functions/V2/CalculateRandomBool.uasset" 3824
"/Game/Blueprints/Objects/Starbase/BP_Starbase" 3825
"/Engine/MapTemplates/Sky/SM_SkySphere" 3826
"/Game/Blueprints/Objects/Planets/BP_Planet" 3827
"/Game/Blueprints/Objects/Relays/BP_Relay" 3828
"/Game/Blueprints/Objects/Superweapons/BP_Superweapon" 3829
"/Game/Blueprints/BP_MapManager" 3830
"../../../Engine/Plugins/FX/Niagara/Content/Functions/Localspace/SimulationPosition.uasset" 3831
"../../../Engine/Plugins/FX/Niagara/Content/Icons/Modules/T_Icon_Particle_InfiniteLife.uasset" 3832
"../../../Engine/Plugins/FX/Niagara/Content/Modules/Update/Lifetime/ParticleState.uasset" 3833
"../../../Engine/Plugins/FX/Niagara/Content/Functions/NormalizeDistanceRange.uasset" 3834
"/Niagara/Enums/ENiagaraExpansionMode" 3835
"../../../Engine/Plugins/FX/Niagara/Content/Functions/V2/CalculateRandomRange.uasset" 3836
"../../../Engine/Plugins/FX/Niagara/Content/Functions/V2/DistanceBasedFalloff.uasset" 3837
"../../../Engine/Plugins/FX/Niagara/Content/Functions/V2/CalculateRandomRangeInteger.uasset" 3838
"../../../Engine/Plugins/FX/Niagara/Content/Functions/LinearColor/HueShiftLinearColor.uasset" 3839
"../../../Engine/Plugins/FX/Niagara/Content/Modules/Spawn/Initialization/V2/InitializeParticle.uasset" 3840
"../../../Engine/Plugins/FX/Niagara/Content/Functions/Rotation/XYZRotationToQuaternion.uasset" 3841
"../../../Engine/Plugins/FX/Niagara/Content/Functions/V2/CalculateRandomUnitVector.uasset" 3842
"../../../Engine/Plugins/FX/Niagara/Content/Functions/Rotation/MatrixToQuaternion.uasset" 3843
"../../../Engine/Plugins/FX/Niagara/Content/Functions/Rotation/MakeQuaternionFrom3BasisVectors.uasset" 3844
"../../../Engine/Plugins/FX/Niagara/Content/Functions/Localspace/TransformVector.uasset" 3845
"../../../Engine/Plugins/FX/Niagara/Content/Functions/Rotation/AngleUnitConverter.uasset" 3846
"../../../Engine/Plugins/FX/Niagara/Content/Functions/Math/CalculateRandomPointInConeSphereIntersection.uasset" 3847
"../../../Engine/Plugins/FX/Niagara/Content/Functions/Localspace/TransformBase.uasset" 3848
"../../../Engine/Plugins/FX/Niagara/Content/Functions/Rotation/TransformStack/TransformStack_Rotation.uasset" 3849
"/Niagara/Functions/NormalizedExecutionIndex" 3850
"/Niagara/Functions/ParametricTorus" 3851
"/Niagara/Functions/ParametricTorusKnot" 3852
"/Niagara/Functions/PolarToCartesianCoordinates" 3853
"/Niagara/Functions/IsolateLongestVectorComponent" 3854
"/Niagara/Functions/SphericalToCartesianCoordinates" 3855
"/Niagara/Functions/Rotation/RotateVector2D" 3856
"/Niagara/Functions/V2/RemapRange" 3857
"/Niagara/DynamicInputs/ValueFromCurve/VectorFromCurve" 3858
"../../../Engine/Plugins/FX/Niagara/Content/Functions/Rotation/FindQuatBetween.uasset" 3859
"../../../Engine/Plugins/FX/Niagara/Content/Modules/Spawn/Velocity/AddVelocity.uasset" 3860
"../../../Engine/Plugins/FX/Niagara/Content/Functions/Math/SaturateFloat.uasset" 3861
"../../../Engine/Plugins/FX/Niagara/Content/Functions/Rotation/InvertQuaternion.uasset" 3862
"../../../Engine/Plugins/FX/Niagara/Content/Functions/Rotation/MultiplyQuaternion.uasset" 3863
"../../../Engine/Plugins/FX/Niagara/Content/Modules/System/SystemState.uasset" 3864
"../../../Engine/Plugins/FX/Niagara/Content/Functions/V2/CalculateRandomRangeFloat.uasset" 3865
"../../../Engine/Plugins/FX/Niagara/Content/Functions/System/SystemChangeState.uasset" 3866
"../../../Engine/Plugins/FX/Niagara/Content/Functions/Rotation/AxisAngleToQuaternion.uasset" 3867
"../../../Engine/Plugins/FX/Niagara/Content/DynamicInputs/UniformRange/V2/RandomRangeFloat.uasset" 3868
"/Niagara/Functions/Rotation/AngleUnitConverter" 3869
"../../Plugins/FX/Niagara/Content/Enums/Angles/ENiagara_AngleInput.uasset" 3870
"/Niagara/Functions/Localspace/TransformVector" 3871
"/Niagara/Functions/Rotation/MakeQuaternionFrom3BasisVectors" 3872
"/Niagara/Functions/Rotation/XYZRotationToQuaternion" 3873
"/Niagara/Functions/V2/CalculateRandomRange" 3874
"../../Plugins/FX/Niagara/Content/Enums/ENiagaraRandomnessEvaluation.uasset" 3875
"../../Plugins/FX/Niagara/Content/Enums/ENiagaraRandomnessMode.uasset" 3876
"/Niagara/Functions/V2/CalculateRandomBool" 3877
"/Niagara/Icons/Modules/T_Icon_Particle_InfiniteLife" 3878
"/Niagara/Functions/Localspace/SimulationPosition" 3879
"/Niagara/Functions/Localspace/TransformPosition" 3880
"/Niagara/Functions/LinearColor/HueShiftLinearColor" 3881
"../../../Engine/Plugins/FX/Niagara/Content/Functions/Math/CentimeterMeterConversion.uasset" 3882
"../../../Engine/Plugins/FX/Niagara/Content/Icons/Modules/T_Icon_Solver_LimitSpeed.uasset" 3883
"../../../Engine/Plugins/FX/Niagara/Content/Functions/Drag/DragVelocity.uasset" 3884
"../../../Engine/Plugins/FX/Niagara/Content/Functions/Rotation/MultiplyVectorWithQuaternion.uasset" 3885
"../../../Engine/Plugins/FX/Niagara/Content/Icons/Modules/T_Icon_Solver_RotationalSolve.uasset" 3886
"../../../Engine/Plugins/FX/Niagara/Content/Functions/GetRandomInfo.uasset" 3887
"/Niagara/Functions/V2/CalculateRandomUnitVector" 3888
"../../../Engine/Plugins/FX/Niagara/Content/Functions/DirectionAndLengthSafe.uasset" 3889
"../../../Engine/Plugins/FX/Niagara/Content/Icons/Modules/T_Icon_Solver_LimitAccel.uasset" 3890
"../../../Engine/Plugins/FX/Niagara/Content/Functions/RandomRangeFloat.uasset" 3891
"../../../Engine/Plugins/FX/Niagara/Content/Icons/Modules/T_Icon_Scalability_System.uasset" 3892
"../../../Engine/Plugins/FX/Niagara/Content/Modules/Emitter/SpawnRate.uasset" 3893
"../../../Engine/Plugins/FX/Niagara/Content/Modules/Solvers/SolveForcesAndVelocity.uasset" 3894
"../../../Engine/Plugins/FX/Niagara/Content/Modules/Solvers/ApplyRotationVector.uasset" 3895
"/Niagara/Modules/Update/Lifetime/ParticleState" 3896
"/Niagara/Functions/Rotation/MultiplyQuaternion" 3897
"/Niagara/Functions/Rotation/AxisAngleToQuaternion" 3898
"/Niagara/Modules/System/SystemState" 3899
"../../Plugins/FX/Niagara/Content/Enums/ENiagara_EmitterStateOptions.uasset" 3900
"../../Plugins/FX/Niagara/Content/Enums/ENiagaraSystemInactiveMode.uasset" 3901
"/Niagara/Modules/Spawn/Initialization/V2/InitializeParticle" 3902
"../../Plugins/FX/Niagara/Content/Enums/ENiagara_ColorInitializationMode.uasset" 3903
"../../Plugins/FX/Niagara/Content/Enums/ENiagara_LifetimeMode.uasset" 3904
"../../Plugins/FX/Niagara/Content/Enums/ENiagara_MassInitializationMode.uasset" 3905
"../../Plugins/FX/Niagara/Content/Enums/ENiagara_PositionInitializationMode.uasset" 3906
"../../Plugins/FX/Niagara/Content/Enums/ENiagara_SizeScaleMode.uasset" 3907
"../../Plugins/FX/Niagara/Content/Enums/ENiagara_SpriteRotationMode.uasset" 3908
"../../Plugins/FX/Niagara/Content/Enums/ENiagara_UVFlippingMode.uasset" 3909
"../../Plugins/FX/Niagara/Content/Enums/ENiagaraChannelCorrelation.uasset" 3910
"../../Plugins/FX/Niagara/Content/Enums/Ribbons/ENiagara_UnsetDirectSet.uasset" 3911
"../../Plugins/FX/Niagara/Content/Enums/Ribbons/ENiagara_UnsetDirectSetRandom.uasset" 3912
"/Niagara/DynamicInputs/UniformRange/V2/RandomRangeFloat" 3913
"/Niagara/Functions/Rotation/InvertQuaternion" 3914
"../../../Engine/Plugins/FX/Niagara/Content/Enums/Utility/ENiagara_VelocityMode.uasset" 3915
"../../../Engine/Plugins/FX/Niagara/Content/Modules/Emitter/EmitterState.uasset" 3916
"../../../Engine/Plugins/FX/Niagara/Content/Functions/Emitter/EmitterChangeState.uasset" 3917
"../../../Engine/Plugins/FX/Niagara/Content/Enums/Transforms/ENiagara_RotationMode.uasset" 3918
"../../../Engine/Plugins/FX/Niagara/Content/Enums/Transforms/ENiagara_TransformType.uasset" 3919
"../../../Engine/Plugins/FX/Niagara/Content/Enums/Transforms/ENiagara_OffsetMode.uasset" 3920
"../../../Engine/Plugins/FX/Niagara/Content/Enums/Transforms/ENiagara_TransformOrder.uasset" 3921
"../../../Engine/Plugins/FX/Niagara/Content/Enums/Transforms/ENiagara_ScaleMode.uasset" 3922
"../../../Engine/Plugins/FX/Niagara/Content/Enums/Location/ENiagara_LocationShapes.uasset" 3923
"../../../Engine/Plugins/FX/Niagara/Content/Icons/Modules/T_Icon_Scalability_Emitter.uasset" 3924
"../../../Engine/Plugins/FX/Niagara/Content/Enums/Location/ENiagara_CylinderMode.uasset" 3925
"/Niagara/Functions/Math/CalculateRandomPointInConeSphereIntersection" 3926
"/Niagara/Icons/Modules/T_Icon_Scalability_System" 3927
"/Niagara/Modules/Emitter/SpawnRate" 3928
"/Niagara/Modules/Solvers/SolveForcesAndVelocity" 3929
"/Niagara/Functions/V2/DistanceBasedFalloff" 3930
"/Niagara/Functions/RandomPointInBox" 3931
"../../../Engine/Plugins/FX/Niagara/Content/DynamicInputs/ValueFromCurve/FloatFromCurve.uasset" 3932
"../../../Engine/Plugins/FX/Niagara/Content/Enums/Location/ENiagara_BoxPlaneMode.uasset" 3933
"../../../Engine/Plugins/FX/Niagara/Content/Enums/Location/ENiagara_ConeMode.uasset" 3934
"../../../Engine/Plugins/FX/Niagara/Content/Enums/Location/ENiagaraRingDiscMode.uasset" 3935
"../../../Engine/Plugins/FX/Niagara/Content/Enums/ENiagaraShapeTorusMode.uasset" 3936
"../../../Engine/Plugins/FX/Niagara/Content/Enums/ENiagaraTorusDistributionMode.uasset" 3937
"../../../Engine/Plugins/FX/Niagara/Content/Enums/ENiagara_InfiniteLoopDuration.uasset" 3938
"../../../Engine/Plugins/FX/Niagara/Content/Enums/ENiagara_AttributeSamplingApplyOutput.uasset" 3939
"../../../Engine/Plugins/FX/Niagara/Content/Enums/ENiagaraSphereDistributionMode.uasset" 3940
"../../../Engine/Plugins/FX/Niagara/Content/Enums/ENiagaraInactiveMode.uasset" 3941
"../../../Engine/Plugins/FX/Niagara/Content/Modules/Update/Color/ScaleColor.uasset" 3942
"../../../Engine/Plugins/FX/Niagara/Content/Enums/ENiagaraScaleColorMode.uasset" 3943
"../../../Engine/Plugins/FX/Niagara/Content/Enums/ENiagaraEmitterLifeCycleMode.uasset" 3944
"../../../Engine/Plugins/FX/Niagara/Content/DefaultAssets/DefaultSpriteMaterial.uasset" 3945
"C:/Users/Kiah/Documents/Unreal Projects/Nebula/Content/Assets/Effects/NS_Trail.uasset" 3946
"/Niagara/Enums/Location/ENiagara_LocationShapes" 3947
"../../../Engine/Plugins/FX/Niagara/Content/Enums/ENiagaraEmitterScalabilityMode_Limited.uasset" 3948
"C:/Users/Kiah/Documents/Unreal Projects/Nebula/Content/Blueprints/Objects/Fleets/BP_PlayerFleet.uasset" 3949
"/Niagara/Functions/Rotation/TransformStack/TransformStack_Rotation" 3950
"/Niagara/Enums/Transforms/ENiagara_OffsetMode" 3951
"/Niagara/Enums/Transforms/ENiagara_ScaleMode" 3952
"/Niagara/Enums/Transforms/ENiagara_TransformOrder" 3953
"/Niagara/Enums/Transforms/ENiagara_TransformType" 3954
"/Niagara/Enums/Utility/ENiagara_VelocityMode" 3955
"/Niagara/Modules/Spawn/Velocity/AddVelocity" 3956
"/Niagara/Functions/Emitter/EmitterChangeState" 3957
"/Niagara/Icons/Modules/T_Icon_Scalability_Emitter" 3958
"/Niagara/Enums/Location/ENiagara_CylinderMode" 3959
"../../../Engine/Content/EngineSounds/Submixes/MasterReverbSubmixDefault.uasset" 3960
"../../../Engine/Content/EngineSounds/Submixes/MasterSubmixDefault.uasset" 3961
"../../../Engine/Content/EngineSounds/Submixes/MasterEQSubmixDefault.uasset" 3962
"../../../Engine/Content/EngineSounds/Submixes/MasterEQEffectPreset.uasset" 3963
"../../../Engine/Content/EngineSounds/Submixes/MasterReverbEffectPreset.uasset" 3964
"/Niagara/Enums/ENiagaraShapeTorusMode" 3965
"/Niagara/Enums/ENiagaraSphereDistributionMode" 3966
"/Niagara/Enums/ENiagaraTorusDistributionMode" 3967
"/Niagara/Enums/ENiagara_AttributeSamplingApplyOutput" 3968
"/Niagara/Enums/ENiagara_InfiniteLoopDuration" 3969
"/Niagara/Modules/Spawn/Location/V2/ShapeLocation" 3970
"../../../Engine/Plugins/Interchange/Assets/Content/gltf/MaterialFunctions/MF_Occlusion.uasset" 3971
"../../../Engine/Plugins/Interchange/Assets/Content/gltf/MaterialFunctions/MF_SpecularAnisotropy.uasset" 3972
"../../../Engine/Plugins/Interchange/Assets/Content/gltf/Textures/T_Anisotropy_Direction_Linear.uasset" 3973
"../../../Engine/Plugins/Interchange/Assets/Content/gltf/MaterialFunctions/MF_Specular.uasset" 3974
"../../../Engine/Plugins/Interchange/Assets/Content/gltf/MaterialFunctions/MF_RotateV2.uasset" 3975
"../../../Engine/Plugins/Interchange/Assets/Content/gltf/MaterialFunctions/MF_ScaleNormal.uasset" 3976
"../../../Engine/Plugins/Interchange/Assets/Content/gltf/MaterialFunctions/MF_TransformUVs.uasset" 3977
"/Niagara/DynamicInputs/ValueFromCurve/FloatFromCurve" 3978
"/Niagara/Modules/Emitter/EmitterState" 3979
"/Niagara/Enums/ENiagaraScaleColorMode" 3980
"/Niagara/Modules/Update/Color/ScaleColor" 3981
"/Niagara/DefaultAssets/DefaultSpriteMaterial" 3982
"/Game/Assets/Effects/NS_Trail" 3983
"/Game/Blueprints/Objects/Fleets/BP_PlayerFleet" 3984
"/Game/Levels/Systems/SystemTwo" 3985
"../../../../../../Users/Kiah/Documents/Unreal Projects/Nebula/Content/Levels/Systems/SystemTwo.umap" 3986
"/InterchangeAssets/gltf/MaterialFunctions/MF_ScaleNormal" 3987
"/InterchangeAssets/gltf/MaterialFunctions/MF_SpecularAnisotropy" 3988
"/InterchangeAssets/gltf/MaterialFunctions/MF_TransformUVs" 3989
"/Engine/EngineSounds/Submixes/MasterReverbSubmixDefault" 3990
"../../../Engine/Plugins/Interchange/Assets/Content/gltf/MaterialFunctions/MF_Clearcoat.uasset" 3991
"../../../Engine/Plugins/Interchange/Assets/Content/gltf/MaterialFunctions/MF_IOR.uasset" 3992
"../../../Engine/Plugins/Interchange/Assets/Content/gltf/MaterialFunctions/MF_RotateNormals_TS.uasset" 3993
"../../../Engine/Plugins/Interchange/Assets/Content/gltf/MaterialFunctions/MF_Iridescence.uasset" 3994
"../../../Engine/Plugins/Interchange/Assets/Content/Functions/MF_IridescenceNoLUT.uasset" 3995
"../../../Engine/Plugins/Interchange/Assets/Content/gltf/MaterialFunctions/MF_Emissive.uasset" 3996
"../../../Engine/Plugins/Interchange/Assets/Content/gltf/MaterialFunctions/MF_Normals.uasset" 3997
"../../../Engine/Plugins/Interchange/Assets/Content/gltf/Textures/T_White_Linear.uasset" 3998
"../../../Engine/Plugins/Interchange/Assets/Content/gltf/Textures/T_Generic_N.uasset" 3999
"../../../Engine/Plugins/Interchange/Assets/Content/gltf/MaterialFunctions/MF_MetallicRoughness.uasset" 4000
"../../../Engine/Plugins/Interchange/Assets/Content/gltf/MaterialBodies/MF_ClearCoat_Body.uasset" 4001
"../../../Engine/Plugins/Interchange/Assets/Content/gltf/Textures/T_White_srgb.uasset" 4002
"../../../Engine/Content/Functions/Engine_MaterialFunctions03/Math/RemapValueRange.uasset" 4003
"../../../Engine/Plugins/Interchange/Assets/Content/gltf/MaterialFunctions/MF_BaseColor.uasset" 4004
"../../../Engine/Plugins/Interchange/Assets/Content/Functions/MF_Iridescence.uasset" 4005
"../../../Engine/Plugins/Interchange/Assets/Content/gltf/MaterialInstances/MI_ClearCoat_Opaque.uasset" 4006
"../../../Engine/Plugins/Interchange/Assets/Content/gltf/M_ClearCoat.uasset" 4007
"../../../Engine/Plugins/Interchange/Assets/Content/gltf/MaterialInstances/MI_ClearCoat_Mask.uasset" 4008
"../../../Engine/Content/Functions/Engine_MaterialFunctions01/Texturing/FlattenNormal.uasset" 4009
"../../../Engine/Plugins/Interchange/Assets/Content/Utilities/New_LUT.uasset" 4010
"/InterchangeAssets/gltf/MaterialInstances/MI_ClearCoat_Mask" 4011
"../../../Engine/Plugins/Interchange/Assets/Content/gltf/MaterialInstances/MI_Default_Blend.uasset" 4012
"../../../Engine/Plugins/Interchange/Assets/Content/gltf/MaterialInstances/MI_ClearCoat_Opaque_DS.uasset" 4013
"../../../Engine/Plugins/Interchange/Assets/Content/gltf/MaterialInstances/MI_Default_Opaque_DS.uasset" 4014
"../../../Engine/Plugins/Interchange/Assets/Content/gltf/MaterialInstances/MI_Default_Mask.uasset" 4015
"../../../Engine/Plugins/Interchange/Assets/Content/gltf/MaterialInstances/MI_ClearCoat_Blend_DS.uasset" 4016
"../../../Engine/Plugins/Interchange/Assets/Content/gltf/MaterialInstances/MI_ClearCoat_Blend.uasset" 4017
"../../../Engine/Plugins/Interchange/Assets/Content/gltf/M_Default.uasset" 4018
"../../../Engine/Plugins/Interchange/Assets/Content/gltf/MaterialInstances/MI_Default_Opaque.uasset" 4019
"../../../Engine/Plugins/Interchange/Assets/Content/gltf/MaterialInstances/MI_ClearCoat_Mask_DS.uasset" 4020
"../../../Engine/Plugins/Interchange/Assets/Content/gltf/MaterialBodies/MF_Default_Body.uasset" 4021
"/InterchangeAssets/gltf/MaterialInstances/MI_ClearCoat_Opaque" 4022
"/InterchangeAssets/gltf/MaterialInstances/MI_Default_Opaque_DS" 4023
"../../../Engine/Plugins/Interchange/Assets/Content/gltf/MaterialInstances/MI_Sheen_Opaque.uasset" 4024
"../../../Engine/Plugins/Interchange/Assets/Content/gltf/MaterialInstances/MI_Sheen_Blend.uasset" 4025
"../../../Engine/Plugins/Interchange/Assets/Content/gltf/MaterialInstances/MI_Sheen_Mask.uasset" 4026
"../../../Engine/Plugins/Interchange/Assets/Content/gltf/MaterialInstances/MI_Sheen_Opaque_DS.uasset" 4027
"../../../Engine/Plugins/Interchange/Assets/Content/gltf/M_Sheen.uasset" 4028
"../../../Engine/Plugins/Interchange/Assets/Content/gltf/MaterialInstances/MI_Default_Blend_DS.uasset" 4029
"../../../Engine/Plugins/Interchange/Assets/Content/gltf/MaterialInstances/MI_Default_Mask_DS.uasset" 4030
"../../../Engine/Plugins/Interchange/Assets/Content/gltf/MaterialFunctions/MF_Sheen.uasset" 4031
"../../../Engine/Plugins/Interchange/Assets/Content/gltf/MaterialInstances/MI_Sheen_Mask_DS.uasset" 4032
"../../../Engine/Plugins/Interchange/Assets/Content/gltf/MaterialBodies/MF_Sheen_Body.uasset" 4033
"/InterchangeAssets/gltf/MaterialInstances/MI_Default_Blend" 4034
"/InterchangeAssets/gltf/MaterialInstances/MI_Default_Mask" 4035
"/InterchangeAssets/gltf/MaterialInstances/MI_Default_Opaque" 4036
"../../../Engine/Plugins/Interchange/Assets/Content/gltf/MaterialFunctions/MF_Temporal_Blur.uasset" 4037
"../../../Engine/Plugins/Interchange/Assets/Content/gltf/M_Transmission.uasset" 4038
"../../../Engine/Plugins/Interchange/Assets/Content/gltf/MaterialFunctions/MF_Fresnel_DS.uasset" 4039
"../../../Engine/Content/Functions/Engine_MaterialFunctions02/Math/AddComponents.uasset" 4040
"/InterchangeAssets/gltf/MaterialInstances/MI_ClearCoat_Blend_DS" 4041
"../../../Engine/Plugins/Interchange/Assets/Content/gltf/MaterialInstances/MI_Sheen_Blend_DS.uasset" 4042
"../../../Engine/Plugins/Interchange/Assets/Content/gltf/MaterialFunctions/MF_Transmission.uasset" 4043
"/InterchangeAssets/gltf/MaterialInstances/MI_ClearCoat_Mask_DS" 4044
"/InterchangeAssets/gltf/MaterialInstances/MI_ClearCoat_Opaque_DS" 4045
"../../../Engine/Plugins/Interchange/Assets/Content/gltf/MaterialBodies/MF_Transmission_Body.uasset" 4046
"/InterchangeAssets/gltf/MaterialInstances/MI_ClearCoat_Blend" 4047
"/Engine/Functions/Engine_MaterialFunctions02/Math/AddComponents" 4048
"../../../Engine/Plugins/Interchange/Assets/Content/gltf/MaterialInstances/MI_Transmission.uasset" 4049
"../../../Engine/Plugins/Interchange/Assets/Content/gltf/MaterialInstances/MI_Transmission_DS.uasset" 4050
"/InterchangeAssets/gltf/M_Transmission" 4051
"../../../Engine/Plugins/Interchange/Assets/Content/gltf/MaterialFunctions/MF_PerceivedBrightness.uasset" 4052
"../../../Engine/Plugins/Interchange/Assets/Content/gltf/MaterialFunctions/MF_SpecGlossToMetalRoughness.uasset" 4053
"../../../Engine/Plugins/Interchange/Assets/Content/gltf/MaterialFunctions/MF_MaxComponentValue.uasset" 4054
"C:/Users/Kiah/Documents/Unreal Projects/Nebula/Content/Blueprints/UI/TabMenu/FleetTab/WBP_FleetObject.uasset" 4055
"../../../Engine/Plugins/Interchange/Assets/Content/gltf/MaterialInstances/MI_SpecularGlossiness_Opaque.uasset" 4056
"../../../Engine/Plugins/Interchange/Assets/Content/gltf/MaterialBodies/MF_SpecularGlossiness_Body.uasset" 4057
"../../../Engine/Plugins/Interchange/Assets/Content/gltf/MaterialFunctions/MF_DiffuseSpecGloss.uasset" 4058
"../../../Engine/Plugins/Interchange/Assets/Content/gltf/MaterialInstances/MI_SpecularGlossiness_Opaque_DS.uasset" 4059
"../../../Engine/Plugins/Interchange/Assets/Content/gltf/M_SpecularGlossiness.uasset" 4060
"../../../Engine/Plugins/Interchange/Assets/Content/gltf/MaterialInstances/MI_SpecularGlossiness_Mask.uasset" 4061
"../../../Engine/Plugins/Interchange/Assets/Content/gltf/MaterialInstances/MI_SpecularGlossiness_Blend.uasset" 4062
"../../../Engine/Plugins/Interchange/Assets/Content/gltf/MaterialInstances/MI_SpecularGlossiness_Blend_DS.uasset" 4063
"../../../Engine/Plugins/Interchange/Assets/Content/gltf/MaterialInstances/MI_SpecularGlossiness_Mask_DS.uasset" 4064
"/Engine/EditorResources/EmptyActor" 4065
"../../../Engine/Content/EditorResources/EmptyActor.uasset" 4066
"/Engine/EditorResources/LightIcons/S_LightError" 4067
"../../../Engine/Content/EditorResources/LightIcons/S_LightError.uasset" 4068
"/Engine/EditorResources/AudioIcons/S_AudioComponent_AutoActivate" 4069
"../../../Engine/Content/EditorResources/AudioIcons/S_AudioComponent_AutoActivate.uasset" 4070
"/Engine/EngineSounds/Submixes/MasterSubmixDefault" 4071
"/Engine/EngineSounds/Submixes/MasterEQSubmixDefault" 4072
"../../../Engine/Plugins/Interchange/Assets/Shaders/ThinFilmFunctions.usf" 4073
"/InterchangeAssets/gltf/MaterialBodies/MF_ClearCoat_Body" 4074
"/InterchangeAssets/gltf/MaterialBodies/MF_Default_Body" 4075
"/InterchangeAssets/gltf/MaterialBodies/MF_Transmission_Body" 4076
"/InterchangeAssets/gltf/M_ClearCoat" 4077
"/InterchangeAssets/gltf/MaterialInstances/MI_Sheen_Blend_DS" 4078
"/InterchangeAssets/gltf/MaterialInstances/MI_Sheen_Mask_DS" 4079
"/InterchangeAssets/gltf/MaterialInstances/MI_Sheen_Opaque_DS" 4080
"/InterchangeAssets/gltf/MaterialInstances/MI_Sheen_Blend" 4081
"/InterchangeAssets/gltf/MaterialInstances/MI_Sheen_Mask" 4082
"/InterchangeAssets/gltf/MaterialInstances/MI_Sheen_Opaque" 4083
"/InterchangeAssets/gltf/MaterialInstances/MI_Default_Blend_DS" 4084
"/InterchangeAssets/gltf/MaterialInstances/MI_Default_Mask_DS" 4085
"C:/Users/Kiah/Documents/Unreal Projects/Nebula/Content/Input/InputActions/IA_Pause.uasset" 4086
"C:/Users/Kiah/Documents/Unreal Projects/Nebula/Content/Blueprints/UI/TabMenu/WBP_TabMenu.uasset" 4087
"C:/Users/Kiah/Documents/Unreal Projects/Nebula/Content/Blueprints/UI/TabMenu/ContractTab/WBP_Contract.uasset" 4088
"C:/Users/Kiah/Documents/Unreal Projects/Nebula/Content/Input/InputActions/IA_OrbitStart.uasset" 4089
"C:/Users/Kiah/Documents/Unreal Projects/Nebula/Content/Input/InputActions/IA_Locking.uasset" 4090
"C:/Users/Kiah/Documents/Unreal Projects/Nebula/Content/Blueprints/UI/TabMenu/FleetTab/WBP_Fleet.uasset" 4091
"C:/Users/Kiah/Documents/Unreal Projects/Nebula/Content/Input/InputActions/IA_Space.uasset" 4092
"C:/Users/Kiah/Documents/Unreal Projects/Nebula/Content/Blueprints/UI/WBP_Settings.uasset" 4093
"C:/Users/Kiah/Documents/Unreal Projects/Nebula/Content/Input/InputActions/MouseEvents/IA_Interact.uasset" 4094
"C:/Users/Kiah/Documents/Unreal Projects/Nebula/Content/Blueprints/UI/WBP_PauseMenu.uasset" 4095
"C:/Users/Kiah/Documents/Unreal Projects/Nebula/Content/Input/InputActions/IA_Tab.uasset" 4096
"C:/Users/Kiah/Documents/Unreal Projects/Nebula/Content/Input/InputActions/IA_Inventory.uasset" 4097
"C:/Users/Kiah/Documents/Unreal Projects/Nebula/Content/Input/InputActions/IA_Construction.uasset" 4098
"C:/Users/Kiah/Documents/Unreal Projects/Nebula/Content/Input/InputActions/IA_Alt.uasset" 4099
"C:/Users/Kiah/Documents/Unreal Projects/Nebula/Content/Input/IMC_Main.uasset" 4100
"C:/Users/Kiah/Documents/Unreal Projects/Nebula/Content/Input/InputActions/MouseEvents/IA_Orbit.uasset" 4101
"C:/Users/Kiah/Documents/Unreal Projects/Nebula/Content/Input/InputActions/IA_Zoom.uasset" 4102
"/InterchangeAssets/gltf/MaterialFunctions/MF_MaxComponentValue" 4103
"/InterchangeAssets/gltf/MaterialFunctions/MF_SpecGlossToMetalRoughness" 4104
"/InterchangeAssets/gltf/MaterialInstances/MI_Transmission_DS" 4105
"/InterchangeAssets/gltf/MaterialInstances/MI_Transmission" 4106
"/Game/Blueprints/UI/TabMenu/FleetTab/WBP_FleetObject" 4107
"/InterchangeAssets/gltf/MaterialInstances/MI_SpecularGlossiness_Blend_DS" 4108
"/InterchangeAssets/gltf/MaterialInstances/MI_SpecularGlossiness_Mask_DS" 4109
"/InterchangeAssets/gltf/MaterialInstances/MI_SpecularGlossiness_Opaque_DS" 4110
"/InterchangeAssets/gltf/MaterialInstances/MI_SpecularGlossiness_Blend" 4111
"/InterchangeAssets/gltf/MaterialInstances/MI_SpecularGlossiness_Mask" 4112
"/InterchangeAssets/gltf/MaterialInstances/MI_SpecularGlossiness_Opaque" 4113
"C:/Users/Kiah/Documents/Unreal Projects/Nebula/Content/Blueprints/BP_NebulaPlayerController.uasset" 4114
"C:/Users/Kiah/Documents/Unreal Projects/Nebula/Content/Blueprints/UI/MainMenu/WBP_MainMenu.uasset" 4115
"C:/Users/Kiah/Documents/Unreal Projects/Nebula/Content/Blueprints/BP_NebulaGameInstance.uasset" 4116
"/Game/Input/IMC_Main" 4117
"C:/Users/Kiah/Documents/Unreal Projects/Nebula/Content/Blueprints/BP_FleetGameMode.uasset" 4118
"/Game/Input/InputActions/IA_Locking" 4119
"/Game/Blueprints/UI/WBP_PauseMenu" 4120
"../../../Engine/Plugins/Interchange/Assets/Content/gltf/MaterialInstances/MI_Unlit_Opaque.uasset" 4121
"../../../Engine/Plugins/Interchange/Assets/Content/gltf/MaterialBodies/MF_Unlit_Body.uasset" 4122
"../../../Engine/Plugins/Interchange/Assets/Content/gltf/MaterialInstances/MI_Unlit_Mask.uasset" 4123
"../../../Engine/Plugins/Interchange/Assets/Content/gltf/MaterialInstances/MI_Unlit_Blend.uasset" 4124
"../../../Engine/Plugins/Interchange/Assets/Content/gltf/MaterialInstances/MI_Unlit_Blend_DS.uasset" 4125
"../../../Engine/Content/Functions/Engine_MaterialFunctions01/Volumetrics/BeersLaw.uasset" 4126
"../../../Engine/Plugins/Interchange/Assets/Content/gltf/M_Unlit.uasset" 4127
"../../../Engine/Plugins/Interchange/Assets/Content/gltf/MaterialInstances/MI_Unlit_Mask_DS.uasset" 4128
"../../../Engine/Plugins/Interchange/Assets/Content/gltf/MaterialInstances/MI_Unlit_Opaque_DS.uasset" 4129
"../../../Engine/Plugins/Interchange/Assets/Content/Functions/MX_Transmission.uasset" 4130
"/Game/Blueprints/UI/TabMenu/WBP_TabMenu" 4131
"/InterchangeAssets/Functions/MX_Transmission" 4132
"/InterchangeAssets/gltf/MaterialInstances/MI_Unlit_Blend_DS" 4133
"../../../Engine/Plugins/Interchange/Assets/Content/Functions/MX_OpenPBR_Translucent.uasset" 4134
"../../../Engine/Plugins/Interchange/Assets/Content/Functions/MX_TransmissionSurface.uasset" 4135
"../../../Engine/Plugins/Interchange/Assets/Content/Functions/MX_StandardSurface.uasset" 4136
"/InterchangeAssets/gltf/MaterialInstances/MI_Unlit_Mask_DS" 4137
"/InterchangeAssets/gltf/MaterialInstances/MI_Unlit_Opaque_DS" 4138
"../../../Engine/Plugins/Interchange/Assets/Content/Functions/MF_OrenNayerView.uasset" 4139
"../../../Engine/Content/Functions/Substrate/MF_SchlickInternal.uasset" 4140
"../../../Engine/Plugins/Interchange/Assets/Content/Functions/MX_OpenPBR_Opaque.uasset" 4141
"/InterchangeAssets/gltf/MaterialInstances/MI_Unlit_Blend" 4142
"/InterchangeAssets/gltf/MaterialInstances/MI_Unlit_Mask" 4143
"/InterchangeAssets/gltf/MaterialInstances/MI_Unlit_Opaque" 4144
"/Game/Levels/MainMenu" 4145
"../../../../../../Users/Kiah/Documents/Unreal Projects/Nebula/Content/Levels/MainMenu.umap" 4146
"/Game/Blueprints/BP_NebulaGameInstance" 4147
"/Game/Blueprints/BP_FleetGameMode" 4148
"/InterchangeAssets/Functions/MX_OpenPBR_Opaque" 4149
"../../../Engine/Plugins/Animation/ControlRig/Content/Controls/ControlRig_Sphere_solid.uasset" 4150
"../../../Engine/Plugins/Animation/ControlRig/Content/Controls/ControlRig_Arrow_solid.uasset" 4151
"../../../Engine/Plugins/Animation/ControlRig/Content/Controls/ControlRig_Arrow_1mm.uasset" 4152
"../../../Engine/Plugins/Animation/ControlRig/Content/Controls/ControlRig_Arrow4_1mm.uasset" 4153
"../../../Engine/Plugins/Animation/ControlRig/Content/Controls/ControlRig_Arrow2_3mm.uasset" 4154
"/InterchangeAssets/Functions/MX_OpenPBR_Translucent" 4155
"../../../Engine/Plugins/Animation/ControlRig/Content/Controls/ControlRig_Arrow4_3mm.uasset" 4156
"../../../Engine/Plugins/Animation/ControlRig/Content/Controls/ControlRig_Arrow_3mm.uasset" 4157
"../../../Engine/Plugins/Animation/ControlRig/Content/Controls/ControlRig_Arrow2_1mm.uasset" 4158
"../../../Engine/Plugins/Animation/ControlRig/Content/Controls/ControlRig_Arrow2_solid.uasset" 4159
"../../../Engine/Plugins/Animation/ControlRig/Content/Controls/ControlRig_Arrow4_solid.uasset" 4160
"/ControlRig/Controls/ControlRig_Arrow_solid" 4161
"../../../Engine/Plugins/Animation/ControlRig/Content/Controls/ControlRig_Circle_solid.uasset" 4162
"../../../Engine/Plugins/Animation/ControlRig/Content/Controls/ControlRig_Circle_3mm.uasset" 4163
"../../../Engine/Plugins/Animation/ControlRig/Content/Controls/ControlRig_Diamond_1mm.uasset" 4164
"../../../Engine/Plugins/Animation/ControlRig/Content/Controls/ControlRig_Box_solid.uasset" 4165
"/ControlRig/Controls/ControlRig_Arrow_3mm" 4166
"../../../Engine/Plugins/Animation/ControlRig/Content/Controls/ControlRig_Circle_1mm.uasset" 4167
"../../../Engine/Plugins/Animation/ControlRig/Content/Controls/ControlRig_Box_1mm.uasset" 4168
"/ControlRig/Controls/ControlRig_Arrow_1mm" 4169
"/ControlRig/Controls/ControlRig_Arrow4_3mm" 4170
"../../../Engine/Plugins/Animation/ControlRig/Content/Controls/ControlRig_Box_3mm.uasset" 4171
"/ControlRig/Controls/ControlRig_Arrow4_1mm" 4172
"/ControlRig/Controls/ControlRig_Arrow2_solid" 4173
"/ControlRig/Controls/ControlRig_Arrow2_3mm" 4174
"../../../Engine/Plugins/Animation/ControlRig/Content/Controls/ControlRig_Diamond_solid.uasset" 4175
"../../../Engine/Plugins/Animation/ControlRig/Content/Controls/ControlRig_HalfCircle_1mm.uasset" 4176
"../../../Engine/Plugins/Animation/ControlRig/Content/Controls/ControlRig_Hexagon_3mm.uasset" 4177
"../../../Engine/Plugins/Animation/ControlRig/Content/Controls/ControlRig_Hexagon_solid.uasset" 4178
"../../../Engine/Plugins/Animation/ControlRig/Content/Controls/ControlRig_HalfCircle_solid.uasset" 4179
"../../../Engine/Plugins/Animation/ControlRig/Content/Controls/ControlRig_HalfCircle_3mm.uasset" 4180
"../../../Engine/Plugins/Animation/ControlRig/Content/Controls/ControlRig_Octagon_solid.uasset" 4181
"../../../Engine/Plugins/Animation/ControlRig/Content/Controls/ControlRig_Octagon_1mm.uasset" 4182
"../../../Engine/Plugins/Animation/ControlRig/Content/Controls/ControlRig_Diamond_3mm.uasset" 4183
"../../../Engine/Plugins/Animation/ControlRig/Content/Controls/ControlRig_Hexagon_1mm.uasset" 4184
"../../../Engine/Plugins/Animation/ControlRig/Content/Controls/ControlRig_Pyramid_1mm.uasset" 4185
"../../../Engine/Plugins/Animation/ControlRig/Content/Controls/ControlRig_Pyramid_3mm.uasset" 4186
"../../../Engine/Plugins/Animation/ControlRig/Content/Controls/ControlRig_Pyramid_solid.uasset" 4187
"../../../Engine/Plugins/Animation/ControlRig/Content/Controls/ControlRig_Octagon_3mm.uasset" 4188
"/ControlRig/Controls/ControlRig_Arrow2_1mm" 4189
"/ControlRig/Controls/ControlRig_Sphere_solid" 4190
"/ControlRig/Controls/ControlRig_Circle_3mm" 4191
"/ControlRig/Controls/ControlRig_Circle_1mm" 4192
"/ControlRig/Controls/ControlRig_Box_solid" 4193
"/ControlRig/Controls/ControlRig_Octagon_1mm" 4194
"/ControlRig/Controls/ControlRig_Box_3mm" 4195
"/ControlRig/Controls/ControlRig_Box_1mm" 4196
"/ControlRig/Controls/ControlRig_Hexagon_solid" 4197
"/ControlRig/Controls/ControlRig_Hexagon_3mm" 4198
"/ControlRig/Controls/ControlRig_Hexagon_1mm" 4199
"/ControlRig/Controls/ControlRig_Arrow4_solid" 4200
"/ControlRig/Controls/ControlRig_HalfCircle_solid" 4201
"/ControlRig/Controls/ControlRig_HalfCircle_3mm" 4202
"/ControlRig/Controls/ControlRig_HalfCircle_1mm" 4203
"/ControlRig/Controls/ControlRig_Diamond_solid" 4204
"/ControlRig/Controls/ControlRig_Diamond_3mm" 4205
"/ControlRig/Controls/ControlRig_Diamond_1mm" 4206
"/ControlRig/Controls/ControlRig_Circle_solid" 4207
"/ControlRig/Controls/ControlRig_Pyramid_solid" 4208
"/ControlRig/Controls/ControlRig_Pyramid_3mm" 4209
"/ControlRig/Controls/ControlRig_Pyramid_1mm" 4210
"/ControlRig/Controls/ControlRig_Octagon_solid" 4211
"/ControlRig/Controls/ControlRig_Octagon_3mm" 4212
"../../../Engine/Plugins/Animation/ControlRig/Content/Controls/ControlRig_RoundedSquare_solid.uasset" 4213
"../../../Engine/Plugins/Animation/ControlRig/Content/Controls/ControlRig_QuarterCircle_3mm.uasset" 4214
"../../../Engine/Plugins/Animation/ControlRig/Content/Controls/ControlRig_RoundedSquare_3mm.uasset" 4215
"../../../Engine/Plugins/Animation/ControlRig/Content/Controls/ControlRig_QuarterCircle_1mm.uasset" 4216
"../../../Engine/Plugins/Animation/ControlRig/Content/Controls/ControlRig_RoundedSquare_1mm.uasset" 4217
"../../../Engine/Plugins/Animation/ControlRig/Content/Controls/ControlRig_RoundedTriangle_3mm.uasset" 4218
"../../../Engine/Plugins/Animation/ControlRig/Content/Controls/ControlRig_Sphere_1mm.uasset" 4219
"../../../Engine/Plugins/Animation/ControlRig/Content/Controls/ControlRig_RoundedTriangle_solid.uasset" 4220
"../../../Engine/Plugins/Animation/ControlRig/Content/Controls/ControlRig_Sphere_3mm.uasset" 4221
"../../../Engine/Plugins/Animation/ControlRig/Content/Controls/ControlRig_Square_3mm.uasset" 4222
"../../../Engine/Plugins/Animation/ControlRig/Content/Controls/ControlRig_Square_1mm.uasset" 4223
"../../../Engine/Plugins/Animation/ControlRig/Content/Controls/ControlRig_Square_solid.uasset" 4224
"../../../Engine/Plugins/Animation/ControlRig/Content/Controls/ControlRig_Star4_1mm.uasset" 4225
"../../../Engine/Plugins/Animation/ControlRig/Content/Controls/ControlRig_Star4_solid.uasset" 4226
"../../../Engine/Plugins/Animation/ControlRig/Content/Controls/ControlRig_QuarterCircle_solid.uasset" 4227
"../../../Engine/Plugins/Animation/ControlRig/Content/Controls/ControlRig_Star4_3mm.uasset" 4228
"../../../Engine/Plugins/Animation/ControlRig/Content/Controls/ControlRig_Triangle_1mm.uasset" 4229
"/ControlRig/Controls/ControlRig_Triangle_1mm" 4230
"../../../Engine/Plugins/Animation/ControlRig/Content/Controls/ControlRig_Wedge_3mm.uasset" 4231
"../../../Engine/Plugins/Animation/ControlRig/Content/Controls/ControlRig_Wedge_1mm.uasset" 4232
"../../../Engine/Plugins/Animation/ControlRig/Content/Controls/ControlRig_Triangle_3mm.uasset" 4233
"../../../Engine/Plugins/Animation/ControlRig/Content/Controls/ControlRig_Triangle_solid.uasset" 4234
"/ControlRig/Controls/ControlRig_Star4_solid" 4235
"/ControlRig/Controls/ControlRig_Star4_3mm" 4236
"../../../Engine/Plugins/Animation/ControlRig/Content/Controls/ControlRig_RoundedTriangle_1mm.uasset" 4237
"/ControlRig/Controls/ControlRig_Star4_1mm" 4238
"/ControlRig/Controls/ControlRig_Square_solid" 4239
"/ControlRig/Controls/ControlRig_Square_3mm" 4240
"/ControlRig/Controls/ControlRig_Square_1mm" 4241
"/ControlRig/Controls/ControlRig_Sphere_3mm" 4242
"/ControlRig/Controls/ControlRig_Sphere_1mm" 4243
"/ControlRig/Controls/ControlRig_RoundedTriangle_solid" 4244
"/ControlRig/Controls/ControlRig_RoundedTriangle_3mm" 4245
"/ControlRig/Controls/ControlRig_RoundedSquare_solid" 4246
"/ControlRig/Controls/ControlRig_RoundedSquare_3mm" 4247
"/ControlRig/Controls/ControlRig_RoundedSquare_1mm" 4248
"/ControlRig/Controls/ControlRig_QuarterCircle_solid" 4249
"../../../Engine/Plugins/Animation/ControlRig/Content/Controls/ControlRig_Wedge_solid.uasset" 4250
"/ControlRig/Controls/ControlRig_QuarterCircle_3mm" 4251
"/ControlRig/Controls/ControlRig_QuarterCircle_1mm" 4252
"/ControlRig/Controls/ControlRig_Wedge_3mm" 4253
"/ControlRig/Controls/ControlRig_Wedge_1mm" 4254
"C:/Users/Kiah/AppData/Local/Temp/UnrealShaderWorkingDir/B8B339DA452F8AE623E71EA1AB391BB2/2/WorkerOutputOnly.out" 4255
"/ControlRig/Controls/ControlRig_Triangle_solid" 4256
"/ControlRig/Controls/ControlRig_Triangle_3mm" 4257
"C:/Users/Kiah/AppData/Local/Temp/UnrealShaderWorkingDir/B8B339DA452F8AE623E71EA1AB391BB2/1/WorkerOutputOnly.out" 4258
"C:/Users/Kiah/AppData/Local/Temp/UnrealShaderWorkingDir/B8B339DA452F8AE623E71EA1AB391BB2/3/WorkerOutputOnly.out" 4259
"C:/Users/Kiah/AppData/Local/Temp/UnrealShaderWorkingDir/B8B339DA452F8AE623E71EA1AB391BB2/5/WorkerOutputOnly.out" 4260
"C:/Users/Kiah/AppData/Local/Temp/UnrealShaderWorkingDir/B8B339DA452F8AE623E71EA1AB391BB2/7/WorkerOutputOnly.out" 4261
"/ControlRig/Controls/ControlRig_RoundedTriangle_1mm" 4262
"/ControlRig/Controls/ControlRig_Wedge_solid" 4263
"../../../Engine/Content/EditorMaterials/PreviewShadowIndicatorMaterial.uasset" 4264
"../../../Engine/Content/EditorMaterials/PreviewShadowIndicator.uasset" 4265
"../../../Engine/Content/EngineMaterials/Substrate/GLints/dict_16_192_64_0p5_0p02_0063_0010.uasset" 4266
"../../../Engine/Content/EngineMaterials/Substrate/GLints/dict_16_192_64_0p5_0p02_0063_0009.uasset" 4267
"../../../Engine/Content/EngineMaterials/Substrate/GLints/dict_16_192_64_0p5_0p02_0063_0012.uasset" 4268
"../../../Engine/Content/EngineMaterials/Substrate/GLints/dict_16_192_64_0p5_0p02_0063_0011.uasset" 4269
"../../../Engine/Content/EngineMaterials/Substrate/GLints/dict_16_192_64_0p5_0p02_0063_0008.uasset" 4270
"../../../Engine/Content/EngineMaterials/Substrate/GLints/dict_16_192_64_0p5_0p02_0063_0014.uasset" 4271
"../../../Engine/Content/EngineMaterials/Substrate/GLints/dict_16_192_64_0p5_0p02_0063_0015.uasset" 4272
"../../../Engine/Content/EngineMaterials/Substrate/GLints/dict_16_192_64_0p5_0p02_0063_0006.uasset" 4273
"../../../Engine/Content/EngineMaterials/Substrate/GLints/dict_16_192_64_0p5_0p02_0063_0005.uasset" 4274
"../../../Engine/Content/EngineMaterials/Substrate/GLints/dict_16_192_64_0p5_0p02_0063_0013.uasset" 4275
"../../../Engine/Content/EngineMaterials/Substrate/GLints/dict_16_192_64_0p5_0p02_0063_0007.uasset" 4276
"../../../Engine/Content/EngineMaterials/Substrate/GLints/dict_16_192_64_0p5_0p02_0063_0002.uasset" 4277
"../../../Engine/Content/EngineMaterials/Substrate/GLints/dict_16_192_64_0p5_0p02_0063_0004.uasset" 4278
"../../../Engine/Content/EngineMaterials/Substrate/GLints/dict_16_192_64_0p5_0p02_0063_0003.uasset" 4279
"../../../Engine/Content/EngineMaterials/Substrate/GLints/dict_16_192_64_0p5_0p02_0062_0013.uasset" 4280
"../../../Engine/Content/EngineMaterials/Substrate/GLints/dict_16_192_64_0p5_0p02_0062_0014.uasset" 4281
"../../../Engine/Content/EngineMaterials/Substrate/GLints/dict_16_192_64_0p5_0p02_0062_0015.uasset" 4282
"../../../Engine/Content/EngineMaterials/Substrate/GLints/dict_16_192_64_0p5_0p02_0063_0001.uasset" 4283
"../../../Engine/Content/EngineMaterials/Substrate/GLints/dict_16_192_64_0p5_0p02_0063_0000.uasset" 4284
"../../../Engine/Content/EngineMaterials/Substrate/GLints/dict_16_192_64_0p5_0p02_0062_0011.uasset" 4285
"../../../Engine/Content/EngineMaterials/Substrate/GLints/dict_16_192_64_0p5_0p02_0062_0012.uasset" 4286
"../../../Engine/Content/EngineMaterials/Substrate/GLints/dict_16_192_64_0p5_0p02_0062_0009.uasset" 4287
"../../../Engine/Content/EngineMaterials/Substrate/GLints/dict_16_192_64_0p5_0p02_0062_0010.uasset" 4288
"../../../Engine/Content/EngineMaterials/Substrate/GLints/dict_16_192_64_0p5_0p02_0062_0007.uasset" 4289
"../../../Engine/Content/EngineMaterials/Substrate/GLints/dict_16_192_64_0p5_0p02_0062_0008.uasset" 4290
"../../../Engine/Content/EngineMaterials/Substrate/GLints/dict_16_192_64_0p5_0p02_0062_0005.uasset" 4291
"../../../Engine/Content/EngineMaterials/Substrate/GLints/dict_16_192_64_0p5_0p02_0062_0006.uasset" 4292
"../../../Engine/Content/EngineMaterials/Substrate/GLints/dict_16_192_64_0p5_0p02_0062_0002.uasset" 4293
"../../../Engine/Content/EngineMaterials/Substrate/GLints/dict_16_192_64_0p5_0p02_0062_0004.uasset" 4294
"../../../Engine/Content/EngineMaterials/Substrate/GLints/dict_16_192_64_0p5_0p02_0062_0003.uasset" 4295
"C:/Users/Kiah/AppData/Local/Temp/UnrealShaderWorkingDir/B8B339DA452F8AE623E71EA1AB391BB2/0/WorkerOutputOnly.out" 4296
"/Engine/EngineMaterials/Substrate/GLints/dict_16_192_64_0p5_0p02_0063_0012" 4297
"/Engine/EngineMaterials/Substrate/GLints/dict_16_192_64_0p5_0p02_0063_0013" 4298
"/Engine/EngineMaterials/Substrate/GLints/dict_16_192_64_0p5_0p02_0063_0014" 4299
"/Engine/EngineMaterials/Substrate/GLints/dict_16_192_64_0p5_0p02_0063_0015" 4300
"/Engine/EngineMaterials/Substrate/GLints/dict_16_192_64_0p5_0p02_0062_0011" 4301
"/Engine/EngineMaterials/Substrate/GLints/dict_16_192_64_0p5_0p02_0062_0012" 4302
"/Engine/EngineMaterials/Substrate/GLints/dict_16_192_64_0p5_0p02_0062_0003" 4303
"/Engine/EngineMaterials/Substrate/GLints/dict_16_192_64_0p5_0p02_0062_0013" 4304
"/Engine/EngineMaterials/Substrate/GLints/dict_16_192_64_0p5_0p02_0062_0014" 4305
"/Engine/EngineMaterials/Substrate/GLints/dict_16_192_64_0p5_0p02_0062_0004" 4306
"/Engine/EngineMaterials/Substrate/GLints/dict_16_192_64_0p5_0p02_0062_0015" 4307
"/Engine/EngineMaterials/Substrate/GLints/dict_16_192_64_0p5_0p02_0062_0005" 4308
"/Engine/EngineMaterials/Substrate/GLints/dict_16_192_64_0p5_0p02_0063_0000" 4309
"/Engine/EngineMaterials/Substrate/GLints/dict_16_192_64_0p5_0p02_0063_0001" 4310
"/Engine/EngineMaterials/Substrate/GLints/dict_16_192_64_0p5_0p02_0063_0002" 4311
"/Engine/EngineMaterials/Substrate/GLints/dict_16_192_64_0p5_0p02_0062_0006" 4312
"/Engine/EngineMaterials/Substrate/GLints/dict_16_192_64_0p5_0p02_0062_0007" 4313
"/Engine/EngineMaterials/Substrate/GLints/dict_16_192_64_0p5_0p02_0063_0003" 4314
"/Engine/EngineMaterials/Substrate/GLints/dict_16_192_64_0p5_0p02_0062_0008" 4315
"/Engine/EngineMaterials/Substrate/GLints/dict_16_192_64_0p5_0p02_0063_0004" 4316
"/Engine/EngineMaterials/Substrate/GLints/dict_16_192_64_0p5_0p02_0062_0009" 4317
"/Engine/EngineMaterials/Substrate/GLints/dict_16_192_64_0p5_0p02_0062_0010" 4318
"/Engine/EngineMaterials/Substrate/GLints/dict_16_192_64_0p5_0p02_0063_0005" 4319
"/Engine/EditorMaterials/PreviewShadowIndicatorMaterial" 4320
"/Engine/EngineMaterials/Substrate/GLints/dict_16_192_64_0p5_0p02_0063_0006" 4321
"/Engine/EngineMaterials/Substrate/GLints/dict_16_192_64_0p5_0p02_0062_0002" 4322
"/Engine/EngineMaterials/Substrate/GLints/dict_16_192_64_0p5_0p02_0063_0007" 4323
"/Engine/EngineMaterials/Substrate/GLints/dict_16_192_64_0p5_0p02_0063_0008" 4324
"/Engine/EngineMaterials/Substrate/GLints/dict_16_192_64_0p5_0p02_0063_0009" 4325
"/Engine/EngineMaterials/Substrate/GLints/dict_16_192_64_0p5_0p02_0063_0010" 4326
"/Engine/EngineMaterials/Substrate/GLints/dict_16_192_64_0p5_0p02_0063_0011" 4327
"../../../Engine/Content/EngineMaterials/Substrate/GLints/dict_16_192_64_0p5_0p02_0061_0014.uasset" 4328
"../../../Engine/Content/EngineMaterials/Substrate/GLints/dict_16_192_64_0p5_0p02_0061_0012.uasset" 4329
"../../../Engine/Content/EngineMaterials/Substrate/GLints/dict_16_192_64_0p5_0p02_0061_0013.uasset" 4330
"../../../Engine/Content/EngineMaterials/Substrate/GLints/dict_16_192_64_0p5_0p02_0062_0000.uasset" 4331
"../../../Engine/Content/EngineMaterials/Substrate/GLints/dict_16_192_64_0p5_0p02_0062_0001.uasset" 4332
"../../../Engine/Content/EngineMaterials/Substrate/GLints/dict_16_192_64_0p5_0p02_0061_0015.uasset" 4333
"../../../Engine/Content/EngineMaterials/Substrate/GLints/dict_16_192_64_0p5_0p02_0061_0011.uasset" 4334
"../../../Engine/Content/EngineMaterials/Substrate/GLints/dict_16_192_64_0p5_0p02_0061_0010.uasset" 4335
"../../../Engine/Content/EngineMaterials/Substrate/GLints/dict_16_192_64_0p5_0p02_0061_0008.uasset" 4336
"../../../Engine/Content/EngineMaterials/Substrate/GLints/dict_16_192_64_0p5_0p02_0061_0007.uasset" 4337
"../../../Engine/Content/EngineMaterials/Substrate/GLints/dict_16_192_64_0p5_0p02_0061_0009.uasset" 4338
"../../../Engine/Content/EngineMaterials/Substrate/GLints/dict_16_192_64_0p5_0p02_0061_0005.uasset" 4339
"../../../Engine/Content/EngineMaterials/Substrate/GLints/dict_16_192_64_0p5_0p02_0061_0003.uasset" 4340
"../../../Engine/Content/EngineMaterials/Substrate/GLints/dict_16_192_64_0p5_0p02_0061_0001.uasset" 4341
"../../../Engine/Content/EngineMaterials/Substrate/GLints/dict_16_192_64_0p5_0p02_0061_0002.uasset" 4342
"../../../Engine/Content/EngineMaterials/Substrate/GLints/dict_16_192_64_0p5_0p02_0061_0004.uasset" 4343
"../../../Engine/Content/EngineMaterials/Substrate/GLints/dict_16_192_64_0p5_0p02_0060_0015.uasset" 4344
"../../../Engine/Content/EngineMaterials/Substrate/GLints/dict_16_192_64_0p5_0p02_0060_0013.uasset" 4345
"../../../Engine/Content/EngineMaterials/Substrate/GLints/dict_16_192_64_0p5_0p02_0060_0011.uasset" 4346
"../../../Engine/Content/EngineMaterials/Substrate/GLints/dict_16_192_64_0p5_0p02_0060_0014.uasset" 4347
"../../../Engine/Content/EngineMaterials/Substrate/GLints/dict_16_192_64_0p5_0p02_0060_0012.uasset" 4348
"../../../Engine/Content/EngineMaterials/Substrate/GLints/dict_16_192_64_0p5_0p02_0060_0010.uasset" 4349
"../../../Engine/Content/EngineMaterials/Substrate/GLints/dict_16_192_64_0p5_0p02_0060_0009.uasset" 4350
"../../../Engine/Content/EngineMaterials/Substrate/GLints/dict_16_192_64_0p5_0p02_0060_0008.uasset" 4351
"../../../Engine/Content/EngineMaterials/Substrate/GLints/dict_16_192_64_0p5_0p02_0060_0007.uasset" 4352
"../../../Engine/Content/EngineMaterials/Substrate/GLints/dict_16_192_64_0p5_0p02_0060_0006.uasset" 4353
"../../../Engine/Content/EngineMaterials/Substrate/GLints/dict_16_192_64_0p5_0p02_0061_0006.uasset" 4354
"../../../Engine/Content/EngineMaterials/Substrate/GLints/dict_16_192_64_0p5_0p02_0060_0002.uasset" 4355
"../../../Engine/Content/EngineMaterials/Substrate/GLints/dict_16_192_64_0p5_0p02_0060_0005.uasset" 4356
"../../../Engine/Content/EngineMaterials/Substrate/GLints/dict_16_192_64_0p5_0p02_0060_0004.uasset" 4357
"../../../Engine/Content/EngineMaterials/Substrate/GLints/dict_16_192_64_0p5_0p02_0061_0000.uasset" 4358
"../../../Engine/Content/EngineMaterials/Substrate/GLints/dict_16_192_64_0p5_0p02_0060_0003.uasset" 4359
"/Engine/EngineMaterials/Substrate/GLints/dict_16_192_64_0p5_0p02_0060_0002" 4360
"/Engine/EngineMaterials/Substrate/GLints/dict_16_192_64_0p5_0p02_0060_0003" 4361
"/Engine/EngineMaterials/Substrate/GLints/dict_16_192_64_0p5_0p02_0060_0004" 4362
"/Engine/EngineMaterials/Substrate/GLints/dict_16_192_64_0p5_0p02_0060_0005" 4363
"/Engine/EngineMaterials/Substrate/GLints/dict_16_192_64_0p5_0p02_0060_0006" 4364
"/Engine/EngineMaterials/Substrate/GLints/dict_16_192_64_0p5_0p02_0060_0007" 4365
"/Engine/EngineMaterials/Substrate/GLints/dict_16_192_64_0p5_0p02_0060_0008" 4366
"/Engine/EngineMaterials/Substrate/GLints/dict_16_192_64_0p5_0p02_0060_0009" 4367
"/Engine/EngineMaterials/Substrate/GLints/dict_16_192_64_0p5_0p02_0060_0010" 4368
"/Engine/EngineMaterials/Substrate/GLints/dict_16_192_64_0p5_0p02_0060_0011" 4369
"/Engine/EngineMaterials/Substrate/GLints/dict_16_192_64_0p5_0p02_0060_0012" 4370
"/Engine/EngineMaterials/Substrate/GLints/dict_16_192_64_0p5_0p02_0060_0013" 4371
"/Engine/EngineMaterials/Substrate/GLints/dict_16_192_64_0p5_0p02_0060_0014" 4372
"/Engine/EngineMaterials/Substrate/GLints/dict_16_192_64_0p5_0p02_0060_0015" 4373
"/Engine/EngineMaterials/Substrate/GLints/dict_16_192_64_0p5_0p02_0061_0000" 4374
"/Engine/EngineMaterials/Substrate/GLints/dict_16_192_64_0p5_0p02_0061_0001" 4375
"/Engine/EngineMaterials/Substrate/GLints/dict_16_192_64_0p5_0p02_0061_0002" 4376
"/Engine/EngineMaterials/Substrate/GLints/dict_16_192_64_0p5_0p02_0061_0003" 4377
"/Engine/EngineMaterials/Substrate/GLints/dict_16_192_64_0p5_0p02_0061_0004" 4378
"/Engine/EngineMaterials/Substrate/GLints/dict_16_192_64_0p5_0p02_0061_0005" 4379
"/Engine/EngineMaterials/Substrate/GLints/dict_16_192_64_0p5_0p02_0061_0006" 4380
"/Engine/EngineMaterials/Substrate/GLints/dict_16_192_64_0p5_0p02_0061_0007" 4381
"/Engine/EngineMaterials/Substrate/GLints/dict_16_192_64_0p5_0p02_0061_0008" 4382
"/Engine/EngineMaterials/Substrate/GLints/dict_16_192_64_0p5_0p02_0061_0009" 4383
"/Engine/EngineMaterials/Substrate/GLints/dict_16_192_64_0p5_0p02_0061_0010" 4384
"/Engine/EngineMaterials/Substrate/GLints/dict_16_192_64_0p5_0p02_0061_0011" 4385
"/Engine/EngineMaterials/Substrate/GLints/dict_16_192_64_0p5_0p02_0061_0012" 4386
"/Engine/EngineMaterials/Substrate/GLints/dict_16_192_64_0p5_0p02_0061_0013" 4387
"/Engine/EngineMaterials/Substrate/GLints/dict_16_192_64_0p5_0p02_0061_0014" 4388
"/Engine/EngineMaterials/Substrate/GLints/dict_16_192_64_0p5_0p02_0061_0015" 4389
"/Engine/EngineMaterials/Substrate/GLints/dict_16_192_64_0p5_0p02_0062_0000" 4390
"/Engine/EngineMaterials/Substrate/GLints/dict_16_192_64_0p5_0p02_0062_0001" 4391
"../../../Engine/Content/EngineMaterials/Substrate/GLints/dict_16_192_64_0p5_0p02_0059_0014.uasset" 4392
"../../../Engine/Content/EngineMaterials/Substrate/GLints/dict_16_192_64_0p5_0p02_0059_0015.uasset" 4393
"../../../Engine/Content/EngineMaterials/Substrate/GLints/dict_16_192_64_0p5_0p02_0059_0010.uasset" 4394
"../../../Engine/Content/EngineMaterials/Substrate/GLints/dict_16_192_64_0p5_0p02_0060_0000.uasset" 4395
"../../../Engine/Content/EngineMaterials/Substrate/GLints/dict_16_192_64_0p5_0p02_0059_0013.uasset" 4396
"../../../Engine/Content/EngineMaterials/Substrate/GLints/dict_16_192_64_0p5_0p02_0059_0012.uasset" 4397
"../../../Engine/Content/EngineMaterials/Substrate/GLints/dict_16_192_64_0p5_0p02_0059_0011.uasset" 4398
"../../../Engine/Content/EngineMaterials/Substrate/GLints/dict_16_192_64_0p5_0p02_0059_0009.uasset" 4399
"../../../Engine/Content/EngineMaterials/Substrate/GLints/dict_16_192_64_0p5_0p02_0059_0008.uasset" 4400
"../../../Engine/Content/EngineMaterials/Substrate/GLints/dict_16_192_64_0p5_0p02_0060_0001.uasset" 4401
"../../../Engine/Content/EngineMaterials/Substrate/GLints/dict_16_192_64_0p5_0p02_0059_0005.uasset" 4402
"../../../Engine/Content/EngineMaterials/Substrate/GLints/dict_16_192_64_0p5_0p02_0059_0000.uasset" 4403
"../../../Engine/Content/EngineMaterials/Substrate/GLints/dict_16_192_64_0p5_0p02_0059_0004.uasset" 4404
"../../../Engine/Content/EngineMaterials/Substrate/GLints/dict_16_192_64_0p5_0p02_0059_0002.uasset" 4405
"../../../Engine/Content/EngineMaterials/Substrate/GLints/dict_16_192_64_0p5_0p02_0059_0006.uasset" 4406
"../../../Engine/Content/EngineMaterials/Substrate/GLints/dict_16_192_64_0p5_0p02_0059_0003.uasset" 4407
"../../../Engine/Content/EngineMaterials/Substrate/GLints/dict_16_192_64_0p5_0p02_0058_0014.uasset" 4408
"../../../Engine/Content/EngineMaterials/Substrate/GLints/dict_16_192_64_0p5_0p02_0058_0013.uasset" 4409
"../../../Engine/Content/EngineMaterials/Substrate/GLints/dict_16_192_64_0p5_0p02_0058_0015.uasset" 4410
"../../../Engine/Content/EngineMaterials/Substrate/GLints/dict_16_192_64_0p5_0p02_0058_0009.uasset" 4411
"../../../Engine/Content/EngineMaterials/Substrate/GLints/dict_16_192_64_0p5_0p02_0059_0001.uasset" 4412
"../../../Engine/Content/EngineMaterials/Substrate/GLints/dict_16_192_64_0p5_0p02_0059_0007.uasset" 4413
"../../../Engine/Content/EngineMaterials/Substrate/GLints/dict_16_192_64_0p5_0p02_0058_0010.uasset" 4414
"../../../Engine/Content/EngineMaterials/Substrate/GLints/dict_16_192_64_0p5_0p02_0058_0006.uasset" 4415
"../../../Engine/Content/EngineMaterials/Substrate/GLints/dict_16_192_64_0p5_0p02_0058_0007.uasset" 4416
"../../../Engine/Content/EngineMaterials/Substrate/GLints/dict_16_192_64_0p5_0p02_0058_0012.uasset" 4417
"../../../Engine/Content/EngineMaterials/Substrate/GLints/dict_16_192_64_0p5_0p02_0058_0008.uasset" 4418
"../../../Engine/Content/EngineMaterials/Substrate/GLints/dict_16_192_64_0p5_0p02_0058_0005.uasset" 4419
"../../../Engine/Content/EngineMaterials/Substrate/GLints/dict_16_192_64_0p5_0p02_0058_0004.uasset" 4420
"../../../Engine/Content/EngineMaterials/Substrate/GLints/dict_16_192_64_0p5_0p02_0058_0011.uasset" 4421
"../../../Engine/Content/EngineMaterials/Substrate/GLints/dict_16_192_64_0p5_0p02_0058_0002.uasset" 4422
"../../../Engine/Content/EngineMaterials/Substrate/GLints/dict_16_192_64_0p5_0p02_0058_0003.uasset" 4423
"C:/Users/Kiah/AppData/Local/Temp/UnrealShaderWorkingDir/B8B339DA452F8AE623E71EA1AB391BB2/6/WorkerOutputOnly.out" 4424
"../../../Engine/Plugins/Animation/DeformerGraph/Shaders/Private/DataInterfaceCustomComputeKernel.ush" 4425
"../../../Engine/Plugins/Animation/DeformerGraph/Shaders/Private/DataInterfaceCloth.ush" 4426
"../../../Engine/Plugins/Animation/DeformerGraph/Shaders/Private/DataInterfaceSkinnedMeshRead.ush" 4427
"../../../Engine/Plugins/Animation/DeformerGraph/Shaders/Private/DataInterfaceSkeleton.ush" 4428
"../../../Engine/Plugins/Animation/DeformerGraph/Shaders/Private/DataInterfaceSkeletonCommon.ush" 4429
"../../../Engine/Plugins/Animation/DeformerGraph/Shaders/Private/DataInterfaceMorphTarget.ush" 4430
"../../../Engine/Plugins/Animation/DeformerGraph/Shaders/Private/DataInterfaceSkinnedMeshWrite.ush" 4431
"C:/Users/Kiah/AppData/Local/Temp/UnrealShaderWorkingDir/B8B339DA452F8AE623E71EA1AB391BB2/4/WorkerOutputOnly.out" 4432
"../../../Engine/Plugins/Animation/DeformerGraph/Shaders/Private/DataInterfaceRawBuffer.ush" 4433
"../../../Engine/Plugins/Runtime/ComputeFramework/Shaders/Private/BufferAlias.ush" 4434
"../../../Engine/Plugins/Animation/DeformerGraph/Shaders/Private/DataInterfaceSkinnedMesh.ush" 4435
"../../../Engine/Plugins/Animation/DeformerGraph/Shaders/Private/DataInterfaceHalfEdge.ush" 4436
"/Engine/EngineMaterials/Substrate/GLints/dict_16_192_64_0p5_0p02_0058_0002" 4437
"/Engine/EngineMaterials/Substrate/GLints/dict_16_192_64_0p5_0p02_0058_0003" 4438
"/Engine/EngineMaterials/Substrate/GLints/dict_16_192_64_0p5_0p02_0058_0004" 4439
"/Engine/EngineMaterials/Substrate/GLints/dict_16_192_64_0p5_0p02_0058_0005" 4440
"/Engine/EngineMaterials/Substrate/GLints/dict_16_192_64_0p5_0p02_0058_0006" 4441
"/Engine/EngineMaterials/Substrate/GLints/dict_16_192_64_0p5_0p02_0058_0007" 4442
"/Engine/EngineMaterials/Substrate/GLints/dict_16_192_64_0p5_0p02_0058_0008" 4443
"/Engine/EngineMaterials/Substrate/GLints/dict_16_192_64_0p5_0p02_0058_0009" 4444
"/Engine/EngineMaterials/Substrate/GLints/dict_16_192_64_0p5_0p02_0058_0010" 4445
"/Engine/EngineMaterials/Substrate/GLints/dict_16_192_64_0p5_0p02_0058_0011" 4446
"/Engine/EngineMaterials/Substrate/GLints/dict_16_192_64_0p5_0p02_0058_0012" 4447
"/Engine/EngineMaterials/Substrate/GLints/dict_16_192_64_0p5_0p02_0058_0013" 4448
"/Engine/EngineMaterials/Substrate/GLints/dict_16_192_64_0p5_0p02_0058_0014" 4449
"/Engine/EngineMaterials/Substrate/GLints/dict_16_192_64_0p5_0p02_0058_0015" 4450
"/Engine/EngineMaterials/Substrate/GLints/dict_16_192_64_0p5_0p02_0059_0000" 4451
"/Engine/EngineMaterials/Substrate/GLints/dict_16_192_64_0p5_0p02_0059_0001" 4452
"/Engine/EngineMaterials/Substrate/GLints/dict_16_192_64_0p5_0p02_0059_0002" 4453
"/Engine/EngineMaterials/Substrate/GLints/dict_16_192_64_0p5_0p02_0059_0003" 4454
"/Engine/EngineMaterials/Substrate/GLints/dict_16_192_64_0p5_0p02_0059_0004" 4455
"/Engine/EngineMaterials/Substrate/GLints/dict_16_192_64_0p5_0p02_0059_0005" 4456
"/Engine/EngineMaterials/Substrate/GLints/dict_16_192_64_0p5_0p02_0059_0006" 4457
"/Engine/EngineMaterials/Substrate/GLints/dict_16_192_64_0p5_0p02_0059_0007" 4458
"/Engine/EngineMaterials/Substrate/GLints/dict_16_192_64_0p5_0p02_0059_0008" 4459
"/Engine/EngineMaterials/Substrate/GLints/dict_16_192_64_0p5_0p02_0059_0009" 4460
"/Engine/EngineMaterials/Substrate/GLints/dict_16_192_64_0p5_0p02_0059_0010" 4461
"/Engine/EngineMaterials/Substrate/GLints/dict_16_192_64_0p5_0p02_0059_0011" 4462
"/Engine/EngineMaterials/Substrate/GLints/dict_16_192_64_0p5_0p02_0059_0012" 4463
"/Engine/EngineMaterials/Substrate/GLints/dict_16_192_64_0p5_0p02_0059_0013" 4464
"/Engine/EngineMaterials/Substrate/GLints/dict_16_192_64_0p5_0p02_0059_0014" 4465
"/Engine/EngineMaterials/Substrate/GLints/dict_16_192_64_0p5_0p02_0059_0015" 4466
"/Engine/EngineMaterials/Substrate/GLints/dict_16_192_64_0p5_0p02_0060_0000" 4467
"/Engine/EngineMaterials/Substrate/GLints/dict_16_192_64_0p5_0p02_0060_0001" 4468
"../../../Engine/Content/EngineMaterials/Substrate/GLints/dict_16_192_64_0p5_0p02_0057_0011.uasset" 4469
"../../../Engine/Content/EngineMaterials/Substrate/GLints/dict_16_192_64_0p5_0p02_0057_0015.uasset" 4470
"../../../Engine/Content/EngineMaterials/Substrate/GLints/dict_16_192_64_0p5_0p02_0057_0014.uasset" 4471
"../../../Engine/Content/EngineMaterials/Substrate/GLints/dict_16_192_64_0p5_0p02_0057_0009.uasset" 4472
"../../../Engine/Content/EngineMaterials/Substrate/GLints/dict_16_192_64_0p5_0p02_0058_0000.uasset" 4473
"../../../Engine/Content/EngineMaterials/Substrate/GLints/dict_16_192_64_0p5_0p02_0058_0001.uasset" 4474
"../../../Engine/Content/EngineMaterials/Substrate/GLints/dict_16_192_64_0p5_0p02_0057_0013.uasset" 4475
"../../../Engine/Content/EngineMaterials/Substrate/GLints/dict_16_192_64_0p5_0p02_0057_0012.uasset" 4476
"../../../Engine/Content/EngineMaterials/Substrate/GLints/dict_16_192_64_0p5_0p02_0057_0010.uasset" 4477
"../../../Engine/Content/EngineMaterials/Substrate/GLints/dict_16_192_64_0p5_0p02_0057_0008.uasset" 4478
"../../../Engine/Content/EngineMaterials/Substrate/GLints/dict_16_192_64_0p5_0p02_0057_0005.uasset" 4479
"../../../Engine/Content/EngineMaterials/Substrate/GLints/dict_16_192_64_0p5_0p02_0057_0007.uasset" 4480
"../../../Engine/Content/EngineMaterials/Substrate/GLints/dict_16_192_64_0p5_0p02_0057_0002.uasset" 4481
"../../../Engine/Content/EngineMaterials/Substrate/GLints/dict_16_192_64_0p5_0p02_0057_0003.uasset" 4482
"../../../Engine/Content/EngineMaterials/Substrate/GLints/dict_16_192_64_0p5_0p02_0057_0004.uasset" 4483
"../../../Engine/Content/EngineMaterials/Substrate/GLints/dict_16_192_64_0p5_0p02_0057_0006.uasset" 4484
"../../../Engine/Content/EngineMaterials/Substrate/GLints/dict_16_192_64_0p5_0p02_0057_0001.uasset" 4485
"../../../Engine/Content/EngineMaterials/Substrate/GLints/dict_16_192_64_0p5_0p02_0056_0014.uasset" 4486
"../../../Engine/Content/EngineMaterials/Substrate/GLints/dict_16_192_64_0p5_0p02_0057_0000.uasset" 4487
"../../../Engine/Content/EngineMaterials/Substrate/GLints/dict_16_192_64_0p5_0p02_0056_0015.uasset" 4488
"../../../Engine/Content/EngineMaterials/Substrate/GLints/dict_16_192_64_0p5_0p02_0056_0011.uasset" 4489
"../../../Engine/Content/EngineMaterials/Substrate/GLints/dict_16_192_64_0p5_0p02_0056_0013.uasset" 4490
"../../../Engine/Content/EngineMaterials/Substrate/GLints/dict_16_192_64_0p5_0p02_0056_0008.uasset" 4491
"../../../Engine/Content/EngineMaterials/Substrate/GLints/dict_16_192_64_0p5_0p02_0056_0012.uasset" 4492
"../../../Engine/Content/EngineMaterials/Substrate/GLints/dict_16_192_64_0p5_0p02_0056_0010.uasset" 4493
"../../../Engine/Content/EngineMaterials/Substrate/GLints/dict_16_192_64_0p5_0p02_0056_0007.uasset" 4494
"../../../Engine/Content/EngineMaterials/Substrate/GLints/dict_16_192_64_0p5_0p02_0056_0009.uasset" 4495
"../../../Engine/Content/EngineMaterials/Substrate/GLints/dict_16_192_64_0p5_0p02_0056_0004.uasset" 4496
"../../../Engine/Content/EngineMaterials/Substrate/GLints/dict_16_192_64_0p5_0p02_0056_0006.uasset" 4497
"../../../Engine/Content/EngineMaterials/Substrate/GLints/dict_16_192_64_0p5_0p02_0056_0005.uasset" 4498
"../../../Engine/Content/EngineMaterials/Substrate/GLints/dict_16_192_64_0p5_0p02_0056_0003.uasset" 4499
"../../../Engine/Content/EngineMaterials/Substrate/GLints/dict_16_192_64_0p5_0p02_0056_0002.uasset" 4500
"/Engine/EngineMaterials/Substrate/GLints/dict_16_192_64_0p5_0p02_0056_0002" 4501
"/Engine/EngineMaterials/Substrate/GLints/dict_16_192_64_0p5_0p02_0056_0003" 4502
"/Engine/EngineMaterials/Substrate/GLints/dict_16_192_64_0p5_0p02_0056_0004" 4503
"/Engine/EngineMaterials/Substrate/GLints/dict_16_192_64_0p5_0p02_0056_0005" 4504
"/Engine/EngineMaterials/Substrate/GLints/dict_16_192_64_0p5_0p02_0056_0006" 4505
"/Engine/EngineMaterials/Substrate/GLints/dict_16_192_64_0p5_0p02_0056_0007" 4506
"/Engine/EngineMaterials/Substrate/GLints/dict_16_192_64_0p5_0p02_0056_0008" 4507
"/Engine/EngineMaterials/Substrate/GLints/dict_16_192_64_0p5_0p02_0056_0009" 4508
"/Engine/EngineMaterials/Substrate/GLints/dict_16_192_64_0p5_0p02_0056_0010" 4509
"/Engine/EngineMaterials/Substrate/GLints/dict_16_192_64_0p5_0p02_0056_0011" 4510
"/Engine/EngineMaterials/Substrate/GLints/dict_16_192_64_0p5_0p02_0056_0012" 4511
"/Engine/EngineMaterials/Substrate/GLints/dict_16_192_64_0p5_0p02_0056_0013" 4512
"/Engine/EngineMaterials/Substrate/GLints/dict_16_192_64_0p5_0p02_0056_0014" 4513
"/Engine/EngineMaterials/Substrate/GLints/dict_16_192_64_0p5_0p02_0056_0015" 4514
"/Engine/EngineMaterials/Substrate/GLints/dict_16_192_64_0p5_0p02_0057_0000" 4515
"/Engine/EngineMaterials/Substrate/GLints/dict_16_192_64_0p5_0p02_0057_0001" 4516
"/Engine/EngineMaterials/Substrate/GLints/dict_16_192_64_0p5_0p02_0057_0002" 4517
"/Engine/EngineMaterials/Substrate/GLints/dict_16_192_64_0p5_0p02_0057_0003" 4518
"/Engine/EngineMaterials/Substrate/GLints/dict_16_192_64_0p5_0p02_0057_0004" 4519
"/Engine/EngineMaterials/Substrate/GLints/dict_16_192_64_0p5_0p02_0057_0005" 4520
"/Engine/EngineMaterials/Substrate/GLints/dict_16_192_64_0p5_0p02_0057_0006" 4521
"/Engine/EngineMaterials/Substrate/GLints/dict_16_192_64_0p5_0p02_0057_0007" 4522
"/Engine/EngineMaterials/Substrate/GLints/dict_16_192_64_0p5_0p02_0057_0008" 4523
"/Engine/EngineMaterials/Substrate/GLints/dict_16_192_64_0p5_0p02_0057_0009" 4524
"/Engine/EngineMaterials/Substrate/GLints/dict_16_192_64_0p5_0p02_0057_0010" 4525
"/Engine/EngineMaterials/Substrate/GLints/dict_16_192_64_0p5_0p02_0057_0011" 4526
"/Engine/EngineMaterials/Substrate/GLints/dict_16_192_64_0p5_0p02_0057_0012" 4527
"/Engine/EngineMaterials/Substrate/GLints/dict_16_192_64_0p5_0p02_0057_0013" 4528
"/Engine/EngineMaterials/Substrate/GLints/dict_16_192_64_0p5_0p02_0057_0014" 4529
"/Engine/EngineMaterials/Substrate/GLints/dict_16_192_64_0p5_0p02_0057_0015" 4530
"/Engine/EngineMaterials/Substrate/GLints/dict_16_192_64_0p5_0p02_0058_0000" 4531
"/Engine/EngineMaterials/Substrate/GLints/dict_16_192_64_0p5_0p02_0058_0001" 4532
"../../../Engine/Content/EngineMaterials/Substrate/GLints/dict_16_192_64_0p5_0p02_0056_0001.uasset" 4533
"../../../Engine/Content/EngineMaterials/Substrate/GLints/dict_16_192_64_0p5_0p02_0055_0013.uasset" 4534
"../../../Engine/Content/EngineMaterials/Substrate/GLints/dict_16_192_64_0p5_0p02_0055_0014.uasset" 4535
"/Engine/EngineMaterials/Substrate/GLints/dict_16_192_64_0p5_0p02_0055_0013" 4536
"/Engine/EngineMaterials/Substrate/GLints/dict_16_192_64_0p5_0p02_0055_0014" 4537
"../../../Engine/Content/EngineMaterials/Substrate/GLints/dict_16_192_64_0p5_0p02_0055_0012.uasset" 4538
"/Engine/EngineMaterials/Substrate/GLints/dict_16_192_64_0p5_0p02_0056_0001" 4539
"/Engine/EngineMaterials/Substrate/GLints/dict_16_192_64_0p5_0p02_0055_0012" 4540
"../../../Engine/Content/EngineMaterials/Substrate/GLints/dict_16_192_64_0p5_0p02_0055_0009.uasset" 4541
"../../../Engine/Content/EngineMaterials/Substrate/GLints/dict_16_192_64_0p5_0p02_0055_0011.uasset" 4542
"../../../Engine/Content/EngineMaterials/Substrate/GLints/dict_16_192_64_0p5_0p02_0056_0000.uasset" 4543
"../../../Engine/Content/EngineMaterials/Substrate/GLints/dict_16_192_64_0p5_0p02_0055_0015.uasset" 4544
"../../../Engine/Content/EngineMaterials/Substrate/GLints/dict_16_192_64_0p5_0p02_0055_0006.uasset" 4545
"../../../Engine/Content/EngineMaterials/Substrate/GLints/dict_16_192_64_0p5_0p02_0055_0007.uasset" 4546
"../../../Engine/Content/EngineMaterials/Substrate/GLints/dict_16_192_64_0p5_0p02_0055_0010.uasset" 4547
"../../../Engine/Content/EngineMaterials/Substrate/GLints/dict_16_192_64_0p5_0p02_0055_0008.uasset" 4548
"../../../Engine/Content/EngineMaterials/Substrate/GLints/dict_16_192_64_0p5_0p02_0055_0004.uasset" 4549
"../../../Engine/Content/EngineMaterials/Substrate/GLints/dict_16_192_64_0p5_0p02_0055_0003.uasset" 4550
"../../../Engine/Content/EngineMaterials/Substrate/GLints/dict_16_192_64_0p5_0p02_0055_0005.uasset" 4551
"../../../Engine/Content/EngineMaterials/Substrate/GLints/dict_16_192_64_0p5_0p02_0055_0001.uasset" 4552
"../../../Engine/Content/EngineMaterials/Substrate/GLints/dict_16_192_64_0p5_0p02_0055_0002.uasset" 4553
"../../../Engine/Content/EngineMaterials/Substrate/GLints/dict_16_192_64_0p5_0p02_0054_0010.uasset" 4554
"../../../Engine/Content/EngineMaterials/Substrate/GLints/dict_16_192_64_0p5_0p02_0054_0011.uasset" 4555
"../../../Engine/Content/EngineMaterials/Substrate/GLints/dict_16_192_64_0p5_0p02_0054_0013.uasset" 4556
"../../../Engine/Content/EngineMaterials/Substrate/GLints/dict_16_192_64_0p5_0p02_0055_0000.uasset" 4557
"../../../Engine/Content/EngineMaterials/Substrate/GLints/dict_16_192_64_0p5_0p02_0054_0012.uasset" 4558
"../../../Engine/Content/EngineMaterials/Substrate/GLints/dict_16_192_64_0p5_0p02_0054_0015.uasset" 4559
"../../../Engine/Content/EngineMaterials/Substrate/GLints/dict_16_192_64_0p5_0p02_0054_0014.uasset" 4560
"../../../Engine/Content/EngineMaterials/Substrate/GLints/dict_16_192_64_0p5_0p02_0054_0009.uasset" 4561
"../../../Engine/Content/EngineMaterials/Substrate/GLints/dict_16_192_64_0p5_0p02_0054_0005.uasset" 4562
"../../../Engine/Content/EngineMaterials/Substrate/GLints/dict_16_192_64_0p5_0p02_0054_0007.uasset" 4563
"../../../Engine/Content/EngineMaterials/Substrate/GLints/dict_16_192_64_0p5_0p02_0054_0006.uasset" 4564
"../../../Engine/Content/EngineMaterials/Substrate/GLints/dict_16_192_64_0p5_0p02_0054_0003.uasset" 4565
"../../../Engine/Content/EngineMaterials/Substrate/GLints/dict_16_192_64_0p5_0p02_0054_0000.uasset" 4566
"../../../Engine/Content/EngineMaterials/Substrate/GLints/dict_16_192_64_0p5_0p02_0054_0001.uasset" 4567
"../../../Engine/Content/EngineMaterials/Substrate/GLints/dict_16_192_64_0p5_0p02_0054_0002.uasset" 4568
"../../../Engine/Content/EngineMaterials/Substrate/GLints/dict_16_192_64_0p5_0p02_0054_0008.uasset" 4569
"../../../Engine/Content/EngineMaterials/Substrate/GLints/dict_16_192_64_0p5_0p02_0053_0015.uasset" 4570
"../../../Engine/Content/EngineMaterials/Substrate/GLints/dict_16_192_64_0p5_0p02_0053_0014.uasset" 4571
"../../../Engine/Content/EngineMaterials/Substrate/GLints/dict_16_192_64_0p5_0p02_0054_0004.uasset" 4572
"/Engine/EngineMaterials/Substrate/GLints/dict_16_192_64_0p5_0p02_0054_0002" 4573
"/Engine/EngineMaterials/Substrate/GLints/dict_16_192_64_0p5_0p02_0054_0003" 4574
"/Engine/EngineMaterials/Substrate/GLints/dict_16_192_64_0p5_0p02_0054_0004" 4575
"/Engine/EngineMaterials/Substrate/GLints/dict_16_192_64_0p5_0p02_0054_0005" 4576
"/Engine/EngineMaterials/Substrate/GLints/dict_16_192_64_0p5_0p02_0054_0006" 4577
"/Engine/EngineMaterials/Substrate/GLints/dict_16_192_64_0p5_0p02_0054_0007" 4578
"/Engine/EngineMaterials/Substrate/GLints/dict_16_192_64_0p5_0p02_0054_0008" 4579
"/Engine/EngineMaterials/Substrate/GLints/dict_16_192_64_0p5_0p02_0054_0009" 4580
"/Engine/EngineMaterials/Substrate/GLints/dict_16_192_64_0p5_0p02_0054_0010" 4581
"/Engine/EngineMaterials/Substrate/GLints/dict_16_192_64_0p5_0p02_0054_0011" 4582
"/Engine/EngineMaterials/Substrate/GLints/dict_16_192_64_0p5_0p02_0054_0012" 4583
"/Engine/EngineMaterials/Substrate/GLints/dict_16_192_64_0p5_0p02_0054_0013" 4584
"/Engine/EngineMaterials/Substrate/GLints/dict_16_192_64_0p5_0p02_0054_0014" 4585
"/Engine/EngineMaterials/Substrate/GLints/dict_16_192_64_0p5_0p02_0054_0015" 4586
"/Engine/EngineMaterials/Substrate/GLints/dict_16_192_64_0p5_0p02_0055_0000" 4587
"/Engine/EngineMaterials/Substrate/GLints/dict_16_192_64_0p5_0p02_0055_0001" 4588
"/Engine/EngineMaterials/Substrate/GLints/dict_16_192_64_0p5_0p02_0055_0002" 4589
"/Engine/EngineMaterials/Substrate/GLints/dict_16_192_64_0p5_0p02_0055_0003" 4590
"/Engine/EngineMaterials/Substrate/GLints/dict_16_192_64_0p5_0p02_0055_0004" 4591
"/Engine/EngineMaterials/Substrate/GLints/dict_16_192_64_0p5_0p02_0055_0005" 4592
"/Engine/EngineMaterials/Substrate/GLints/dict_16_192_64_0p5_0p02_0055_0006" 4593
"/Engine/EngineMaterials/Substrate/GLints/dict_16_192_64_0p5_0p02_0055_0007" 4594
"/Engine/EngineMaterials/Substrate/GLints/dict_16_192_64_0p5_0p02_0055_0008" 4595
"/Engine/EngineMaterials/Substrate/GLints/dict_16_192_64_0p5_0p02_0055_0009" 4596
"/Engine/EngineMaterials/Substrate/GLints/dict_16_192_64_0p5_0p02_0055_0010" 4597
"/Engine/EngineMaterials/Substrate/GLints/dict_16_192_64_0p5_0p02_0055_0011" 4598
"/Engine/EngineMaterials/Substrate/GLints/dict_16_192_64_0p5_0p02_0053_0014" 4599
"/Engine/EngineMaterials/Substrate/GLints/dict_16_192_64_0p5_0p02_0053_0015" 4600
"/Engine/EngineMaterials/Substrate/GLints/dict_16_192_64_0p5_0p02_0054_0000" 4601
"/Engine/EngineMaterials/Substrate/GLints/dict_16_192_64_0p5_0p02_0055_0015" 4602
"/Engine/EngineMaterials/Substrate/GLints/dict_16_192_64_0p5_0p02_0056_0000" 4603
"/Engine/EngineMaterials/Substrate/GLints/dict_16_192_64_0p5_0p02_0054_0001" 4604
"../../../Engine/Content/EngineMaterials/Substrate/GLints/dict_16_192_64_0p5_0p02_0053_0011.uasset" 4605
"../../../Engine/Content/EngineMaterials/Substrate/GLints/dict_16_192_64_0p5_0p02_0053_0010.uasset" 4606
"../../../Engine/Content/EngineMaterials/Substrate/GLints/dict_16_192_64_0p5_0p02_0053_0013.uasset" 4607
"../../../Engine/Content/EngineMaterials/Substrate/GLints/dict_16_192_64_0p5_0p02_0053_0012.uasset" 4608
"../../../Engine/Content/EngineMaterials/Substrate/GLints/dict_16_192_64_0p5_0p02_0053_0008.uasset" 4609
"../../../Engine/Content/EngineMaterials/Substrate/GLints/dict_16_192_64_0p5_0p02_0053_0007.uasset" 4610
"../../../Engine/Content/EngineMaterials/Substrate/GLints/dict_16_192_64_0p5_0p02_0053_0009.uasset" 4611
"../../../Engine/Content/EngineMaterials/Substrate/GLints/dict_16_192_64_0p5_0p02_0053_0006.uasset" 4612
"../../../Engine/Content/EngineMaterials/Substrate/GLints/dict_16_192_64_0p5_0p02_0053_0005.uasset" 4613
"../../../Engine/Content/EngineMaterials/Substrate/GLints/dict_16_192_64_0p5_0p02_0053_0003.uasset" 4614
"../../../Engine/Content/EngineMaterials/Substrate/GLints/dict_16_192_64_0p5_0p02_0053_0001.uasset" 4615
"../../../Engine/Content/EngineMaterials/Substrate/GLints/dict_16_192_64_0p5_0p02_0053_0002.uasset" 4616
"../../../Engine/Content/EngineMaterials/Substrate/GLints/dict_16_192_64_0p5_0p02_0053_0004.uasset" 4617
"../../../Engine/Content/EngineMaterials/Substrate/GLints/dict_16_192_64_0p5_0p02_0053_0000.uasset" 4618
"../../../Engine/Content/EngineMaterials/Substrate/GLints/dict_16_192_64_0p5_0p02_0052_0014.uasset" 4619
"../../../Engine/Content/EngineMaterials/Substrate/GLints/dict_16_192_64_0p5_0p02_0052_0015.uasset" 4620
"../../../Engine/Content/EngineMaterials/Substrate/GLints/dict_16_192_64_0p5_0p02_0052_0012.uasset" 4621
"../../../Engine/Content/EngineMaterials/Substrate/GLints/dict_16_192_64_0p5_0p02_0052_0013.uasset" 4622
"../../../Engine/Content/EngineMaterials/Substrate/GLints/dict_16_192_64_0p5_0p02_0052_0011.uasset" 4623
"../../../Engine/Content/EngineMaterials/Substrate/GLints/dict_16_192_64_0p5_0p02_0052_0008.uasset" 4624
"../../../Engine/Content/EngineMaterials/Substrate/GLints/dict_16_192_64_0p5_0p02_0052_0007.uasset" 4625
"../../../Engine/Content/EngineMaterials/Substrate/GLints/dict_16_192_64_0p5_0p02_0052_0010.uasset" 4626
"../../../Engine/Content/EngineMaterials/Substrate/GLints/dict_16_192_64_0p5_0p02_0052_0009.uasset" 4627
"../../../Engine/Content/EngineMaterials/Substrate/GLints/dict_16_192_64_0p5_0p02_0052_0006.uasset" 4628
"../../../Engine/Content/EngineMaterials/Substrate/GLints/dict_16_192_64_0p5_0p02_0052_0004.uasset" 4629
"../../../Engine/Content/EngineMaterials/Substrate/GLints/dict_16_192_64_0p5_0p02_0052_0002.uasset" 4630
"../../../Engine/Content/EngineMaterials/Substrate/GLints/dict_16_192_64_0p5_0p02_0052_0005.uasset" 4631
"../../../Engine/Content/EngineMaterials/Substrate/GLints/dict_16_192_64_0p5_0p02_0052_0001.uasset" 4632
"../../../Engine/Content/EngineMaterials/Substrate/GLints/dict_16_192_64_0p5_0p02_0052_0003.uasset" 4633
"../../../Engine/Content/EngineMaterials/Substrate/GLints/dict_16_192_64_0p5_0p02_0051_0014.uasset" 4634
"../../../Engine/Content/EngineMaterials/Substrate/GLints/dict_16_192_64_0p5_0p02_0051_0015.uasset" 4635
"../../../Engine/Content/EngineMaterials/Substrate/GLints/dict_16_192_64_0p5_0p02_0052_0000.uasset" 4636
"/Engine/EngineMaterials/Substrate/GLints/dict_16_192_64_0p5_0p02_0051_0014" 4637
"/Engine/EngineMaterials/Substrate/GLints/dict_16_192_64_0p5_0p02_0051_0015" 4638
"/Engine/EngineMaterials/Substrate/GLints/dict_16_192_64_0p5_0p02_0052_0000" 4639
"/Engine/EngineMaterials/Substrate/GLints/dict_16_192_64_0p5_0p02_0052_0001" 4640
"/Engine/EngineMaterials/Substrate/GLints/dict_16_192_64_0p5_0p02_0052_0002" 4641
"/Engine/EngineMaterials/Substrate/GLints/dict_16_192_64_0p5_0p02_0052_0003" 4642
"/Engine/EngineMaterials/Substrate/GLints/dict_16_192_64_0p5_0p02_0052_0004" 4643
"/Engine/EngineMaterials/Substrate/GLints/dict_16_192_64_0p5_0p02_0052_0005" 4644
"/Engine/EngineMaterials/Substrate/GLints/dict_16_192_64_0p5_0p02_0052_0006" 4645
"/Engine/EngineMaterials/Substrate/GLints/dict_16_192_64_0p5_0p02_0052_0007" 4646
"/Engine/EngineMaterials/Substrate/GLints/dict_16_192_64_0p5_0p02_0052_0008" 4647
"/Engine/EngineMaterials/Substrate/GLints/dict_16_192_64_0p5_0p02_0052_0009" 4648
"/Engine/EngineMaterials/Substrate/GLints/dict_16_192_64_0p5_0p02_0052_0010" 4649
"/Engine/EngineMaterials/Substrate/GLints/dict_16_192_64_0p5_0p02_0052_0011" 4650
"/Engine/EngineMaterials/Substrate/GLints/dict_16_192_64_0p5_0p02_0052_0012" 4651
"/Engine/EngineMaterials/Substrate/GLints/dict_16_192_64_0p5_0p02_0052_0013" 4652
"/Engine/EngineMaterials/Substrate/GLints/dict_16_192_64_0p5_0p02_0052_0014" 4653
"/Engine/EngineMaterials/Substrate/GLints/dict_16_192_64_0p5_0p02_0052_0015" 4654
"/Engine/EngineMaterials/Substrate/GLints/dict_16_192_64_0p5_0p02_0053_0000" 4655
"/Engine/EngineMaterials/Substrate/GLints/dict_16_192_64_0p5_0p02_0053_0001" 4656
"/Engine/EngineMaterials/Substrate/GLints/dict_16_192_64_0p5_0p02_0053_0002" 4657
"/Engine/EngineMaterials/Substrate/GLints/dict_16_192_64_0p5_0p02_0053_0003" 4658
"/Engine/EngineMaterials/Substrate/GLints/dict_16_192_64_0p5_0p02_0053_0004" 4659
"/Engine/EngineMaterials/Substrate/GLints/dict_16_192_64_0p5_0p02_0053_0005" 4660
"/Engine/EngineMaterials/Substrate/GLints/dict_16_192_64_0p5_0p02_0053_0006" 4661
"/Engine/EngineMaterials/Substrate/GLints/dict_16_192_64_0p5_0p02_0053_0007" 4662
"/Engine/EngineMaterials/Substrate/GLints/dict_16_192_64_0p5_0p02_0053_0008" 4663
"/Engine/EngineMaterials/Substrate/GLints/dict_16_192_64_0p5_0p02_0053_0009" 4664
"/Engine/EngineMaterials/Substrate/GLints/dict_16_192_64_0p5_0p02_0053_0010" 4665
"/Engine/EngineMaterials/Substrate/GLints/dict_16_192_64_0p5_0p02_0053_0011" 4666
"/Engine/EngineMaterials/Substrate/GLints/dict_16_192_64_0p5_0p02_0053_0012" 4667
"/Engine/EngineMaterials/Substrate/GLints/dict_16_192_64_0p5_0p02_0053_0013" 4668
"../../../Engine/Content/EngineMaterials/Substrate/GLints/dict_16_192_64_0p5_0p02_0051_0012.uasset" 4669
"../../../Engine/Content/EngineMaterials/Substrate/GLints/dict_16_192_64_0p5_0p02_0051_0013.uasset" 4670
"../../../Engine/Content/EngineMaterials/Substrate/GLints/dict_16_192_64_0p5_0p02_0051_0011.uasset" 4671
"../../../Engine/Content/EngineMaterials/Substrate/GLints/dict_16_192_64_0p5_0p02_0051_0010.uasset" 4672
"../../../Engine/Content/EngineMaterials/Substrate/GLints/dict_16_192_64_0p5_0p02_0051_0007.uasset" 4673
"../../../Engine/Content/EngineMaterials/Substrate/GLints/dict_16_192_64_0p5_0p02_0051_0009.uasset" 4674
"../../../Engine/Content/EngineMaterials/Substrate/GLints/dict_16_192_64_0p5_0p02_0051_0005.uasset" 4675
"../../../Engine/Content/EngineMaterials/Substrate/GLints/dict_16_192_64_0p5_0p02_0051_0008.uasset" 4676
"../../../Engine/Content/EngineMaterials/Substrate/GLints/dict_16_192_64_0p5_0p02_0051_0006.uasset" 4677
"../../../Engine/Content/EngineMaterials/Substrate/GLints/dict_16_192_64_0p5_0p02_0051_0003.uasset" 4678
"../../../Engine/Content/EngineMaterials/Substrate/GLints/dict_16_192_64_0p5_0p02_0051_0004.uasset" 4679
"../../../Engine/Content/EngineMaterials/Substrate/GLints/dict_16_192_64_0p5_0p02_0051_0002.uasset" 4680
"../../../Engine/Content/EngineMaterials/Substrate/GLints/dict_16_192_64_0p5_0p02_0051_0001.uasset" 4681
"../../../Engine/Content/EngineMaterials/Substrate/GLints/dict_16_192_64_0p5_0p02_0051_0000.uasset" 4682
"../../../Engine/Content/EngineMaterials/Substrate/GLints/dict_16_192_64_0p5_0p02_0050_0015.uasset" 4683
"../../../Engine/Content/EngineMaterials/Substrate/GLints/dict_16_192_64_0p5_0p02_0050_0013.uasset" 4684
"../../../Engine/Content/EngineMaterials/Substrate/GLints/dict_16_192_64_0p5_0p02_0050_0009.uasset" 4685
"../../../Engine/Content/EngineMaterials/Substrate/GLints/dict_16_192_64_0p5_0p02_0050_0012.uasset" 4686
"../../../Engine/Content/EngineMaterials/Substrate/GLints/dict_16_192_64_0p5_0p02_0050_0011.uasset" 4687
"/Engine/EngineMaterials/Substrate/GLints/dict_16_192_64_0p5_0p02_0050_0009" 4688
"/Engine/EngineMaterials/Substrate/GLints/dict_16_192_64_0p5_0p02_0050_0011" 4689
"/Engine/EngineMaterials/Substrate/GLints/dict_16_192_64_0p5_0p02_0050_0012" 4690
"../../../Engine/Content/EngineMaterials/Substrate/GLints/dict_16_192_64_0p5_0p02_0050_0014.uasset" 4691
"/Engine/EngineMaterials/Substrate/GLints/dict_16_192_64_0p5_0p02_0050_0013" 4692
"/Engine/EngineMaterials/Substrate/GLints/dict_16_192_64_0p5_0p02_0050_0015" 4693
"../../../Engine/Content/EngineMaterials/Substrate/GLints/dict_16_192_64_0p5_0p02_0050_0007.uasset" 4694
"/Engine/EngineMaterials/Substrate/GLints/dict_16_192_64_0p5_0p02_0051_0000" 4695
"../../../Engine/Content/EngineMaterials/Substrate/GLints/dict_16_192_64_0p5_0p02_0050_0006.uasset" 4696
"../../../Engine/Content/EngineMaterials/Substrate/GLints/dict_16_192_64_0p5_0p02_0050_0008.uasset" 4697
"../../../Engine/Content/EngineMaterials/Substrate/GLints/dict_16_192_64_0p5_0p02_0050_0005.uasset" 4698
"../../../Engine/Content/EngineMaterials/Substrate/GLints/dict_16_192_64_0p5_0p02_0050_0010.uasset" 4699
"/Engine/EngineMaterials/Substrate/GLints/dict_16_192_64_0p5_0p02_0051_0001" 4700
"/Engine/EngineMaterials/Substrate/GLints/dict_16_192_64_0p5_0p02_0051_0002" 4701
"/Engine/EngineMaterials/Substrate/GLints/dict_16_192_64_0p5_0p02_0051_0003" 4702
"/Engine/EngineMaterials/Substrate/GLints/dict_16_192_64_0p5_0p02_0051_0004" 4703
"/Engine/EngineMaterials/Substrate/GLints/dict_16_192_64_0p5_0p02_0051_0005" 4704
"/Engine/EngineMaterials/Substrate/GLints/dict_16_192_64_0p5_0p02_0051_0006" 4705
"/Engine/EngineMaterials/Substrate/GLints/dict_16_192_64_0p5_0p02_0051_0007" 4706
"/Engine/EngineMaterials/Substrate/GLints/dict_16_192_64_0p5_0p02_0051_0008" 4707
"/Engine/EngineMaterials/Substrate/GLints/dict_16_192_64_0p5_0p02_0051_0009" 4708
"/Engine/EngineMaterials/Substrate/GLints/dict_16_192_64_0p5_0p02_0051_0010" 4709
"/Engine/EngineMaterials/Substrate/GLints/dict_16_192_64_0p5_0p02_0051_0011" 4710
"/Engine/EngineMaterials/Substrate/GLints/dict_16_192_64_0p5_0p02_0051_0012" 4711
"/Engine/EngineMaterials/Substrate/GLints/dict_16_192_64_0p5_0p02_0051_0013" 4712
"/Engine/EngineMaterials/Substrate/GLints/dict_16_192_64_0p5_0p02_0050_0005" 4713
"/Engine/EngineMaterials/Substrate/GLints/dict_16_192_64_0p5_0p02_0050_0006" 4714
"/Engine/EngineMaterials/Substrate/GLints/dict_16_192_64_0p5_0p02_0050_0007" 4715
"/Engine/EngineMaterials/Substrate/GLints/dict_16_192_64_0p5_0p02_0050_0008" 4716
"/Engine/EngineMaterials/Substrate/GLints/dict_16_192_64_0p5_0p02_0050_0010" 4717
"/Engine/EngineMaterials/Substrate/GLints/dict_16_192_64_0p5_0p02_0050_0014" 4718
"../../../Engine/Content/EngineMaterials/Substrate/GLints/dict_16_192_64_0p5_0p02_0050_0000.uasset" 4719
"../../../Engine/Content/EngineMaterials/Substrate/GLints/dict_16_192_64_0p5_0p02_0050_0001.uasset" 4720
"../../../Engine/Content/EngineMaterials/Substrate/GLints/dict_16_192_64_0p5_0p02_0050_0002.uasset" 4721
"../../../Engine/Content/EngineMaterials/Substrate/GLints/dict_16_192_64_0p5_0p02_0050_0004.uasset" 4722
"../../../Engine/Content/EngineMaterials/Substrate/GLints/dict_16_192_64_0p5_0p02_0049_0015.uasset" 4723
"../../../Engine/Content/EngineMaterials/Substrate/GLints/dict_16_192_64_0p5_0p02_0049_0013.uasset" 4724
"../../../Engine/Content/EngineMaterials/Substrate/GLints/dict_16_192_64_0p5_0p02_0049_0011.uasset" 4725
"../../../Engine/Content/EngineMaterials/Substrate/GLints/dict_16_192_64_0p5_0p02_0049_0014.uasset" 4726
"../../../Engine/Content/EngineMaterials/Substrate/GLints/dict_16_192_64_0p5_0p02_0049_0009.uasset" 4727
"../../../Engine/Content/EngineMaterials/Substrate/GLints/dict_16_192_64_0p5_0p02_0049_0012.uasset" 4728
"../../../Engine/Content/EngineMaterials/Substrate/GLints/dict_16_192_64_0p5_0p02_0050_0003.uasset" 4729
"../../../Engine/Content/EngineMaterials/Substrate/GLints/dict_16_192_64_0p5_0p02_0049_0010.uasset" 4730
"../../../Engine/Content/EngineMaterials/Substrate/GLints/dict_16_192_64_0p5_0p02_0049_0007.uasset" 4731
"../../../Engine/Content/EngineMaterials/Substrate/GLints/dict_16_192_64_0p5_0p02_0049_0006.uasset" 4732
"../../../Engine/Content/EngineMaterials/Substrate/GLints/dict_16_192_64_0p5_0p02_0049_0003.uasset" 4733
"../../../Engine/Content/EngineMaterials/Substrate/GLints/dict_16_192_64_0p5_0p02_0049_0005.uasset" 4734
"../../../Engine/Content/EngineMaterials/Substrate/GLints/dict_16_192_64_0p5_0p02_0049_0008.uasset" 4735
"../../../Engine/Content/EngineMaterials/Substrate/GLints/dict_16_192_64_0p5_0p02_0049_0001.uasset" 4736
"../../../Engine/Content/EngineMaterials/Substrate/GLints/dict_16_192_64_0p5_0p02_0049_0000.uasset" 4737
"../../../Engine/Content/EngineMaterials/Substrate/GLints/dict_16_192_64_0p5_0p02_0048_0014.uasset" 4738
"../../../Engine/Content/EngineMaterials/Substrate/GLints/dict_16_192_64_0p5_0p02_0049_0004.uasset" 4739
"../../../Engine/Content/EngineMaterials/Substrate/GLints/dict_16_192_64_0p5_0p02_0048_0015.uasset" 4740
"../../../Engine/Content/EngineMaterials/Substrate/GLints/dict_16_192_64_0p5_0p02_0048_0013.uasset" 4741
"../../../Engine/Content/EngineMaterials/Substrate/GLints/dict_16_192_64_0p5_0p02_0048_0011.uasset" 4742
"../../../Engine/Content/EngineMaterials/Substrate/GLints/dict_16_192_64_0p5_0p02_0048_0012.uasset" 4743
"../../../Engine/Content/EngineMaterials/Substrate/GLints/dict_16_192_64_0p5_0p02_0049_0002.uasset" 4744
"../../../Engine/Content/EngineMaterials/Substrate/GLints/dict_16_192_64_0p5_0p02_0048_0010.uasset" 4745
"../../../Engine/Content/EngineMaterials/Substrate/GLints/dict_16_192_64_0p5_0p02_0048_0009.uasset" 4746
"../../../Engine/Content/EngineMaterials/Substrate/GLints/dict_16_192_64_0p5_0p02_0048_0008.uasset" 4747
"../../../Engine/Content/EngineMaterials/Substrate/GLints/dict_16_192_64_0p5_0p02_0048_0006.uasset" 4748
"../../../Engine/Content/EngineMaterials/Substrate/GLints/dict_16_192_64_0p5_0p02_0048_0005.uasset" 4749
"../../../Engine/Content/EngineMaterials/Substrate/GLints/dict_16_192_64_0p5_0p02_0048_0007.uasset" 4750
"/Engine/EngineMaterials/Substrate/GLints/dict_16_192_64_0p5_0p02_0049_0014" 4751
"/Engine/EngineMaterials/Substrate/GLints/dict_16_192_64_0p5_0p02_0049_0015" 4752
"/Engine/EngineMaterials/Substrate/GLints/dict_16_192_64_0p5_0p02_0050_0000" 4753
"/Engine/EngineMaterials/Substrate/GLints/dict_16_192_64_0p5_0p02_0050_0001" 4754
"/Engine/EngineMaterials/Substrate/GLints/dict_16_192_64_0p5_0p02_0050_0002" 4755
"/Engine/EngineMaterials/Substrate/GLints/dict_16_192_64_0p5_0p02_0050_0003" 4756
"/Engine/EngineMaterials/Substrate/GLints/dict_16_192_64_0p5_0p02_0050_0004" 4757
"/Engine/EngineMaterials/Substrate/GLints/dict_16_192_64_0p5_0p02_0048_0005" 4758
"/Engine/EngineMaterials/Substrate/GLints/dict_16_192_64_0p5_0p02_0048_0006" 4759
"/Engine/EngineMaterials/Substrate/GLints/dict_16_192_64_0p5_0p02_0048_0007" 4760
"/Engine/EngineMaterials/Substrate/GLints/dict_16_192_64_0p5_0p02_0048_0008" 4761
"/Engine/EngineMaterials/Substrate/GLints/dict_16_192_64_0p5_0p02_0048_0011" 4762
"/Engine/EngineMaterials/Substrate/GLints/dict_16_192_64_0p5_0p02_0048_0009" 4763
"/Engine/EngineMaterials/Substrate/GLints/dict_16_192_64_0p5_0p02_0048_0012" 4764
"/Engine/EngineMaterials/Substrate/GLints/dict_16_192_64_0p5_0p02_0048_0013" 4765
"/Engine/EngineMaterials/Substrate/GLints/dict_16_192_64_0p5_0p02_0048_0014" 4766
"/Engine/EngineMaterials/Substrate/GLints/dict_16_192_64_0p5_0p02_0048_0010" 4767
"/Engine/EngineMaterials/Substrate/GLints/dict_16_192_64_0p5_0p02_0048_0015" 4768
"/Engine/EngineMaterials/Substrate/GLints/dict_16_192_64_0p5_0p02_0049_0000" 4769
"/Engine/EngineMaterials/Substrate/GLints/dict_16_192_64_0p5_0p02_0049_0001" 4770
"/Engine/EngineMaterials/Substrate/GLints/dict_16_192_64_0p5_0p02_0049_0002" 4771
"/Engine/EngineMaterials/Substrate/GLints/dict_16_192_64_0p5_0p02_0049_0003" 4772
"/Engine/EngineMaterials/Substrate/GLints/dict_16_192_64_0p5_0p02_0049_0004" 4773
"/Engine/EngineMaterials/Substrate/GLints/dict_16_192_64_0p5_0p02_0049_0005" 4774
"/Engine/EngineMaterials/Substrate/GLints/dict_16_192_64_0p5_0p02_0049_0006" 4775
"/Engine/EngineMaterials/Substrate/GLints/dict_16_192_64_0p5_0p02_0049_0007" 4776
"/Engine/EngineMaterials/Substrate/GLints/dict_16_192_64_0p5_0p02_0049_0008" 4777
"/Engine/EngineMaterials/Substrate/GLints/dict_16_192_64_0p5_0p02_0049_0009" 4778
"/Engine/EngineMaterials/Substrate/GLints/dict_16_192_64_0p5_0p02_0049_0010" 4779
"/Engine/EngineMaterials/Substrate/GLints/dict_16_192_64_0p5_0p02_0049_0011" 4780
"/Engine/EngineMaterials/Substrate/GLints/dict_16_192_64_0p5_0p02_0049_0012" 4781
"/Engine/EngineMaterials/Substrate/GLints/dict_16_192_64_0p5_0p02_0049_0013" 4782
"../../../Engine/Content/EngineMaterials/Substrate/GLints/dict_16_192_64_0p5_0p02_0048_0002.uasset" 4783
"../../../Engine/Content/EngineMaterials/Substrate/GLints/dict_16_192_64_0p5_0p02_0047_0015.uasset" 4784
"../../../Engine/Content/EngineMaterials/Substrate/GLints/dict_16_192_64_0p5_0p02_0048_0000.uasset" 4785
"../../../Engine/Content/EngineMaterials/Substrate/GLints/dict_16_192_64_0p5_0p02_0048_0004.uasset" 4786
"../../../Engine/Content/EngineMaterials/Substrate/GLints/dict_16_192_64_0p5_0p02_0048_0001.uasset" 4787
"../../../Engine/Content/EngineMaterials/Substrate/GLints/dict_16_192_64_0p5_0p02_0048_0003.uasset" 4788
"../../../Engine/Content/EngineMaterials/Substrate/GLints/dict_16_192_64_0p5_0p02_0047_0013.uasset" 4789
"../../../Engine/Content/EngineMaterials/Substrate/GLints/dict_16_192_64_0p5_0p02_0047_0011.uasset" 4790
"../../../Engine/Content/EngineMaterials/Substrate/GLints/dict_16_192_64_0p5_0p02_0047_0010.uasset" 4791
"../../../Engine/Content/EngineMaterials/Substrate/GLints/dict_16_192_64_0p5_0p02_0047_0012.uasset" 4792
"../../../Engine/Content/EngineMaterials/Substrate/GLints/dict_16_192_64_0p5_0p02_0047_0014.uasset" 4793
"../../../Engine/Content/EngineMaterials/Substrate/GLints/dict_16_192_64_0p5_0p02_0047_0009.uasset" 4794
"../../../Engine/Content/EngineMaterials/Substrate/GLints/dict_16_192_64_0p5_0p02_0047_0006.uasset" 4795
"../../../Engine/Content/EngineMaterials/Substrate/GLints/dict_16_192_64_0p5_0p02_0047_0004.uasset" 4796
"../../../Engine/Content/EngineMaterials/Substrate/GLints/dict_16_192_64_0p5_0p02_0047_0005.uasset" 4797
"../../../Engine/Content/EngineMaterials/Substrate/GLints/dict_16_192_64_0p5_0p02_0047_0008.uasset" 4798
"../../../Engine/Content/EngineMaterials/Substrate/GLints/dict_16_192_64_0p5_0p02_0047_0003.uasset" 4799
"../../../Engine/Content/EngineMaterials/Substrate/GLints/dict_16_192_64_0p5_0p02_0047_0002.uasset" 4800
"../../../Engine/Content/EngineMaterials/Substrate/GLints/dict_16_192_64_0p5_0p02_0047_0001.uasset" 4801
"../../../Engine/Content/EngineMaterials/Substrate/GLints/dict_16_192_64_0p5_0p02_0047_0007.uasset" 4802
"../../../Engine/Content/EngineMaterials/Substrate/GLints/dict_16_192_64_0p5_0p02_0046_0015.uasset" 4803
"../../../Engine/Content/EngineMaterials/Substrate/GLints/dict_16_192_64_0p5_0p02_0046_0014.uasset" 4804
"../../../Engine/Content/EngineMaterials/Substrate/GLints/dict_16_192_64_0p5_0p02_0047_0000.uasset" 4805
"../../../Engine/Content/EngineMaterials/Substrate/GLints/dict_16_192_64_0p5_0p02_0046_0013.uasset" 4806
"../../../Engine/Content/EngineMaterials/Substrate/GLints/dict_16_192_64_0p5_0p02_0046_0012.uasset" 4807
"../../../Engine/Content/EngineMaterials/Substrate/GLints/dict_16_192_64_0p5_0p02_0046_0008.uasset" 4808
"../../../Engine/Content/EngineMaterials/Substrate/GLints/dict_16_192_64_0p5_0p02_0046_0009.uasset" 4809
"/Engine/EngineMaterials/Substrate/GLints/dict_16_192_64_0p5_0p02_0046_0008" 4810
"/Engine/EngineMaterials/Substrate/GLints/dict_16_192_64_0p5_0p02_0046_0009" 4811
"/Engine/EngineMaterials/Substrate/GLints/dict_16_192_64_0p5_0p02_0046_0012" 4812
"../../../Engine/Content/EngineMaterials/Substrate/GLints/dict_16_192_64_0p5_0p02_0046_0007.uasset" 4813
"/Engine/EngineMaterials/Substrate/GLints/dict_16_192_64_0p5_0p02_0046_0013" 4814
"/Engine/EngineMaterials/Substrate/GLints/dict_16_192_64_0p5_0p02_0046_0014" 4815
"../../../Engine/Content/EngineMaterials/Substrate/GLints/dict_16_192_64_0p5_0p02_0046_0010.uasset" 4816
"/Engine/EngineMaterials/Substrate/GLints/dict_16_192_64_0p5_0p02_0046_0015" 4817
"/Engine/EngineMaterials/Substrate/GLints/dict_16_192_64_0p5_0p02_0047_0000" 4818
"/Engine/EngineMaterials/Substrate/GLints/dict_16_192_64_0p5_0p02_0047_0001" 4819
"/Engine/EngineMaterials/Substrate/GLints/dict_16_192_64_0p5_0p02_0047_0002" 4820
"/Engine/EngineMaterials/Substrate/GLints/dict_16_192_64_0p5_0p02_0047_0003" 4821
"/Engine/EngineMaterials/Substrate/GLints/dict_16_192_64_0p5_0p02_0047_0004" 4822
"/Engine/EngineMaterials/Substrate/GLints/dict_16_192_64_0p5_0p02_0047_0005" 4823
"/Engine/EngineMaterials/Substrate/GLints/dict_16_192_64_0p5_0p02_0047_0006" 4824
"/Engine/EngineMaterials/Substrate/GLints/dict_16_192_64_0p5_0p02_0047_0007" 4825
"/Engine/EngineMaterials/Substrate/GLints/dict_16_192_64_0p5_0p02_0047_0008" 4826
"/Engine/EngineMaterials/Substrate/GLints/dict_16_192_64_0p5_0p02_0047_0009" 4827
"/Engine/EngineMaterials/Substrate/GLints/dict_16_192_64_0p5_0p02_0047_0010" 4828
"/Engine/EngineMaterials/Substrate/GLints/dict_16_192_64_0p5_0p02_0047_0011" 4829
"/Engine/EngineMaterials/Substrate/GLints/dict_16_192_64_0p5_0p02_0047_0012" 4830
"/Engine/EngineMaterials/Substrate/GLints/dict_16_192_64_0p5_0p02_0047_0013" 4831
"/Engine/EngineMaterials/Substrate/GLints/dict_16_192_64_0p5_0p02_0047_0014" 4832
"../../../Engine/Content/EngineMaterials/Substrate/GLints/dict_16_192_64_0p5_0p02_0046_0006.uasset" 4833
"../../../Engine/Content/EngineMaterials/Substrate/GLints/dict_16_192_64_0p5_0p02_0046_0005.uasset" 4834
"../../../Engine/Content/EngineMaterials/Substrate/GLints/dict_16_192_64_0p5_0p02_0046_0011.uasset" 4835
"/Engine/EngineMaterials/Substrate/GLints/dict_16_192_64_0p5_0p02_0047_0015" 4836
"/Engine/EngineMaterials/Substrate/GLints/dict_16_192_64_0p5_0p02_0048_0000" 4837
"/Engine/EngineMaterials/Substrate/GLints/dict_16_192_64_0p5_0p02_0048_0001" 4838
"/Engine/EngineMaterials/Substrate/GLints/dict_16_192_64_0p5_0p02_0048_0002" 4839
"/Engine/EngineMaterials/Substrate/GLints/dict_16_192_64_0p5_0p02_0048_0003" 4840
"/Engine/EngineMaterials/Substrate/GLints/dict_16_192_64_0p5_0p02_0048_0004" 4841
"/Engine/EngineMaterials/Substrate/GLints/dict_16_192_64_0p5_0p02_0046_0005" 4842
"/Engine/EngineMaterials/Substrate/GLints/dict_16_192_64_0p5_0p02_0046_0006" 4843
"/Engine/EngineMaterials/Substrate/GLints/dict_16_192_64_0p5_0p02_0046_0007" 4844
"/Engine/EngineMaterials/Substrate/GLints/dict_16_192_64_0p5_0p02_0046_0010" 4845
"/Engine/EngineMaterials/Substrate/GLints/dict_16_192_64_0p5_0p02_0046_0011" 4846
"../../../Engine/Content/EngineMaterials/Substrate/GLints/dict_16_192_64_0p5_0p02_0046_0002.uasset" 4847
"../../../Engine/Content/EngineMaterials/Substrate/GLints/dict_16_192_64_0p5_0p02_0046_0004.uasset" 4848
"../../../Engine/Content/EngineMaterials/Substrate/GLints/dict_16_192_64_0p5_0p02_0046_0003.uasset" 4849
"/Engine/EngineMaterials/Substrate/GLints/dict_16_192_64_0p5_0p02_0046_0002" 4850
"/Engine/EngineMaterials/Substrate/GLints/dict_16_192_64_0p5_0p02_0046_0003" 4851
"../../../Engine/Content/EngineMaterials/Substrate/GLints/dict_16_192_64_0p5_0p02_0046_0001.uasset" 4852
"/Engine/EngineMaterials/Substrate/GLints/dict_16_192_64_0p5_0p02_0046_0004" 4853
"/Engine/EngineMaterials/Substrate/GLints/dict_16_192_64_0p5_0p02_0046_0001" 4854
"../../../Engine/Content/EngineMaterials/Substrate/GLints/dict_16_192_64_0p5_0p02_0045_0015.uasset" 4855
"/Engine/EngineMaterials/Substrate/GLints/dict_16_192_64_0p5_0p02_0045_0015" 4856
"../../../Engine/Content/EngineMaterials/Substrate/GLints/dict_16_192_64_0p5_0p02_0045_0014.uasset" 4857
"../../../Engine/Content/EngineMaterials/Substrate/GLints/dict_16_192_64_0p5_0p02_0046_0000.uasset" 4858
"../../../Engine/Content/EngineMaterials/Substrate/GLints/dict_16_192_64_0p5_0p02_0045_0013.uasset" 4859
"/Engine/EngineMaterials/Substrate/GLints/dict_16_192_64_0p5_0p02_0045_0013" 4860
"/Engine/EngineMaterials/Substrate/GLints/dict_16_192_64_0p5_0p02_0045_0014" 4861
"../../../Engine/Content/EngineMaterials/Substrate/GLints/dict_16_192_64_0p5_0p02_0045_0010.uasset" 4862
"/Engine/EngineMaterials/Substrate/GLints/dict_16_192_64_0p5_0p02_0046_0000" 4863
"/Engine/EngineMaterials/Substrate/GLints/dict_16_192_64_0p5_0p02_0045_0010" 4864
"../../../Engine/Content/EngineMaterials/Substrate/GLints/dict_16_192_64_0p5_0p02_0045_0012.uasset" 4865
"/Engine/EngineMaterials/Substrate/GLints/dict_16_192_64_0p5_0p02_0045_0012" 4866
"../../../Engine/Content/EngineMaterials/Substrate/GLints/dict_16_192_64_0p5_0p02_0045_0011.uasset" 4867
"../../../Engine/Content/EngineMaterials/Substrate/GLints/dict_16_192_64_0p5_0p02_0045_0009.uasset" 4868
"../../../Engine/Content/EngineMaterials/Substrate/GLints/dict_16_192_64_0p5_0p02_0045_0008.uasset" 4869
"/Engine/EngineMaterials/Substrate/GLints/dict_16_192_64_0p5_0p02_0045_0008" 4870
"/Engine/EngineMaterials/Substrate/GLints/dict_16_192_64_0p5_0p02_0045_0009" 4871
"../../../Engine/Content/EngineMaterials/Substrate/GLints/dict_16_192_64_0p5_0p02_0045_0007.uasset" 4872
"../../../Engine/Content/EngineMaterials/Substrate/GLints/dict_16_192_64_0p5_0p02_0045_0006.uasset" 4873
"../../../Engine/Content/EngineMaterials/Substrate/GLints/dict_16_192_64_0p5_0p02_0045_0005.uasset" 4874
"/Engine/EngineMaterials/Substrate/GLints/dict_16_192_64_0p5_0p02_0045_0011" 4875
"/Engine/EngineMaterials/Substrate/GLints/dict_16_192_64_0p5_0p02_0045_0005" 4876
"/Engine/EngineMaterials/Substrate/GLints/dict_16_192_64_0p5_0p02_0045_0006" 4877
"/Engine/EngineMaterials/Substrate/GLints/dict_16_192_64_0p5_0p02_0045_0007" 4878
"../../../Engine/Content/EngineMaterials/Substrate/GLints/dict_16_192_64_0p5_0p02_0045_0004.uasset" 4879
"../../../Engine/Content/EngineMaterials/Substrate/GLints/dict_16_192_64_0p5_0p02_0045_0003.uasset" 4880
"../../../Engine/Content/EngineMaterials/Substrate/GLints/dict_16_192_64_0p5_0p02_0045_0001.uasset" 4881
"../../../Engine/Content/EngineMaterials/Substrate/GLints/dict_16_192_64_0p5_0p02_0045_0000.uasset" 4882
"../../../Engine/Content/EngineMaterials/Substrate/GLints/dict_16_192_64_0p5_0p02_0045_0002.uasset" 4883
"/Engine/EngineMaterials/Substrate/GLints/dict_16_192_64_0p5_0p02_0045_0000" 4884
"/Engine/EngineMaterials/Substrate/GLints/dict_16_192_64_0p5_0p02_0045_0001" 4885
"../../../Engine/Content/EngineMaterials/Substrate/GLints/dict_16_192_64_0p5_0p02_0044_0015.uasset" 4886
"/Engine/EngineMaterials/Substrate/GLints/dict_16_192_64_0p5_0p02_0045_0002" 4887
"/Engine/EngineMaterials/Substrate/GLints/dict_16_192_64_0p5_0p02_0045_0003" 4888
"/Engine/EngineMaterials/Substrate/GLints/dict_16_192_64_0p5_0p02_0045_0004" 4889
"../../../Engine/Content/EngineMaterials/Substrate/GLints/dict_16_192_64_0p5_0p02_0044_0013.uasset" 4890
"/Engine/EngineMaterials/Substrate/GLints/dict_16_192_64_0p5_0p02_0044_0015" 4891
"../../../Engine/Content/EngineMaterials/Substrate/GLints/dict_16_192_64_0p5_0p02_0044_0014.uasset" 4892
"/Engine/EngineMaterials/Substrate/GLints/dict_16_192_64_0p5_0p02_0044_0013" 4893
"/Engine/EngineMaterials/Substrate/GLints/dict_16_192_64_0p5_0p02_0044_0014" 4894
"../../../Engine/Content/EngineMaterials/Substrate/GLints/dict_16_192_64_0p5_0p02_0044_0010.uasset" 4895
"../../../Engine/Content/EngineMaterials/Substrate/GLints/dict_16_192_64_0p5_0p02_0044_0011.uasset" 4896
"/Engine/EngineMaterials/Substrate/GLints/dict_16_192_64_0p5_0p02_0044_0010" 4897
"../../../Engine/Content/EngineMaterials/Substrate/GLints/dict_16_192_64_0p5_0p02_0044_0012.uasset" 4898
"/Engine/EngineMaterials/Substrate/GLints/dict_16_192_64_0p5_0p02_0044_0011" 4899
"/Engine/EngineMaterials/Substrate/GLints/dict_16_192_64_0p5_0p02_0044_0012" 4900
"../../../Engine/Content/EngineMaterials/Substrate/GLints/dict_16_192_64_0p5_0p02_0044_0009.uasset" 4901
"../../../Engine/Content/EngineMaterials/Substrate/GLints/dict_16_192_64_0p5_0p02_0044_0007.uasset" 4902
"../../../Engine/Content/EngineMaterials/Substrate/GLints/dict_16_192_64_0p5_0p02_0044_0008.uasset" 4903
"../../../Engine/Content/EngineMaterials/Substrate/GLints/dict_16_192_64_0p5_0p02_0044_0006.uasset" 4904
"../../../Engine/Content/EngineMaterials/Substrate/GLints/dict_16_192_64_0p5_0p02_0044_0005.uasset" 4905
"/Engine/EngineMaterials/Substrate/GLints/dict_16_192_64_0p5_0p02_0044_0005" 4906
"../../../Engine/Content/EngineMaterials/Substrate/GLints/dict_16_192_64_0p5_0p02_0044_0003.uasset" 4907
"../../../Engine/Content/EngineMaterials/Substrate/GLints/dict_16_192_64_0p5_0p02_0044_0001.uasset" 4908
"../../../Engine/Content/EngineMaterials/Substrate/GLints/dict_16_192_64_0p5_0p02_0044_0002.uasset" 4909
"/Engine/EngineMaterials/Substrate/GLints/dict_16_192_64_0p5_0p02_0044_0006" 4910
"../../../Engine/Content/EngineMaterials/Substrate/GLints/dict_16_192_64_0p5_0p02_0044_0004.uasset" 4911
"/Engine/EngineMaterials/Substrate/GLints/dict_16_192_64_0p5_0p02_0044_0007" 4912
"../../../Engine/Content/EngineMaterials/Substrate/GLints/dict_16_192_64_0p5_0p02_0044_0000.uasset" 4913
"/Engine/EngineMaterials/Substrate/GLints/dict_16_192_64_0p5_0p02_0044_0008" 4914
"../../../Engine/Content/EngineMaterials/Substrate/GLints/dict_16_192_64_0p5_0p02_0043_0015.uasset" 4915
"/Engine/EngineMaterials/Substrate/GLints/dict_16_192_64_0p5_0p02_0044_0009" 4916
"/Engine/EngineMaterials/Substrate/GLints/dict_16_192_64_0p5_0p02_0044_0000" 4917
"/Engine/EngineMaterials/Substrate/GLints/dict_16_192_64_0p5_0p02_0043_0015" 4918
"/Engine/EngineMaterials/Substrate/GLints/dict_16_192_64_0p5_0p02_0044_0001" 4919
"/Engine/EngineMaterials/Substrate/GLints/dict_16_192_64_0p5_0p02_0044_0002" 4920
"/Engine/EngineMaterials/Substrate/GLints/dict_16_192_64_0p5_0p02_0044_0003" 4921
"/Engine/EngineMaterials/Substrate/GLints/dict_16_192_64_0p5_0p02_0044_0004" 4922
"../../../Engine/Content/EngineMaterials/Substrate/GLints/dict_16_192_64_0p5_0p02_0043_0014.uasset" 4923
"../../../Engine/Content/EngineMaterials/Substrate/GLints/dict_16_192_64_0p5_0p02_0043_0013.uasset" 4924
"../../../Engine/Content/EngineMaterials/Substrate/GLints/dict_16_192_64_0p5_0p02_0043_0010.uasset" 4925
"/Engine/EngineMaterials/Substrate/GLints/dict_16_192_64_0p5_0p02_0043_0014" 4926
"/Engine/EngineMaterials/Substrate/GLints/dict_16_192_64_0p5_0p02_0043_0010" 4927
"/Engine/EngineMaterials/Substrate/GLints/dict_16_192_64_0p5_0p02_0043_0013" 4928
"../../../Engine/Content/EngineMaterials/Substrate/GLints/dict_16_192_64_0p5_0p02_0043_0012.uasset" 4929
"../../../Engine/Content/EngineMaterials/Substrate/GLints/dict_16_192_64_0p5_0p02_0043_0011.uasset" 4930
"../../../Engine/Content/EngineMaterials/Substrate/GLints/dict_16_192_64_0p5_0p02_0043_0009.uasset" 4931
"../../../Engine/Content/EngineMaterials/Substrate/GLints/dict_16_192_64_0p5_0p02_0043_0006.uasset" 4932
"../../../Engine/Content/EngineMaterials/Substrate/GLints/dict_16_192_64_0p5_0p02_0043_0007.uasset" 4933
"../../../Engine/Content/EngineMaterials/Substrate/GLints/dict_16_192_64_0p5_0p02_0043_0008.uasset" 4934
"../../../Engine/Content/EngineMaterials/Substrate/GLints/dict_16_192_64_0p5_0p02_0043_0005.uasset" 4935
"/Engine/EngineMaterials/Substrate/GLints/dict_16_192_64_0p5_0p02_0043_0006" 4936
"/Engine/EngineMaterials/Substrate/GLints/dict_16_192_64_0p5_0p02_0043_0007" 4937
"/Engine/EngineMaterials/Substrate/GLints/dict_16_192_64_0p5_0p02_0043_0008" 4938
"/Engine/EngineMaterials/Substrate/GLints/dict_16_192_64_0p5_0p02_0043_0009" 4939
"/Engine/EngineMaterials/Substrate/GLints/dict_16_192_64_0p5_0p02_0043_0012" 4940
"/Engine/EngineMaterials/Substrate/GLints/dict_16_192_64_0p5_0p02_0043_0011" 4941
"../../../Engine/Content/EngineMaterials/Substrate/GLints/dict_16_192_64_0p5_0p02_0043_0003.uasset" 4942
"/Engine/EngineMaterials/Substrate/GLints/dict_16_192_64_0p5_0p02_0043_0005" 4943
"/Engine/EngineMaterials/Substrate/GLints/dict_16_192_64_0p5_0p02_0043_0003" 4944
"../../../Engine/Content/EngineMaterials/Substrate/GLints/dict_16_192_64_0p5_0p02_0043_0004.uasset" 4945
"../../../Engine/Content/EngineMaterials/Substrate/GLints/dict_16_192_64_0p5_0p02_0043_0002.uasset" 4946
"/Engine/EngineMaterials/Substrate/GLints/dict_16_192_64_0p5_0p02_0043_0004" 4947
"../../../Engine/Content/EngineMaterials/Substrate/GLints/dict_16_192_64_0p5_0p02_0043_0001.uasset" 4948
"../../../Engine/Content/EngineMaterials/Substrate/GLints/dict_16_192_64_0p5_0p02_0043_0000.uasset" 4949
"/Engine/EngineMaterials/Substrate/GLints/dict_16_192_64_0p5_0p02_0043_0001" 4950
"/Engine/EngineMaterials/Substrate/GLints/dict_16_192_64_0p5_0p02_0043_0002" 4951
"/Engine/EngineMaterials/Substrate/GLints/dict_16_192_64_0p5_0p02_0043_0000" 4952
"../../../Engine/Content/EngineMaterials/Substrate/GLints/dict_16_192_64_0p5_0p02_0042_0013.uasset" 4953
"../../../Engine/Content/EngineMaterials/Substrate/GLints/dict_16_192_64_0p5_0p02_0042_0010.uasset" 4954
"../../../Engine/Content/EngineMaterials/Substrate/GLints/dict_16_192_64_0p5_0p02_0042_0014.uasset" 4955
"../../../Engine/Content/EngineMaterials/Substrate/GLints/dict_16_192_64_0p5_0p02_0042_0011.uasset" 4956
"../../../Engine/Content/EngineMaterials/Substrate/GLints/dict_16_192_64_0p5_0p02_0042_0012.uasset" 4957
"../../../Engine/Content/EngineMaterials/Substrate/GLints/dict_16_192_64_0p5_0p02_0042_0015.uasset" 4958
"/Engine/EngineMaterials/Substrate/GLints/dict_16_192_64_0p5_0p02_0042_0011" 4959
"/Engine/EngineMaterials/Substrate/GLints/dict_16_192_64_0p5_0p02_0042_0012" 4960
"/Engine/EngineMaterials/Substrate/GLints/dict_16_192_64_0p5_0p02_0042_0010" 4961
"/Engine/EngineMaterials/Substrate/GLints/dict_16_192_64_0p5_0p02_0042_0013" 4962
"/Engine/EngineMaterials/Substrate/GLints/dict_16_192_64_0p5_0p02_0042_0014" 4963
"/Engine/EngineMaterials/Substrate/GLints/dict_16_192_64_0p5_0p02_0042_0015" 4964
"../../../Engine/Content/EngineMaterials/Substrate/GLints/dict_16_192_64_0p5_0p02_0042_0004.uasset" 4965
"../../../Engine/Content/EngineMaterials/Substrate/GLints/dict_16_192_64_0p5_0p02_0042_0008.uasset" 4966
"../../../Engine/Content/EngineMaterials/Substrate/GLints/dict_16_192_64_0p5_0p02_0042_0005.uasset" 4967
"../../../Engine/Content/EngineMaterials/Substrate/GLints/dict_16_192_64_0p5_0p02_0042_0006.uasset" 4968
"../../../Engine/Content/EngineMaterials/Substrate/GLints/dict_16_192_64_0p5_0p02_0042_0007.uasset" 4969
"../../../Engine/Content/EngineMaterials/Substrate/GLints/dict_16_192_64_0p5_0p02_0042_0009.uasset" 4970
"/Engine/EngineMaterials/Substrate/GLints/dict_16_192_64_0p5_0p02_0042_0005" 4971
"/Engine/EngineMaterials/Substrate/GLints/dict_16_192_64_0p5_0p02_0042_0006" 4972
"/Engine/EngineMaterials/Substrate/GLints/dict_16_192_64_0p5_0p02_0042_0007" 4973
"../../../Engine/Content/EngineMaterials/Substrate/GLints/dict_16_192_64_0p5_0p02_0042_0002.uasset" 4974
"../../../Engine/Content/EngineMaterials/Substrate/GLints/dict_16_192_64_0p5_0p02_0041_0014.uasset" 4975
"../../../Engine/Content/EngineMaterials/Substrate/GLints/dict_16_192_64_0p5_0p02_0042_0001.uasset" 4976
"/Engine/EngineMaterials/Substrate/GLints/dict_16_192_64_0p5_0p02_0042_0008" 4977
"../../../Engine/Content/EngineMaterials/Substrate/GLints/dict_16_192_64_0p5_0p02_0042_0000.uasset" 4978
"../../../Engine/Content/EngineMaterials/Substrate/GLints/dict_16_192_64_0p5_0p02_0041_0015.uasset" 4979
"../../../Engine/Content/EngineMaterials/Substrate/GLints/dict_16_192_64_0p5_0p02_0041_0013.uasset" 4980
"../../../Engine/Content/EngineMaterials/Substrate/GLints/dict_16_192_64_0p5_0p02_0042_0003.uasset" 4981
"/Engine/EngineMaterials/Substrate/GLints/dict_16_192_64_0p5_0p02_0042_0009" 4982
"/Engine/EngineMaterials/Substrate/GLints/dict_16_192_64_0p5_0p02_0042_0004" 4983
"/Engine/EngineMaterials/Substrate/GLints/dict_16_192_64_0p5_0p02_0041_0013" 4984
"/Engine/EngineMaterials/Substrate/GLints/dict_16_192_64_0p5_0p02_0041_0014" 4985
"/Engine/EngineMaterials/Substrate/GLints/dict_16_192_64_0p5_0p02_0041_0015" 4986
"/Engine/EngineMaterials/Substrate/GLints/dict_16_192_64_0p5_0p02_0042_0000" 4987
"/Engine/EngineMaterials/Substrate/GLints/dict_16_192_64_0p5_0p02_0042_0001" 4988
"/Engine/EngineMaterials/Substrate/GLints/dict_16_192_64_0p5_0p02_0042_0002" 4989
"../../../Engine/Content/EngineMaterials/Substrate/GLints/dict_16_192_64_0p5_0p02_0041_0009.uasset" 4990
"../../../Engine/Content/EngineMaterials/Substrate/GLints/dict_16_192_64_0p5_0p02_0041_0008.uasset" 4991
"../../../Engine/Content/EngineMaterials/Substrate/GLints/dict_16_192_64_0p5_0p02_0041_0007.uasset" 4992
"../../../Engine/Content/EngineMaterials/Substrate/GLints/dict_16_192_64_0p5_0p02_0041_0011.uasset" 4993
"../../../Engine/Content/EngineMaterials/Substrate/GLints/dict_16_192_64_0p5_0p02_0041_0012.uasset" 4994
"../../../Engine/Content/EngineMaterials/Substrate/GLints/dict_16_192_64_0p5_0p02_0041_0010.uasset" 4995
"/Engine/EngineMaterials/Substrate/GLints/dict_16_192_64_0p5_0p02_0041_0007" 4996
"/Engine/EngineMaterials/Substrate/GLints/dict_16_192_64_0p5_0p02_0041_0008" 4997
"/Engine/EngineMaterials/Substrate/GLints/dict_16_192_64_0p5_0p02_0041_0009" 4998
"/Engine/EngineMaterials/Substrate/GLints/dict_16_192_64_0p5_0p02_0041_0010" 4999
"/Engine/EngineMaterials/Substrate/GLints/dict_16_192_64_0p5_0p02_0041_0012" 5000
"/Engine/EngineMaterials/Substrate/GLints/dict_16_192_64_0p5_0p02_0041_0011" 5001
"/Engine/EngineMaterials/Substrate/GLints/dict_16_192_64_0p5_0p02_0042_0003" 5002
"../../../Engine/Content/EngineMaterials/Substrate/GLints/dict_16_192_64_0p5_0p02_0041_0000.uasset" 5003
"../../../Engine/Content/EngineMaterials/Substrate/GLints/dict_16_192_64_0p5_0p02_0040_0015.uasset" 5004
"../../../Engine/Content/EngineMaterials/Substrate/GLints/dict_16_192_64_0p5_0p02_0041_0005.uasset" 5005
"../../../Engine/Content/EngineMaterials/Substrate/GLints/dict_16_192_64_0p5_0p02_0041_0001.uasset" 5006
"/Engine/EngineMaterials/Substrate/GLints/dict_16_192_64_0p5_0p02_0041_0000" 5007
"/Engine/EngineMaterials/Substrate/GLints/dict_16_192_64_0p5_0p02_0040_0015" 5008
"/Engine/EngineMaterials/Substrate/GLints/dict_16_192_64_0p5_0p02_0041_0001" 5009
"/Engine/EngineMaterials/Substrate/GLints/dict_16_192_64_0p5_0p02_0041_0005" 5010
"../../../Engine/Content/EngineMaterials/Substrate/GLints/dict_16_192_64_0p5_0p02_0041_0004.uasset" 5011
"../../../Engine/Content/EngineMaterials/Substrate/GLints/dict_16_192_64_0p5_0p02_0041_0003.uasset" 5012
"../../../Engine/Content/EngineMaterials/Substrate/GLints/dict_16_192_64_0p5_0p02_0041_0002.uasset" 5013
"../../../Engine/Content/EngineMaterials/Substrate/GLints/dict_16_192_64_0p5_0p02_0040_0009.uasset" 5014
"../../../Engine/Content/EngineMaterials/Substrate/GLints/dict_16_192_64_0p5_0p02_0040_0014.uasset" 5015
"../../../Engine/Content/EngineMaterials/Substrate/GLints/dict_16_192_64_0p5_0p02_0040_0011.uasset" 5016
"../../../Engine/Content/EngineMaterials/Substrate/GLints/dict_16_192_64_0p5_0p02_0040_0012.uasset" 5017
"../../../Engine/Content/EngineMaterials/Substrate/GLints/dict_16_192_64_0p5_0p02_0040_0013.uasset" 5018
"/Engine/EngineMaterials/Substrate/GLints/dict_16_192_64_0p5_0p02_0040_0011" 5019
"../../../Engine/Content/EngineMaterials/Substrate/GLints/dict_16_192_64_0p5_0p02_0040_0010.uasset" 5020
"/Engine/EngineMaterials/Substrate/GLints/dict_16_192_64_0p5_0p02_0040_0012" 5021
"/Engine/EngineMaterials/Substrate/GLints/dict_16_192_64_0p5_0p02_0040_0013" 5022
"/Engine/EngineMaterials/Substrate/GLints/dict_16_192_64_0p5_0p02_0040_0014" 5023
"/Engine/EngineMaterials/Substrate/GLints/dict_16_192_64_0p5_0p02_0041_0002" 5024
"/Engine/EngineMaterials/Substrate/GLints/dict_16_192_64_0p5_0p02_0041_0004" 5025
"/Engine/EngineMaterials/Substrate/GLints/dict_16_192_64_0p5_0p02_0041_0003" 5026
"/Engine/EngineMaterials/Substrate/GLints/dict_16_192_64_0p5_0p02_0040_0009" 5027
"/Engine/EngineMaterials/Substrate/GLints/dict_16_192_64_0p5_0p02_0040_0010" 5028
"../../../Engine/Content/EngineMaterials/Substrate/GLints/dict_16_192_64_0p5_0p02_0040_0005.uasset" 5029
"../../../Engine/Content/EngineMaterials/Substrate/GLints/dict_16_192_64_0p5_0p02_0040_0003.uasset" 5030
"../../../Engine/Content/EngineMaterials/Substrate/GLints/dict_16_192_64_0p5_0p02_0040_0008.uasset" 5031
"../../../Engine/Content/EngineMaterials/Substrate/GLints/dict_16_192_64_0p5_0p02_0040_0007.uasset" 5032
"../../../Engine/Content/EngineMaterials/Substrate/GLints/dict_16_192_64_0p5_0p02_0040_0006.uasset" 5033
"../../../Engine/Content/EngineMaterials/Substrate/GLints/dict_16_192_64_0p5_0p02_0040_0004.uasset" 5034
"../../../Engine/Content/EngineMaterials/Substrate/GLints/dict_16_192_64_0p5_0p02_0040_0002.uasset" 5035
"/Engine/EngineMaterials/Substrate/GLints/dict_16_192_64_0p5_0p02_0040_0004" 5036
"../../../Engine/Content/EngineMaterials/Substrate/GLints/dict_16_192_64_0p5_0p02_0040_0000.uasset" 5037
"../../../Engine/Content/EngineMaterials/Substrate/GLints/dict_16_192_64_0p5_0p02_0039_0012.uasset" 5038
"../../../Engine/Content/EngineMaterials/Substrate/GLints/dict_16_192_64_0p5_0p02_0040_0001.uasset" 5039
"../../../Engine/Content/EngineMaterials/Substrate/GLints/dict_16_192_64_0p5_0p02_0039_0013.uasset" 5040
"/Engine/EngineMaterials/Substrate/GLints/dict_16_192_64_0p5_0p02_0040_0005" 5041
"../../../Engine/Content/EngineMaterials/Substrate/GLints/dict_16_192_64_0p5_0p02_0039_0014.uasset" 5042
"/Engine/EngineMaterials/Substrate/GLints/dict_16_192_64_0p5_0p02_0040_0006" 5043
"../../../Engine/Content/EngineMaterials/Substrate/GLints/dict_16_192_64_0p5_0p02_0039_0015.uasset" 5044
"/Engine/EngineMaterials/Substrate/GLints/dict_16_192_64_0p5_0p02_0040_0007" 5045
"/Engine/EngineMaterials/Substrate/GLints/dict_16_192_64_0p5_0p02_0040_0008" 5046
"/Engine/EngineMaterials/Substrate/GLints/dict_16_192_64_0p5_0p02_0040_0002" 5047
"/Engine/EngineMaterials/Substrate/GLints/dict_16_192_64_0p5_0p02_0040_0003" 5048
"../../../Engine/Content/EngineMaterials/Substrate/GLints/dict_16_192_64_0p5_0p02_0039_0011.uasset" 5049
"/Engine/EngineMaterials/Substrate/GLints/dict_16_192_64_0p5_0p02_0039_0011" 5050
"/Engine/EngineMaterials/Substrate/GLints/dict_16_192_64_0p5_0p02_0039_0012" 5051
"/Engine/EngineMaterials/Substrate/GLints/dict_16_192_64_0p5_0p02_0039_0014" 5052
"../../../Engine/Content/EngineMaterials/Substrate/GLints/dict_16_192_64_0p5_0p02_0039_0010.uasset" 5053
"../../../Engine/Content/EngineMaterials/Substrate/GLints/dict_16_192_64_0p5_0p02_0039_0008.uasset" 5054
"../../../Engine/Content/EngineMaterials/Substrate/GLints/dict_16_192_64_0p5_0p02_0039_0009.uasset" 5055
"/Engine/EngineMaterials/Substrate/GLints/dict_16_192_64_0p5_0p02_0039_0015" 5056
"/Engine/EngineMaterials/Substrate/GLints/dict_16_192_64_0p5_0p02_0040_0000" 5057
"/Engine/EngineMaterials/Substrate/GLints/dict_16_192_64_0p5_0p02_0040_0001" 5058
"/Engine/EngineMaterials/Substrate/GLints/dict_16_192_64_0p5_0p02_0039_0013" 5059
"../../../Engine/Content/EngineMaterials/Substrate/GLints/dict_16_192_64_0p5_0p02_0039_0006.uasset" 5060
"/Engine/EngineMaterials/Substrate/GLints/dict_16_192_64_0p5_0p02_0039_0006" 5061
"../../../Engine/Content/EngineMaterials/Substrate/GLints/dict_16_192_64_0p5_0p02_0039_0003.uasset" 5062
"../../../Engine/Content/EngineMaterials/Substrate/GLints/dict_16_192_64_0p5_0p02_0039_0002.uasset" 5063
"../../../Engine/Content/EngineMaterials/Substrate/GLints/dict_16_192_64_0p5_0p02_0039_0007.uasset" 5064
"../../../Engine/Content/EngineMaterials/Substrate/GLints/dict_16_192_64_0p5_0p02_0039_0001.uasset" 5065
"/Engine/EngineMaterials/Substrate/GLints/dict_16_192_64_0p5_0p02_0039_0008" 5066
"/Engine/EngineMaterials/Substrate/GLints/dict_16_192_64_0p5_0p02_0039_0009" 5067
"/Engine/EngineMaterials/Substrate/GLints/dict_16_192_64_0p5_0p02_0039_0010" 5068
"../../../Engine/Content/EngineMaterials/Substrate/GLints/dict_16_192_64_0p5_0p02_0039_0000.uasset" 5069
"/Engine/EngineMaterials/Substrate/GLints/dict_16_192_64_0p5_0p02_0039_0003" 5070
"/Engine/EngineMaterials/Substrate/GLints/dict_16_192_64_0p5_0p02_0039_0000" 5071
"/Engine/EngineMaterials/Substrate/GLints/dict_16_192_64_0p5_0p02_0039_0001" 5072
"/Engine/EngineMaterials/Substrate/GLints/dict_16_192_64_0p5_0p02_0039_0007" 5073
"/Engine/EngineMaterials/Substrate/GLints/dict_16_192_64_0p5_0p02_0039_0002" 5074
"../../../Engine/Content/EngineMaterials/Substrate/GLints/dict_16_192_64_0p5_0p02_0038_0015.uasset" 5075
"../../../Engine/Content/EngineMaterials/Substrate/GLints/dict_16_192_64_0p5_0p02_0039_0004.uasset" 5076
"../../../Engine/Content/EngineMaterials/Substrate/GLints/dict_16_192_64_0p5_0p02_0038_0014.uasset" 5077
"../../../Engine/Content/EngineMaterials/Substrate/GLints/dict_16_192_64_0p5_0p02_0038_0011.uasset" 5078
"../../../Engine/Content/EngineMaterials/Substrate/GLints/dict_16_192_64_0p5_0p02_0038_0013.uasset" 5079
"../../../Engine/Content/EngineMaterials/Substrate/GLints/dict_16_192_64_0p5_0p02_0038_0012.uasset" 5080
"../../../Engine/Content/EngineMaterials/Substrate/GLints/dict_16_192_64_0p5_0p02_0039_0005.uasset" 5081
"../../../Engine/Content/EngineMaterials/Substrate/GLints/dict_16_192_64_0p5_0p02_0038_0010.uasset" 5082
"../../../Engine/Content/EngineMaterials/Substrate/GLints/dict_16_192_64_0p5_0p02_0038_0009.uasset" 5083
"/Engine/EngineMaterials/Substrate/GLints/dict_16_192_64_0p5_0p02_0038_0010" 5084
"../../../Engine/Content/EngineMaterials/Substrate/GLints/dict_16_192_64_0p5_0p02_0038_0008.uasset" 5085
"/Engine/EngineMaterials/Substrate/GLints/dict_16_192_64_0p5_0p02_0038_0011" 5086
"../../../Engine/Content/EngineMaterials/Substrate/GLints/dict_16_192_64_0p5_0p02_0038_0007.uasset" 5087
"/Engine/EngineMaterials/Substrate/GLints/dict_16_192_64_0p5_0p02_0038_0012" 5088
"/Engine/EngineMaterials/Substrate/GLints/dict_16_192_64_0p5_0p02_0038_0013" 5089
"/Engine/EngineMaterials/Substrate/GLints/dict_16_192_64_0p5_0p02_0038_0014" 5090
"../../../Engine/Content/EngineMaterials/Substrate/GLints/dict_16_192_64_0p5_0p02_0038_0004.uasset" 5091
"/Engine/EngineMaterials/Substrate/GLints/dict_16_192_64_0p5_0p02_0039_0004" 5092
"/Engine/EngineMaterials/Substrate/GLints/dict_16_192_64_0p5_0p02_0038_0015" 5093
"../../../Engine/Content/EngineMaterials/Substrate/GLints/dict_16_192_64_0p5_0p02_0038_0005.uasset" 5094
"../../../Engine/Content/EngineMaterials/Substrate/GLints/dict_16_192_64_0p5_0p02_0038_0003.uasset" 5095
"/Engine/EngineMaterials/Substrate/GLints/dict_16_192_64_0p5_0p02_0039_0005" 5096
"/Engine/EngineMaterials/Substrate/GLints/dict_16_192_64_0p5_0p02_0038_0009" 5097
"/Engine/EngineMaterials/Substrate/GLints/dict_16_192_64_0p5_0p02_0038_0004" 5098
"/Engine/EngineMaterials/Substrate/GLints/dict_16_192_64_0p5_0p02_0038_0005" 5099
"../../../Engine/Content/EngineMaterials/Substrate/GLints/dict_16_192_64_0p5_0p02_0038_0006.uasset" 5100
"/Engine/EngineMaterials/Substrate/GLints/dict_16_192_64_0p5_0p02_0038_0007" 5101
"../../../Engine/Content/EngineMaterials/Substrate/GLints/dict_16_192_64_0p5_0p02_0038_0001.uasset" 5102
"/Engine/EngineMaterials/Substrate/GLints/dict_16_192_64_0p5_0p02_0038_0008" 5103
"/Engine/EngineMaterials/Substrate/GLints/dict_16_192_64_0p5_0p02_0038_0003" 5104
"../../../Engine/Content/EngineMaterials/Substrate/GLints/dict_16_192_64_0p5_0p02_0037_0014.uasset" 5105
"../../../Engine/Content/EngineMaterials/Substrate/GLints/dict_16_192_64_0p5_0p02_0038_0000.uasset" 5106
"/Engine/EngineMaterials/Substrate/GLints/dict_16_192_64_0p5_0p02_0038_0006" 5107
"../../../Engine/Content/EngineMaterials/Substrate/GLints/dict_16_192_64_0p5_0p02_0038_0002.uasset" 5108
"/Engine/EngineMaterials/Substrate/GLints/dict_16_192_64_0p5_0p02_0038_0001" 5109
"../../../Engine/Content/EngineMaterials/Substrate/GLints/dict_16_192_64_0p5_0p02_0037_0015.uasset" 5110
"/Engine/EngineMaterials/Substrate/GLints/dict_16_192_64_0p5_0p02_0037_0014" 5111
"/Engine/EngineMaterials/Substrate/GLints/dict_16_192_64_0p5_0p02_0037_0015" 5112
"/Engine/EngineMaterials/Substrate/GLints/dict_16_192_64_0p5_0p02_0038_0000" 5113
"/Engine/EngineMaterials/Substrate/GLints/dict_16_192_64_0p5_0p02_0038_0002" 5114
"../../../Engine/Content/EngineMaterials/Substrate/GLints/dict_16_192_64_0p5_0p02_0037_0013.uasset" 5115
"../../../Engine/Content/EngineMaterials/Substrate/GLints/dict_16_192_64_0p5_0p02_0037_0008.uasset" 5116
"../../../Engine/Content/EngineMaterials/Substrate/GLints/dict_16_192_64_0p5_0p02_0037_0012.uasset" 5117
"../../../Engine/Content/EngineMaterials/Substrate/GLints/dict_16_192_64_0p5_0p02_0037_0010.uasset" 5118
"../../../Engine/Content/EngineMaterials/Substrate/GLints/dict_16_192_64_0p5_0p02_0037_0011.uasset" 5119
"../../../Engine/Content/EngineMaterials/Substrate/GLints/dict_16_192_64_0p5_0p02_0037_0006.uasset" 5120
"../../../Engine/Content/EngineMaterials/Substrate/GLints/dict_16_192_64_0p5_0p02_0037_0007.uasset" 5121
"../../../Engine/Content/EngineMaterials/Substrate/GLints/dict_16_192_64_0p5_0p02_0037_0009.uasset" 5122
"../../../Engine/Content/EngineMaterials/Substrate/GLints/dict_16_192_64_0p5_0p02_0037_0002.uasset" 5123
"../../../Engine/Content/EngineMaterials/Substrate/GLints/dict_16_192_64_0p5_0p02_0037_0004.uasset" 5124
"../../../Engine/Content/EngineMaterials/Substrate/GLints/dict_16_192_64_0p5_0p02_0037_0005.uasset" 5125
"/Engine/EngineMaterials/Substrate/GLints/dict_16_192_64_0p5_0p02_0037_0008" 5126
"../../../Engine/Content/EngineMaterials/Substrate/GLints/dict_16_192_64_0p5_0p02_0037_0003.uasset" 5127
"/Engine/EngineMaterials/Substrate/GLints/dict_16_192_64_0p5_0p02_0037_0004" 5128
"../../../Engine/Content/EngineMaterials/Substrate/GLints/dict_16_192_64_0p5_0p02_0037_0000.uasset" 5129
"/Engine/EngineMaterials/Substrate/GLints/dict_16_192_64_0p5_0p02_0037_0005" 5130
"../../../Engine/Content/EngineMaterials/Substrate/GLints/dict_16_192_64_0p5_0p02_0037_0001.uasset" 5131
"/Engine/EngineMaterials/Substrate/GLints/dict_16_192_64_0p5_0p02_0037_0006" 5132
"/Engine/EngineMaterials/Substrate/GLints/dict_16_192_64_0p5_0p02_0037_0009" 5133
"/Engine/EngineMaterials/Substrate/GLints/dict_16_192_64_0p5_0p02_0037_0010" 5134
"/Engine/EngineMaterials/Substrate/GLints/dict_16_192_64_0p5_0p02_0037_0011" 5135
"../../../Engine/Content/EngineMaterials/Substrate/GLints/dict_16_192_64_0p5_0p02_0036_0015.uasset" 5136
"../../../Engine/Content/EngineMaterials/Substrate/GLints/dict_16_192_64_0p5_0p02_0036_0013.uasset" 5137
"../../../Engine/Content/EngineMaterials/Substrate/GLints/dict_16_192_64_0p5_0p02_0036_0014.uasset" 5138
"../../../Engine/Content/EngineMaterials/Substrate/GLints/dict_16_192_64_0p5_0p02_0036_0011.uasset" 5139
"../../../Engine/Content/EngineMaterials/Substrate/GLints/dict_16_192_64_0p5_0p02_0036_0009.uasset" 5140
"../../../Engine/Content/EngineMaterials/Substrate/GLints/dict_16_192_64_0p5_0p02_0036_0010.uasset" 5141
"../../../Engine/Content/EngineMaterials/Substrate/GLints/dict_16_192_64_0p5_0p02_0036_0012.uasset" 5142
"/Engine/EngineMaterials/Substrate/GLints/dict_16_192_64_0p5_0p02_0037_0012" 5143
"/Engine/EngineMaterials/Substrate/GLints/dict_16_192_64_0p5_0p02_0037_0013" 5144
"/Engine/EngineMaterials/Substrate/GLints/dict_16_192_64_0p5_0p02_0037_0002" 5145
"/Engine/EngineMaterials/Substrate/GLints/dict_16_192_64_0p5_0p02_0037_0007" 5146
"../../../Engine/Content/EngineMaterials/Substrate/GLints/dict_16_192_64_0p5_0p02_0036_0008.uasset" 5147
"/Engine/EngineMaterials/Substrate/GLints/dict_16_192_64_0p5_0p02_0036_0010" 5148
"../../../Engine/Content/EngineMaterials/Substrate/GLints/dict_16_192_64_0p5_0p02_0036_0004.uasset" 5149
"../../../Engine/Content/EngineMaterials/Substrate/GLints/dict_16_192_64_0p5_0p02_0036_0006.uasset" 5150
"../../../Engine/Content/EngineMaterials/Substrate/GLints/dict_16_192_64_0p5_0p02_0036_0007.uasset" 5151
"../../../Engine/Content/EngineMaterials/Substrate/GLints/dict_16_192_64_0p5_0p02_0036_0005.uasset" 5152
"/Engine/EngineMaterials/Substrate/GLints/dict_16_192_64_0p5_0p02_0036_0011" 5153
"/Engine/EngineMaterials/Substrate/GLints/dict_16_192_64_0p5_0p02_0036_0012" 5154
"/Engine/EngineMaterials/Substrate/GLints/dict_16_192_64_0p5_0p02_0036_0013" 5155
"/Engine/EngineMaterials/Substrate/GLints/dict_16_192_64_0p5_0p02_0036_0014" 5156
"../../../Engine/Content/EngineMaterials/Substrate/GLints/dict_16_192_64_0p5_0p02_0036_0002.uasset" 5157
"/Engine/EngineMaterials/Substrate/GLints/dict_16_192_64_0p5_0p02_0037_0003" 5158
"../../../Engine/Content/EngineMaterials/Substrate/GLints/dict_16_192_64_0p5_0p02_0036_0003.uasset" 5159
"../../../Engine/Content/EngineMaterials/Substrate/GLints/dict_16_192_64_0p5_0p02_0036_0001.uasset" 5160
"/Engine/EngineMaterials/Substrate/GLints/dict_16_192_64_0p5_0p02_0036_0015" 5161
"/Engine/EngineMaterials/Substrate/GLints/dict_16_192_64_0p5_0p02_0037_0000" 5162
"../../../Engine/Content/EngineMaterials/Substrate/GLints/dict_16_192_64_0p5_0p02_0035_0013.uasset" 5163
"../../../Engine/Content/EngineMaterials/Substrate/GLints/dict_16_192_64_0p5_0p02_0035_0015.uasset" 5164
"/Engine/EngineMaterials/Substrate/GLints/dict_16_192_64_0p5_0p02_0037_0001" 5165
"/Engine/EngineMaterials/Substrate/GLints/dict_16_192_64_0p5_0p02_0036_0009" 5166
"/Engine/EngineMaterials/Substrate/GLints/dict_16_192_64_0p5_0p02_0036_0003" 5167
"/Engine/EngineMaterials/Substrate/GLints/dict_16_192_64_0p5_0p02_0036_0006" 5168
"/Engine/EngineMaterials/Substrate/GLints/dict_16_192_64_0p5_0p02_0036_0007" 5169
"../../../Engine/Content/EngineMaterials/Substrate/GLints/dict_16_192_64_0p5_0p02_0035_0014.uasset" 5170
"/Engine/EngineMaterials/Substrate/GLints/dict_16_192_64_0p5_0p02_0036_0004" 5171
"../../../Engine/Content/EngineMaterials/Substrate/GLints/dict_16_192_64_0p5_0p02_0035_0011.uasset" 5172
"../../../Engine/Content/EngineMaterials/Substrate/GLints/dict_16_192_64_0p5_0p02_0035_0007.uasset" 5173
"../../../Engine/Content/EngineMaterials/Substrate/GLints/dict_16_192_64_0p5_0p02_0035_0008.uasset" 5174
"../../../Engine/Content/EngineMaterials/Substrate/GLints/dict_16_192_64_0p5_0p02_0035_0010.uasset" 5175
"/Engine/EngineMaterials/Substrate/GLints/dict_16_192_64_0p5_0p02_0036_0008" 5176
"../../../Engine/Content/EngineMaterials/Substrate/GLints/dict_16_192_64_0p5_0p02_0036_0000.uasset" 5177
"/Engine/EngineMaterials/Substrate/GLints/dict_16_192_64_0p5_0p02_0035_0015" 5178
"../../../Engine/Content/EngineMaterials/Substrate/GLints/dict_16_192_64_0p5_0p02_0035_0009.uasset" 5179
"/Engine/EngineMaterials/Substrate/GLints/dict_16_192_64_0p5_0p02_0036_0001" 5180
"../../../Engine/Content/EngineMaterials/Substrate/GLints/dict_16_192_64_0p5_0p02_0041_0006.uasset" 5181
"/Engine/EngineMaterials/Substrate/GLints/dict_16_192_64_0p5_0p02_0036_0005" 5182
"/Engine/EngineMaterials/Substrate/GLints/dict_16_192_64_0p5_0p02_0035_0013" 5183
"/Engine/EngineMaterials/Substrate/GLints/dict_16_192_64_0p5_0p02_0036_0002" 5184
"/Engine/EngineMaterials/Substrate/GLints/dict_16_192_64_0p5_0p02_0041_0006" 5185
"/Engine/EngineMaterials/Substrate/GLints/dict_16_192_64_0p5_0p02_0035_0007" 5186
"/Engine/EngineMaterials/Substrate/GLints/dict_16_192_64_0p5_0p02_0035_0008" 5187
"/Engine/EngineMaterials/Substrate/GLints/dict_16_192_64_0p5_0p02_0035_0009" 5188
"/Engine/EngineMaterials/Substrate/GLints/dict_16_192_64_0p5_0p02_0035_0010" 5189
"/Engine/EngineMaterials/Substrate/GLints/dict_16_192_64_0p5_0p02_0035_0011" 5190
"/Engine/EngineMaterials/Substrate/GLints/dict_16_192_64_0p5_0p02_0036_0000" 5191
"/Engine/EngineMaterials/Substrate/GLints/dict_16_192_64_0p5_0p02_0035_0014" 5192
"../../../Engine/Content/EngineMaterials/Substrate/GLints/dict_16_192_64_0p5_0p02_0035_0006.uasset" 5193
"../../../Engine/Content/EngineMaterials/Substrate/GLints/dict_16_192_64_0p5_0p02_0035_0000.uasset" 5194
"../../../Engine/Content/EngineMaterials/Substrate/GLints/dict_16_192_64_0p5_0p02_0035_0005.uasset" 5195
"../../../Engine/Content/EngineMaterials/Substrate/GLints/dict_16_192_64_0p5_0p02_0035_0003.uasset" 5196
"../../../Engine/Content/EngineMaterials/Substrate/GLints/dict_16_192_64_0p5_0p02_0035_0001.uasset" 5197
"../../../Engine/Content/EngineMaterials/Substrate/GLints/dict_16_192_64_0p5_0p02_0035_0004.uasset" 5198
"/Engine/EngineMaterials/Substrate/GLints/dict_16_192_64_0p5_0p02_0035_0004" 5199
"../../../Engine/Content/EngineMaterials/Substrate/GLints/dict_16_192_64_0p5_0p02_0034_0014.uasset" 5200
"/Engine/EngineMaterials/Substrate/GLints/dict_16_192_64_0p5_0p02_0035_0000" 5201
"/Engine/EngineMaterials/Substrate/GLints/dict_16_192_64_0p5_0p02_0035_0001" 5202
"../../../Engine/Content/EngineMaterials/Substrate/GLints/dict_16_192_64_0p5_0p02_0034_0011.uasset" 5203
"/Engine/EngineMaterials/Substrate/GLints/dict_16_192_64_0p5_0p02_0035_0005" 5204
"../../../Engine/Content/EngineMaterials/Substrate/GLints/dict_16_192_64_0p5_0p02_0034_0009.uasset" 5205
"../../../Engine/Content/EngineMaterials/Substrate/GLints/dict_16_192_64_0p5_0p02_0034_0010.uasset" 5206
"../../../Engine/Content/EngineMaterials/Substrate/GLints/dict_16_192_64_0p5_0p02_0034_0012.uasset" 5207
"../../../Engine/Content/EngineMaterials/Substrate/GLints/dict_16_192_64_0p5_0p02_0034_0013.uasset" 5208
"/Engine/EngineMaterials/Substrate/GLints/dict_16_192_64_0p5_0p02_0035_0006" 5209
"/Engine/EngineMaterials/Substrate/GLints/dict_16_192_64_0p5_0p02_0035_0003" 5210
"/Engine/EngineMaterials/Substrate/GLints/dict_16_192_64_0p5_0p02_0034_0010" 5211
"/Engine/EngineMaterials/Substrate/GLints/dict_16_192_64_0p5_0p02_0034_0011" 5212
"/Engine/EngineMaterials/Substrate/GLints/dict_16_192_64_0p5_0p02_0034_0012" 5213
"/Engine/EngineMaterials/Substrate/GLints/dict_16_192_64_0p5_0p02_0034_0013" 5214
"/Engine/EngineMaterials/Substrate/GLints/dict_16_192_64_0p5_0p02_0034_0014" 5215
"/Engine/EngineMaterials/Substrate/GLints/dict_16_192_64_0p5_0p02_0034_0009" 5216
"../../../Engine/Content/EngineMaterials/Substrate/GLints/dict_16_192_64_0p5_0p02_0035_0012.uasset" 5217
"../../../Engine/Content/EngineMaterials/Substrate/GLints/dict_16_192_64_0p5_0p02_0034_0003.uasset" 5218
"../../../Engine/Content/EngineMaterials/Substrate/GLints/dict_16_192_64_0p5_0p02_0034_0004.uasset" 5219
"../../../Engine/Content/EngineMaterials/Substrate/GLints/dict_16_192_64_0p5_0p02_0034_0006.uasset" 5220
"../../../Engine/Content/EngineMaterials/Substrate/GLints/dict_16_192_64_0p5_0p02_0034_0007.uasset" 5221
"../../../Engine/Content/EngineMaterials/Substrate/GLints/dict_16_192_64_0p5_0p02_0034_0008.uasset" 5222
"/Engine/EngineMaterials/Substrate/GLints/dict_16_192_64_0p5_0p02_0034_0003" 5223
"/Engine/EngineMaterials/Substrate/GLints/dict_16_192_64_0p5_0p02_0034_0004" 5224
"/Engine/EngineMaterials/Substrate/GLints/dict_16_192_64_0p5_0p02_0035_0012" 5225
"../../../Engine/Content/EngineMaterials/Substrate/GLints/dict_16_192_64_0p5_0p02_0034_0001.uasset" 5226
"/Engine/EngineMaterials/Substrate/GLints/dict_16_192_64_0p5_0p02_0034_0006" 5227
"/Engine/EngineMaterials/Substrate/GLints/dict_16_192_64_0p5_0p02_0034_0007" 5228
"../../../Engine/Content/EngineMaterials/Substrate/GLints/dict_16_192_64_0p5_0p02_0033_0013.uasset" 5229
"../../../Engine/Content/EngineMaterials/Substrate/GLints/dict_16_192_64_0p5_0p02_0034_0000.uasset" 5230
"/Engine/EngineMaterials/Substrate/GLints/dict_16_192_64_0p5_0p02_0034_0008" 5231
"../../../Engine/Content/EngineMaterials/Substrate/GLints/dict_16_192_64_0p5_0p02_0033_0014.uasset" 5232
"../../../Engine/Content/EngineMaterials/Substrate/GLints/dict_16_192_64_0p5_0p02_0033_0015.uasset" 5233
"../../../Engine/Content/EngineMaterials/Substrate/GLints/dict_16_192_64_0p5_0p02_0034_0002.uasset" 5234
"/Engine/EngineMaterials/Substrate/GLints/dict_16_192_64_0p5_0p02_0034_0000" 5235
"/Engine/EngineMaterials/Substrate/GLints/dict_16_192_64_0p5_0p02_0034_0001" 5236
"/Engine/EngineMaterials/Substrate/GLints/dict_16_192_64_0p5_0p02_0034_0002" 5237
"/Engine/EngineMaterials/Substrate/GLints/dict_16_192_64_0p5_0p02_0033_0013" 5238
"/Engine/EngineMaterials/Substrate/GLints/dict_16_192_64_0p5_0p02_0033_0014" 5239
"/Engine/EngineMaterials/Substrate/GLints/dict_16_192_64_0p5_0p02_0033_0015" 5240
"../../../Engine/Content/EngineMaterials/Substrate/GLints/dict_16_192_64_0p5_0p02_0035_0002.uasset" 5241
"/Engine/EngineMaterials/Substrate/GLints/dict_16_192_64_0p5_0p02_0035_0002" 5242
"../../../Engine/Content/EngineMaterials/Substrate/GLints/dict_16_192_64_0p5_0p02_0033_0007.uasset" 5243
"../../../Engine/Content/EngineMaterials/Substrate/GLints/dict_16_192_64_0p5_0p02_0033_0008.uasset" 5244
"../../../Engine/Content/EngineMaterials/Substrate/GLints/dict_16_192_64_0p5_0p02_0033_0010.uasset" 5245
"../../../Engine/Content/EngineMaterials/Substrate/GLints/dict_16_192_64_0p5_0p02_0033_0011.uasset" 5246
"../../../Engine/Content/EngineMaterials/Substrate/GLints/dict_16_192_64_0p5_0p02_0033_0012.uasset" 5247
"../../../Engine/Content/EngineMaterials/Substrate/GLints/dict_16_192_64_0p5_0p02_0033_0009.uasset" 5248
"/Engine/EngineMaterials/Substrate/GLints/dict_16_192_64_0p5_0p02_0033_0008" 5249
"/Engine/EngineMaterials/Substrate/GLints/dict_16_192_64_0p5_0p02_0033_0009" 5250
"/Engine/EngineMaterials/Substrate/GLints/dict_16_192_64_0p5_0p02_0033_0010" 5251
"/Engine/EngineMaterials/Substrate/GLints/dict_16_192_64_0p5_0p02_0033_0011" 5252
"../../../Engine/Content/EngineMaterials/Substrate/GLints/dict_16_192_64_0p5_0p02_0033_0005.uasset" 5253
"/Engine/EngineMaterials/Substrate/GLints/dict_16_192_64_0p5_0p02_0033_0012" 5254
"../../../Engine/Content/EngineMaterials/Substrate/GLints/dict_16_192_64_0p5_0p02_0033_0003.uasset" 5255
"/Engine/EngineMaterials/Substrate/GLints/dict_16_192_64_0p5_0p02_0033_0007" 5256
"/Engine/EngineMaterials/Substrate/GLints/dict_16_192_64_0p5_0p02_0033_0003" 5257
"/Engine/EngineMaterials/Substrate/GLints/dict_16_192_64_0p5_0p02_0033_0005" 5258
"../../../Engine/Content/EngineMaterials/Substrate/GLints/dict_16_192_64_0p5_0p02_0033_0001.uasset" 5259
"../../../Engine/Content/EngineMaterials/Substrate/GLints/dict_16_192_64_0p5_0p02_0033_0002.uasset" 5260
"../../../Engine/Content/EngineMaterials/Substrate/GLints/dict_16_192_64_0p5_0p02_0033_0000.uasset" 5261
"../../../Engine/Content/EngineMaterials/Substrate/GLints/dict_16_192_64_0p5_0p02_0033_0004.uasset" 5262
"../../../Engine/Content/EngineMaterials/Substrate/GLints/dict_16_192_64_0p5_0p02_0034_0015.uasset" 5263
"../../../Engine/Content/EngineMaterials/Substrate/GLints/dict_16_192_64_0p5_0p02_0034_0005.uasset" 5264
"../../../Engine/Content/EngineMaterials/Substrate/GLints/dict_16_192_64_0p5_0p02_0032_0015.uasset" 5265
"../../../Engine/Content/EngineMaterials/Substrate/GLints/dict_16_192_64_0p5_0p02_0032_0013.uasset" 5266
"../../../Engine/Content/EngineMaterials/Substrate/GLints/dict_16_192_64_0p5_0p02_0032_0011.uasset" 5267
"../../../Engine/Content/EngineMaterials/Substrate/GLints/dict_16_192_64_0p5_0p02_0032_0014.uasset" 5268
"../../../Engine/Content/EngineMaterials/Substrate/GLints/dict_16_192_64_0p5_0p02_0032_0012.uasset" 5269
"../../../Engine/Content/EngineMaterials/Substrate/GLints/dict_16_192_64_0p5_0p02_0032_0010.uasset" 5270
"/Engine/EngineMaterials/Substrate/GLints/dict_16_192_64_0p5_0p02_0032_0012" 5271
"/Engine/EngineMaterials/Substrate/GLints/dict_16_192_64_0p5_0p02_0032_0013" 5272
"/Engine/EngineMaterials/Substrate/GLints/dict_16_192_64_0p5_0p02_0032_0014" 5273
"/Engine/EngineMaterials/Substrate/GLints/dict_16_192_64_0p5_0p02_0032_0015" 5274
"/Engine/EngineMaterials/Substrate/GLints/dict_16_192_64_0p5_0p02_0033_0000" 5275
"/Engine/EngineMaterials/Substrate/GLints/dict_16_192_64_0p5_0p02_0034_0015" 5276
"/Engine/EngineMaterials/Substrate/GLints/dict_16_192_64_0p5_0p02_0033_0002" 5277
"/Engine/EngineMaterials/Substrate/GLints/dict_16_192_64_0p5_0p02_0033_0004" 5278
"/Engine/EngineMaterials/Substrate/GLints/dict_16_192_64_0p5_0p02_0034_0005" 5279
"/Engine/EngineMaterials/Substrate/GLints/dict_16_192_64_0p5_0p02_0032_0010" 5280
"/Engine/EngineMaterials/Substrate/GLints/dict_16_192_64_0p5_0p02_0032_0011" 5281
"/Engine/EngineMaterials/Substrate/GLints/dict_16_192_64_0p5_0p02_0033_0001" 5282
"../../../Engine/Content/EngineMaterials/Substrate/GLints/dict_16_192_64_0p5_0p02_0032_0007.uasset" 5283
"../../../Engine/Content/EngineMaterials/Substrate/GLints/dict_16_192_64_0p5_0p02_0032_0002.uasset" 5284
"../../../Engine/Content/EngineMaterials/Substrate/GLints/dict_16_192_64_0p5_0p02_0032_0003.uasset" 5285
"../../../Engine/Content/EngineMaterials/Substrate/GLints/dict_16_192_64_0p5_0p02_0033_0006.uasset" 5286
"../../../Engine/Content/EngineMaterials/Substrate/GLints/dict_16_192_64_0p5_0p02_0032_0005.uasset" 5287
"../../../Engine/Content/EngineMaterials/Substrate/GLints/dict_16_192_64_0p5_0p02_0032_0008.uasset" 5288
"../../../Engine/Content/EngineMaterials/Substrate/GLints/dict_16_192_64_0p5_0p02_0032_0004.uasset" 5289
"/Engine/EngineMaterials/Substrate/GLints/dict_16_192_64_0p5_0p02_0032_0002" 5290
"../../../Engine/Content/EngineMaterials/Substrate/GLints/dict_16_192_64_0p5_0p02_0031_0013.uasset" 5291
"../../../Engine/Content/EngineMaterials/Substrate/GLints/dict_16_192_64_0p5_0p02_0031_0012.uasset" 5292
"/Engine/EngineMaterials/Substrate/GLints/dict_16_192_64_0p5_0p02_0032_0007" 5293
"../../../Engine/Content/EngineMaterials/Substrate/GLints/dict_16_192_64_0p5_0p02_0031_0015.uasset" 5294
"../../../Engine/Content/EngineMaterials/Substrate/GLints/dict_16_192_64_0p5_0p02_0031_0011.uasset" 5295
"../../../Engine/Content/EngineMaterials/Substrate/GLints/dict_16_192_64_0p5_0p02_0032_0001.uasset" 5296
"../../../Engine/Content/EngineMaterials/Substrate/GLints/dict_16_192_64_0p5_0p02_0032_0000.uasset" 5297
"../../../Engine/Content/EngineMaterials/Substrate/GLints/dict_16_192_64_0p5_0p02_0031_0014.uasset" 5298
"/Engine/EngineMaterials/Substrate/GLints/dict_16_192_64_0p5_0p02_0033_0006" 5299
"/Engine/EngineMaterials/Substrate/GLints/dict_16_192_64_0p5_0p02_0032_0003" 5300
"/Engine/EngineMaterials/Substrate/GLints/dict_16_192_64_0p5_0p02_0032_0008" 5301
"/Engine/EngineMaterials/Substrate/GLints/dict_16_192_64_0p5_0p02_0032_0004" 5302
"../../../Engine/Content/EngineMaterials/Substrate/GLints/dict_16_192_64_0p5_0p02_0032_0006.uasset" 5303
"/Engine/EngineMaterials/Substrate/GLints/dict_16_192_64_0p5_0p02_0032_0005" 5304
"/Engine/EngineMaterials/Substrate/GLints/dict_16_192_64_0p5_0p02_0032_0000" 5305
"/Engine/EngineMaterials/Substrate/GLints/dict_16_192_64_0p5_0p02_0032_0001" 5306
"/Engine/EngineMaterials/Substrate/GLints/dict_16_192_64_0p5_0p02_0032_0006" 5307
"../../../Engine/Content/EngineMaterials/Substrate/GLints/dict_16_192_64_0p5_0p02_0031_0008.uasset" 5308
"../../../Engine/Content/EngineMaterials/Substrate/GLints/dict_16_192_64_0p5_0p02_0031_0010.uasset" 5309
"/Engine/EngineMaterials/Substrate/GLints/dict_16_192_64_0p5_0p02_0031_0015" 5310
"../../../Engine/Content/EngineMaterials/Substrate/GLints/dict_16_192_64_0p5_0p02_0031_0007.uasset" 5311
"../../../Engine/Content/EngineMaterials/Substrate/GLints/dict_16_192_64_0p5_0p02_0031_0006.uasset" 5312
"../../../Engine/Content/EngineMaterials/Substrate/GLints/dict_16_192_64_0p5_0p02_0032_0009.uasset" 5313
"/Engine/EngineMaterials/Substrate/GLints/dict_16_192_64_0p5_0p02_0031_0011" 5314
"/Engine/EngineMaterials/Substrate/GLints/dict_16_192_64_0p5_0p02_0031_0012" 5315
"/Engine/EngineMaterials/Substrate/GLints/dict_16_192_64_0p5_0p02_0031_0013" 5316
"/Engine/EngineMaterials/Substrate/GLints/dict_16_192_64_0p5_0p02_0031_0014" 5317
"../../../Engine/Content/EngineMaterials/Substrate/GLints/dict_16_192_64_0p5_0p02_0031_0005.uasset" 5318
"/Engine/EngineMaterials/Substrate/GLints/dict_16_192_64_0p5_0p02_0031_0007" 5319
"/Engine/EngineMaterials/Substrate/GLints/dict_16_192_64_0p5_0p02_0031_0008" 5320
"/Engine/EngineMaterials/Substrate/GLints/dict_16_192_64_0p5_0p02_0031_0010" 5321
"/Engine/EngineMaterials/Substrate/GLints/dict_16_192_64_0p5_0p02_0032_0009" 5322
"/Engine/EngineMaterials/Substrate/GLints/dict_16_192_64_0p5_0p02_0031_0005" 5323
"/Engine/EngineMaterials/Substrate/GLints/dict_16_192_64_0p5_0p02_0031_0006" 5324
"../../../Engine/Content/EngineMaterials/Substrate/GLints/dict_16_192_64_0p5_0p02_0031_0009.uasset" 5325
"../../../Engine/Content/EngineMaterials/Substrate/GLints/dict_16_192_64_0p5_0p02_0031_0004.uasset" 5326
"../../../Engine/Content/EngineMaterials/Substrate/GLints/dict_16_192_64_0p5_0p02_0031_0002.uasset" 5327
"../../../Engine/Content/EngineMaterials/Substrate/GLints/dict_16_192_64_0p5_0p02_0031_0001.uasset" 5328
"../../../Engine/Content/EngineMaterials/Substrate/GLints/dict_16_192_64_0p5_0p02_0030_0015.uasset" 5329
"../../../Engine/Content/EngineMaterials/Substrate/GLints/dict_16_192_64_0p5_0p02_0031_0000.uasset" 5330
"../../../Engine/Content/EngineMaterials/Substrate/GLints/dict_16_192_64_0p5_0p02_0030_0013.uasset" 5331
"../../../Engine/Content/EngineMaterials/Substrate/GLints/dict_16_192_64_0p5_0p02_0031_0003.uasset" 5332
"../../../Engine/Content/EngineMaterials/Substrate/GLints/dict_16_192_64_0p5_0p02_0030_0012.uasset" 5333
"../../../Engine/Content/EngineMaterials/Substrate/GLints/dict_16_192_64_0p5_0p02_0030_0010.uasset" 5334
"../../../Engine/Content/EngineMaterials/Substrate/GLints/dict_16_192_64_0p5_0p02_0030_0009.uasset" 5335
"../../../Engine/Content/EngineMaterials/Substrate/GLints/dict_16_192_64_0p5_0p02_0030_0008.uasset" 5336
"../../../Engine/Content/EngineMaterials/Substrate/GLints/dict_16_192_64_0p5_0p02_0030_0011.uasset" 5337
"../../../Engine/Content/EngineMaterials/Substrate/GLints/dict_16_192_64_0p5_0p02_0030_0014.uasset" 5338
"../../../Engine/Content/EngineMaterials/Substrate/GLints/dict_16_192_64_0p5_0p02_0030_0005.uasset" 5339
"../../../Engine/Content/EngineMaterials/Substrate/GLints/dict_16_192_64_0p5_0p02_0030_0006.uasset" 5340
"../../../Engine/Content/EngineMaterials/Substrate/GLints/dict_16_192_64_0p5_0p02_0030_0004.uasset" 5341
"../../../Engine/Content/EngineMaterials/Substrate/GLints/dict_16_192_64_0p5_0p02_0030_0007.uasset" 5342
"/Engine/EngineMaterials/Substrate/GLints/dict_16_192_64_0p5_0p02_0030_0015" 5343
"/Engine/EngineMaterials/Substrate/GLints/dict_16_192_64_0p5_0p02_0031_0001" 5344
"/Engine/EngineMaterials/Substrate/GLints/dict_16_192_64_0p5_0p02_0031_0002" 5345
"/Engine/EngineMaterials/Substrate/GLints/dict_16_192_64_0p5_0p02_0031_0009" 5346
"/Engine/EngineMaterials/Substrate/GLints/dict_16_192_64_0p5_0p02_0031_0004" 5347
"/Engine/EngineMaterials/Substrate/GLints/dict_16_192_64_0p5_0p02_0030_0004" 5348
"/Engine/EngineMaterials/Substrate/GLints/dict_16_192_64_0p5_0p02_0030_0011" 5349
"/Engine/EngineMaterials/Substrate/GLints/dict_16_192_64_0p5_0p02_0030_0012" 5350
"/Engine/EngineMaterials/Substrate/GLints/dict_16_192_64_0p5_0p02_0030_0005" 5351
"/Engine/EngineMaterials/Substrate/GLints/dict_16_192_64_0p5_0p02_0030_0013" 5352
"/Engine/EngineMaterials/Substrate/GLints/dict_16_192_64_0p5_0p02_0030_0014" 5353
"/Engine/EngineMaterials/Substrate/GLints/dict_16_192_64_0p5_0p02_0031_0000" 5354
"/Engine/EngineMaterials/Substrate/GLints/dict_16_192_64_0p5_0p02_0030_0006" 5355
"/Engine/EngineMaterials/Substrate/GLints/dict_16_192_64_0p5_0p02_0030_0007" 5356
"/Engine/EngineMaterials/Substrate/GLints/dict_16_192_64_0p5_0p02_0030_0008" 5357
"../../../Engine/Content/EngineMaterials/Substrate/GLints/dict_16_192_64_0p5_0p02_0030_0001.uasset" 5358
"/Engine/EngineMaterials/Substrate/GLints/dict_16_192_64_0p5_0p02_0031_0003" 5359
"../../../Engine/Content/EngineMaterials/Substrate/GLints/dict_16_192_64_0p5_0p02_0030_0002.uasset" 5360
"../../../Engine/Content/EngineMaterials/Substrate/GLints/dict_16_192_64_0p5_0p02_0030_0000.uasset" 5361
"../../../Engine/Content/EngineMaterials/Substrate/GLints/dict_16_192_64_0p5_0p02_0030_0003.uasset" 5362
"/Engine/EngineMaterials/Substrate/GLints/dict_16_192_64_0p5_0p02_0030_0009" 5363
"/Engine/EngineMaterials/Substrate/GLints/dict_16_192_64_0p5_0p02_0030_0010" 5364
"/Engine/EngineMaterials/Substrate/GLints/dict_16_192_64_0p5_0p02_0030_0000" 5365
"/Engine/EngineMaterials/Substrate/GLints/dict_16_192_64_0p5_0p02_0030_0001" 5366
"../../../Engine/Content/EngineMaterials/Substrate/GLints/dict_16_192_64_0p5_0p02_0029_0014.uasset" 5367
"../../../Engine/Content/EngineMaterials/Substrate/GLints/dict_16_192_64_0p5_0p02_0029_0011.uasset" 5368
"/Engine/EngineMaterials/Substrate/GLints/dict_16_192_64_0p5_0p02_0030_0002" 5369
"/Engine/EngineMaterials/Substrate/GLints/dict_16_192_64_0p5_0p02_0030_0003" 5370
"/Engine/EngineMaterials/Substrate/GLints/dict_16_192_64_0p5_0p02_0029_0014" 5371
"../../../Engine/Content/EngineMaterials/Substrate/GLints/dict_16_192_64_0p5_0p02_0029_0013.uasset" 5372
"/Engine/EngineMaterials/Substrate/GLints/dict_16_192_64_0p5_0p02_0029_0011" 5373
"/Engine/EngineMaterials/Substrate/GLints/dict_16_192_64_0p5_0p02_0029_0013" 5374
"../../../Engine/Content/EngineMaterials/Substrate/GLints/dict_16_192_64_0p5_0p02_0029_0012.uasset" 5375
"../../../Engine/Content/EngineMaterials/Substrate/GLints/dict_16_192_64_0p5_0p02_0029_0006.uasset" 5376
"../../../Engine/Content/EngineMaterials/Substrate/GLints/dict_16_192_64_0p5_0p02_0029_0010.uasset" 5377
"../../../Engine/Content/EngineMaterials/Substrate/GLints/dict_16_192_64_0p5_0p02_0029_0008.uasset" 5378
"../../../Engine/Content/EngineMaterials/Substrate/GLints/dict_16_192_64_0p5_0p02_0029_0005.uasset" 5379
"../../../Engine/Content/EngineMaterials/Substrate/GLints/dict_16_192_64_0p5_0p02_0029_0004.uasset" 5380
"../../../Engine/Content/EngineMaterials/Substrate/GLints/dict_16_192_64_0p5_0p02_0029_0009.uasset" 5381
"/Engine/EngineMaterials/Substrate/GLints/dict_16_192_64_0p5_0p02_0029_0012" 5382
"/Engine/EngineMaterials/Substrate/GLints/dict_16_192_64_0p5_0p02_0029_0006" 5383
"../../../Engine/Content/EngineMaterials/Substrate/GLints/dict_16_192_64_0p5_0p02_0029_0007.uasset" 5384
"/Engine/EngineMaterials/Substrate/GLints/dict_16_192_64_0p5_0p02_0029_0004" 5385
"/Engine/EngineMaterials/Substrate/GLints/dict_16_192_64_0p5_0p02_0029_0008" 5386
"/Engine/EngineMaterials/Substrate/GLints/dict_16_192_64_0p5_0p02_0029_0009" 5387
"../../../Engine/Content/EngineMaterials/Substrate/GLints/dict_16_192_64_0p5_0p02_0029_0002.uasset" 5388
"../../../Engine/Content/EngineMaterials/Substrate/GLints/dict_16_192_64_0p5_0p02_0029_0000.uasset" 5389
"../../../Engine/Content/EngineMaterials/Substrate/GLints/dict_16_192_64_0p5_0p02_0028_0013.uasset" 5390
"../../../Engine/Content/EngineMaterials/Substrate/GLints/dict_16_192_64_0p5_0p02_0029_0003.uasset" 5391
"/Engine/EngineMaterials/Substrate/GLints/dict_16_192_64_0p5_0p02_0029_0005" 5392
"../../../Engine/Content/EngineMaterials/Substrate/GLints/dict_16_192_64_0p5_0p02_0029_0001.uasset" 5393
"../../../Engine/Content/EngineMaterials/Substrate/GLints/dict_16_192_64_0p5_0p02_0028_0014.uasset" 5394
"/Engine/EngineMaterials/Substrate/GLints/dict_16_192_64_0p5_0p02_0029_0010" 5395
"../../../Engine/Content/EngineMaterials/Substrate/GLints/dict_16_192_64_0p5_0p02_0028_0015.uasset" 5396
"/Engine/EngineMaterials/Substrate/GLints/dict_16_192_64_0p5_0p02_0029_0001" 5397
"/Engine/EngineMaterials/Substrate/GLints/dict_16_192_64_0p5_0p02_0029_0002" 5398
"/Engine/EngineMaterials/Substrate/GLints/dict_16_192_64_0p5_0p02_0029_0003" 5399
"/Engine/EngineMaterials/Substrate/GLints/dict_16_192_64_0p5_0p02_0029_0007" 5400
"/Engine/EngineMaterials/Substrate/GLints/dict_16_192_64_0p5_0p02_0028_0013" 5401
"/Engine/EngineMaterials/Substrate/GLints/dict_16_192_64_0p5_0p02_0028_0014" 5402
"/Engine/EngineMaterials/Substrate/GLints/dict_16_192_64_0p5_0p02_0028_0015" 5403
"/Engine/EngineMaterials/Substrate/GLints/dict_16_192_64_0p5_0p02_0029_0000" 5404
"../../../Engine/Content/EngineMaterials/Substrate/GLints/dict_16_192_64_0p5_0p02_0029_0015.uasset" 5405
"../../../Engine/Content/EngineMaterials/Substrate/GLints/dict_16_192_64_0p5_0p02_0028_0012.uasset" 5406
"../../../Engine/Content/EngineMaterials/Substrate/GLints/dict_16_192_64_0p5_0p02_0028_0010.uasset" 5407
"../../../Engine/Content/EngineMaterials/Substrate/GLints/dict_16_192_64_0p5_0p02_0028_0009.uasset" 5408
"../../../Engine/Content/EngineMaterials/Substrate/GLints/dict_16_192_64_0p5_0p02_0028_0006.uasset" 5409
"../../../Engine/Content/EngineMaterials/Substrate/GLints/dict_16_192_64_0p5_0p02_0028_0007.uasset" 5410
"../../../Engine/Content/EngineMaterials/Substrate/GLints/dict_16_192_64_0p5_0p02_0028_0005.uasset" 5411
"../../../Engine/Content/EngineMaterials/Substrate/GLints/dict_16_192_64_0p5_0p02_0028_0011.uasset" 5412
"../../../Engine/Content/EngineMaterials/Substrate/GLints/dict_16_192_64_0p5_0p02_0028_0008.uasset" 5413
"/Engine/EngineMaterials/Substrate/GLints/dict_16_192_64_0p5_0p02_0028_0005" 5414
"/Engine/EngineMaterials/Substrate/GLints/dict_16_192_64_0p5_0p02_0028_0006" 5415
"../../../Engine/Content/EngineMaterials/Substrate/GLints/dict_16_192_64_0p5_0p02_0027_0015.uasset" 5416
"../../../Engine/Content/EngineMaterials/Substrate/GLints/dict_16_192_64_0p5_0p02_0027_0014.uasset" 5417
"../../../Engine/Content/EngineMaterials/Substrate/GLints/dict_16_192_64_0p5_0p02_0028_0000.uasset" 5418
"../../../Engine/Content/EngineMaterials/Substrate/GLints/dict_16_192_64_0p5_0p02_0028_0003.uasset" 5419
"../../../Engine/Content/EngineMaterials/Substrate/GLints/dict_16_192_64_0p5_0p02_0028_0001.uasset" 5420
"../../../Engine/Content/EngineMaterials/Substrate/GLints/dict_16_192_64_0p5_0p02_0027_0013.uasset" 5421
"../../../Engine/Content/EngineMaterials/Substrate/GLints/dict_16_192_64_0p5_0p02_0028_0002.uasset" 5422
"/Engine/EngineMaterials/Substrate/GLints/dict_16_192_64_0p5_0p02_0028_0007" 5423
"/Engine/EngineMaterials/Substrate/GLints/dict_16_192_64_0p5_0p02_0028_0008" 5424
"../../../Engine/Content/EngineMaterials/Substrate/GLints/dict_16_192_64_0p5_0p02_0027_0012.uasset" 5425
"/Engine/EngineMaterials/Substrate/GLints/dict_16_192_64_0p5_0p02_0028_0009" 5426
"/Engine/EngineMaterials/Substrate/GLints/dict_16_192_64_0p5_0p02_0028_0010" 5427
"/Engine/EngineMaterials/Substrate/GLints/dict_16_192_64_0p5_0p02_0028_0011" 5428
"/Engine/EngineMaterials/Substrate/GLints/dict_16_192_64_0p5_0p02_0029_0015" 5429
"/Engine/EngineMaterials/Substrate/GLints/dict_16_192_64_0p5_0p02_0028_0012" 5430
"/Engine/EngineMaterials/Substrate/GLints/dict_16_192_64_0p5_0p02_0027_0013" 5431
"/Engine/EngineMaterials/Substrate/GLints/dict_16_192_64_0p5_0p02_0027_0014" 5432
"/Engine/EngineMaterials/Substrate/GLints/dict_16_192_64_0p5_0p02_0028_0000" 5433
"/Engine/EngineMaterials/Substrate/GLints/dict_16_192_64_0p5_0p02_0028_0001" 5434
"/Engine/EngineMaterials/Substrate/GLints/dict_16_192_64_0p5_0p02_0028_0002" 5435
"../../../Engine/Content/EngineMaterials/Substrate/GLints/dict_16_192_64_0p5_0p02_0028_0004.uasset" 5436
"/Engine/EngineMaterials/Substrate/GLints/dict_16_192_64_0p5_0p02_0028_0003" 5437
"/Engine/EngineMaterials/Substrate/GLints/dict_16_192_64_0p5_0p02_0027_0015" 5438
"/Engine/EngineMaterials/Substrate/GLints/dict_16_192_64_0p5_0p02_0027_0012" 5439
"/Engine/EngineMaterials/Substrate/GLints/dict_16_192_64_0p5_0p02_0028_0004" 5440
"../../../Engine/Content/EngineMaterials/Substrate/GLints/dict_16_192_64_0p5_0p02_0027_0011.uasset" 5441
"../../../Engine/Content/EngineMaterials/Substrate/GLints/dict_16_192_64_0p5_0p02_0027_0010.uasset" 5442
"../../../Engine/Content/EngineMaterials/Substrate/GLints/dict_16_192_64_0p5_0p02_0027_0008.uasset" 5443
"../../../Engine/Content/EngineMaterials/Substrate/GLints/dict_16_192_64_0p5_0p02_0027_0007.uasset" 5444
"../../../Engine/Content/EngineMaterials/Substrate/GLints/dict_16_192_64_0p5_0p02_0027_0009.uasset" 5445
"../../../Engine/Content/EngineMaterials/Substrate/GLints/dict_16_192_64_0p5_0p02_0027_0005.uasset" 5446
"../../../Engine/Content/EngineMaterials/Substrate/GLints/dict_16_192_64_0p5_0p02_0027_0006.uasset" 5447
"/Engine/EngineMaterials/Substrate/GLints/dict_16_192_64_0p5_0p02_0027_0006" 5448
"/Engine/EngineMaterials/Substrate/GLints/dict_16_192_64_0p5_0p02_0027_0007" 5449
"/Engine/EngineMaterials/Substrate/GLints/dict_16_192_64_0p5_0p02_0027_0008" 5450
"../../../Engine/Content/EngineMaterials/Substrate/GLints/dict_16_192_64_0p5_0p02_0027_0004.uasset" 5451
"../../../Engine/Content/EngineMaterials/Substrate/GLints/dict_16_192_64_0p5_0p02_0026_0013.uasset" 5452
"../../../Engine/Content/EngineMaterials/Substrate/GLints/dict_16_192_64_0p5_0p02_0027_0000.uasset" 5453
"../../../Engine/Content/EngineMaterials/Substrate/GLints/dict_16_192_64_0p5_0p02_0027_0001.uasset" 5454
"../../../Engine/Content/EngineMaterials/Substrate/GLints/dict_16_192_64_0p5_0p02_0026_0014.uasset" 5455
"../../../Engine/Content/EngineMaterials/Substrate/GLints/dict_16_192_64_0p5_0p02_0026_0012.uasset" 5456
"../../../Engine/Content/EngineMaterials/Substrate/GLints/dict_16_192_64_0p5_0p02_0026_0015.uasset" 5457
"../../../Engine/Content/EngineMaterials/Substrate/GLints/dict_16_192_64_0p5_0p02_0027_0002.uasset" 5458
"/Engine/EngineMaterials/Substrate/GLints/dict_16_192_64_0p5_0p02_0027_0009" 5459
"/Engine/EngineMaterials/Substrate/GLints/dict_16_192_64_0p5_0p02_0027_0010" 5460
"/Engine/EngineMaterials/Substrate/GLints/dict_16_192_64_0p5_0p02_0027_0011" 5461
"/Engine/EngineMaterials/Substrate/GLints/dict_16_192_64_0p5_0p02_0027_0005" 5462
"/Engine/EngineMaterials/Substrate/GLints/dict_16_192_64_0p5_0p02_0026_0014" 5463
"/Engine/EngineMaterials/Substrate/GLints/dict_16_192_64_0p5_0p02_0026_0015" 5464
"/Engine/EngineMaterials/Substrate/GLints/dict_16_192_64_0p5_0p02_0027_0000" 5465
"/Engine/EngineMaterials/Substrate/GLints/dict_16_192_64_0p5_0p02_0027_0001" 5466
"/Engine/EngineMaterials/Substrate/GLints/dict_16_192_64_0p5_0p02_0026_0012" 5467
"/Engine/EngineMaterials/Substrate/GLints/dict_16_192_64_0p5_0p02_0026_0013" 5468
"/Engine/EngineMaterials/Substrate/GLints/dict_16_192_64_0p5_0p02_0027_0002" 5469
"/Engine/EngineMaterials/Substrate/GLints/dict_16_192_64_0p5_0p02_0027_0004" 5470
"../../../Engine/Content/EngineMaterials/Substrate/GLints/dict_16_192_64_0p5_0p02_0026_0010.uasset" 5471
"../../../Engine/Content/EngineMaterials/Substrate/GLints/dict_16_192_64_0p5_0p02_0026_0007.uasset" 5472
"../../../Engine/Content/EngineMaterials/Substrate/GLints/dict_16_192_64_0p5_0p02_0026_0004.uasset" 5473
"../../../Engine/Content/EngineMaterials/Substrate/GLints/dict_16_192_64_0p5_0p02_0026_0006.uasset" 5474
"../../../Engine/Content/EngineMaterials/Substrate/GLints/dict_16_192_64_0p5_0p02_0026_0008.uasset" 5475
"../../../Engine/Content/EngineMaterials/Substrate/GLints/dict_16_192_64_0p5_0p02_0026_0011.uasset" 5476
"../../../Engine/Content/EngineMaterials/Substrate/GLints/dict_16_192_64_0p5_0p02_0026_0005.uasset" 5477
"../../../Engine/Content/EngineMaterials/Substrate/GLints/dict_16_192_64_0p5_0p02_0027_0003.uasset" 5478
"../../../Engine/Content/EngineMaterials/Substrate/GLints/dict_16_192_64_0p5_0p02_0026_0009.uasset" 5479
"/Engine/EngineMaterials/Substrate/GLints/dict_16_192_64_0p5_0p02_0026_0005" 5480
"/Engine/EngineMaterials/Substrate/GLints/dict_16_192_64_0p5_0p02_0026_0006" 5481
"../../../Engine/Content/EngineMaterials/Substrate/GLints/dict_16_192_64_0p5_0p02_0026_0003.uasset" 5482
"/Engine/EngineMaterials/Substrate/GLints/dict_16_192_64_0p5_0p02_0026_0007" 5483
"../../../Engine/Content/EngineMaterials/Substrate/GLints/dict_16_192_64_0p5_0p02_0026_0001.uasset" 5484
"../../../Engine/Content/EngineMaterials/Substrate/GLints/dict_16_192_64_0p5_0p02_0025_0015.uasset" 5485
"../../../Engine/Content/EngineMaterials/Substrate/GLints/dict_16_192_64_0p5_0p02_0026_0000.uasset" 5486
"../../../Engine/Content/EngineMaterials/Substrate/GLints/dict_16_192_64_0p5_0p02_0026_0002.uasset" 5487
"/Engine/EngineMaterials/Substrate/GLints/dict_16_192_64_0p5_0p02_0026_0008" 5488
"../../../Engine/Content/EngineMaterials/Substrate/GLints/dict_16_192_64_0p5_0p02_0025_0013.uasset" 5489
"../../../Engine/Content/EngineMaterials/Substrate/GLints/dict_16_192_64_0p5_0p02_0025_0014.uasset" 5490
"../../../Engine/Content/EngineMaterials/Substrate/GLints/dict_16_192_64_0p5_0p02_0025_0011.uasset" 5491
"../../../Engine/Content/EngineMaterials/Substrate/GLints/dict_16_192_64_0p5_0p02_0025_0012.uasset" 5492
"/Engine/EngineMaterials/Substrate/GLints/dict_16_192_64_0p5_0p02_0026_0009" 5493
"/Engine/EngineMaterials/Substrate/GLints/dict_16_192_64_0p5_0p02_0026_0010" 5494
"/Engine/EngineMaterials/Substrate/GLints/dict_16_192_64_0p5_0p02_0026_0011" 5495
"/Engine/EngineMaterials/Substrate/GLints/dict_16_192_64_0p5_0p02_0027_0003" 5496
"/Engine/EngineMaterials/Substrate/GLints/dict_16_192_64_0p5_0p02_0026_0004" 5497
"/Engine/EngineMaterials/Substrate/GLints/dict_16_192_64_0p5_0p02_0025_0014" 5498
"/Engine/EngineMaterials/Substrate/GLints/dict_16_192_64_0p5_0p02_0025_0012" 5499
"/Engine/EngineMaterials/Substrate/GLints/dict_16_192_64_0p5_0p02_0025_0015" 5500
"/Engine/EngineMaterials/Substrate/GLints/dict_16_192_64_0p5_0p02_0026_0000" 5501
"/Engine/EngineMaterials/Substrate/GLints/dict_16_192_64_0p5_0p02_0026_0001" 5502
"/Engine/EngineMaterials/Substrate/GLints/dict_16_192_64_0p5_0p02_0026_0002" 5503
"/Engine/EngineMaterials/Substrate/GLints/dict_16_192_64_0p5_0p02_0026_0003" 5504
"/Engine/EngineMaterials/Substrate/GLints/dict_16_192_64_0p5_0p02_0025_0013" 5505
"/Engine/EngineMaterials/Substrate/GLints/dict_16_192_64_0p5_0p02_0025_0011" 5506
"../../../Engine/Content/EngineMaterials/Substrate/GLints/dict_16_192_64_0p5_0p02_0025_0007.uasset" 5507
"../../../Engine/Content/EngineMaterials/Substrate/GLints/dict_16_192_64_0p5_0p02_0025_0006.uasset" 5508
"../../../Engine/Content/EngineMaterials/Substrate/GLints/dict_16_192_64_0p5_0p02_0025_0009.uasset" 5509
"../../../Engine/Content/EngineMaterials/Substrate/GLints/dict_16_192_64_0p5_0p02_0025_0008.uasset" 5510
"../../../Engine/Content/EngineMaterials/Substrate/GLints/dict_16_192_64_0p5_0p02_0025_0010.uasset" 5511
"/Engine/EngineMaterials/Substrate/GLints/dict_16_192_64_0p5_0p02_0025_0006" 5512
"/Engine/EngineMaterials/Substrate/GLints/dict_16_192_64_0p5_0p02_0025_0007" 5513
"/Engine/EngineMaterials/Substrate/GLints/dict_16_192_64_0p5_0p02_0025_0008" 5514
"/Engine/EngineMaterials/Substrate/GLints/dict_16_192_64_0p5_0p02_0025_0009" 5515
"/Engine/EngineMaterials/Substrate/GLints/dict_16_192_64_0p5_0p02_0025_0010" 5516
"../../../Engine/Content/EngineMaterials/Substrate/GLints/dict_16_192_64_0p5_0p02_0024_0015.uasset" 5517
"../../../Engine/Content/EngineMaterials/Substrate/GLints/dict_16_192_64_0p5_0p02_0024_0013.uasset" 5518
"../../../Engine/Content/EngineMaterials/Substrate/GLints/dict_16_192_64_0p5_0p02_0024_0014.uasset" 5519
"../../../Engine/Content/EngineMaterials/Substrate/GLints/dict_16_192_64_0p5_0p02_0025_0000.uasset" 5520
"../../../Engine/Content/EngineMaterials/Substrate/GLints/dict_16_192_64_0p5_0p02_0025_0001.uasset" 5521
"../../../Engine/Content/EngineMaterials/Substrate/GLints/dict_16_192_64_0p5_0p02_0025_0004.uasset" 5522
"../../../Engine/Content/EngineMaterials/Substrate/GLints/dict_16_192_64_0p5_0p02_0025_0005.uasset" 5523
"../../../Engine/Content/EngineMaterials/Substrate/GLints/dict_16_192_64_0p5_0p02_0025_0003.uasset" 5524
"../../../Engine/Content/EngineMaterials/Substrate/GLints/dict_16_192_64_0p5_0p02_0025_0002.uasset" 5525
"/Engine/EngineMaterials/Substrate/GLints/dict_16_192_64_0p5_0p02_0025_0005" 5526
"../../../Engine/Content/EngineMaterials/Substrate/GLints/dict_16_192_64_0p5_0p02_0024_0009.uasset" 5527
"../../../Engine/Content/EngineMaterials/Substrate/GLints/dict_16_192_64_0p5_0p02_0024_0008.uasset" 5528
"../../../Engine/Content/EngineMaterials/Substrate/GLints/dict_16_192_64_0p5_0p02_0024_0010.uasset" 5529
"../../../Engine/Content/EngineMaterials/Substrate/GLints/dict_16_192_64_0p5_0p02_0024_0012.uasset" 5530
"../../../Engine/Content/EngineMaterials/Substrate/GLints/dict_16_192_64_0p5_0p02_0024_0011.uasset" 5531
"/Engine/EngineMaterials/Substrate/GLints/dict_16_192_64_0p5_0p02_0024_0013" 5532
"/Engine/EngineMaterials/Substrate/GLints/dict_16_192_64_0p5_0p02_0024_0014" 5533
"/Engine/EngineMaterials/Substrate/GLints/dict_16_192_64_0p5_0p02_0024_0015" 5534
"/Engine/EngineMaterials/Substrate/GLints/dict_16_192_64_0p5_0p02_0025_0000" 5535
"/Engine/EngineMaterials/Substrate/GLints/dict_16_192_64_0p5_0p02_0025_0001" 5536
"/Engine/EngineMaterials/Substrate/GLints/dict_16_192_64_0p5_0p02_0025_0002" 5537
"/Engine/EngineMaterials/Substrate/GLints/dict_16_192_64_0p5_0p02_0025_0003" 5538
"../../../Engine/Content/EngineMaterials/Substrate/GLints/dict_16_192_64_0p5_0p02_0024_0005.uasset" 5539
"/Engine/EngineMaterials/Substrate/GLints/dict_16_192_64_0p5_0p02_0025_0004" 5540
"/Engine/EngineMaterials/Substrate/GLints/dict_16_192_64_0p5_0p02_0024_0005" 5541
"../../../Engine/Content/EngineMaterials/Substrate/GLints/dict_16_192_64_0p5_0p02_0024_0001.uasset" 5542
"/Engine/EngineMaterials/Substrate/GLints/dict_16_192_64_0p5_0p02_0024_0008" 5543
"../../../Engine/Content/EngineMaterials/Substrate/GLints/dict_16_192_64_0p5_0p02_0024_0002.uasset" 5544
"../../../Engine/Content/EngineMaterials/Substrate/GLints/dict_16_192_64_0p5_0p02_0024_0003.uasset" 5545
"/Engine/EngineMaterials/Substrate/GLints/dict_16_192_64_0p5_0p02_0024_0009" 5546
"../../../Engine/Content/EngineMaterials/Substrate/GLints/dict_16_192_64_0p5_0p02_0024_0000.uasset" 5547
"../../../Engine/Content/EngineMaterials/Substrate/GLints/dict_16_192_64_0p5_0p02_0023_0015.uasset" 5548
"/Engine/EngineMaterials/Substrate/GLints/dict_16_192_64_0p5_0p02_0024_0010" 5549
"/Engine/EngineMaterials/Substrate/GLints/dict_16_192_64_0p5_0p02_0024_0011" 5550
"/Engine/EngineMaterials/Substrate/GLints/dict_16_192_64_0p5_0p02_0024_0012" 5551
"/Engine/EngineMaterials/Substrate/GLints/dict_16_192_64_0p5_0p02_0023_0015" 5552
"../../../Engine/Content/EngineMaterials/Substrate/GLints/dict_16_192_64_0p5_0p02_0024_0004.uasset" 5553
"/Engine/EngineMaterials/Substrate/GLints/dict_16_192_64_0p5_0p02_0024_0000" 5554
"/Engine/EngineMaterials/Substrate/GLints/dict_16_192_64_0p5_0p02_0024_0001" 5555
"/Engine/EngineMaterials/Substrate/GLints/dict_16_192_64_0p5_0p02_0024_0002" 5556
"/Engine/EngineMaterials/Substrate/GLints/dict_16_192_64_0p5_0p02_0024_0003" 5557
"/Engine/EngineMaterials/Substrate/GLints/dict_16_192_64_0p5_0p02_0024_0004" 5558
"../../../Engine/Content/EngineMaterials/Substrate/GLints/dict_16_192_64_0p5_0p02_0023_0011.uasset" 5559
"../../../Engine/Content/EngineMaterials/Substrate/GLints/dict_16_192_64_0p5_0p02_0023_0014.uasset" 5560
"../../../Engine/Content/EngineMaterials/Substrate/GLints/dict_16_192_64_0p5_0p02_0023_0012.uasset" 5561
"../../../Engine/Content/EngineMaterials/Substrate/GLints/dict_16_192_64_0p5_0p02_0023_0013.uasset" 5562
"../../../Engine/Content/EngineMaterials/Substrate/GLints/dict_16_192_64_0p5_0p02_0023_0010.uasset" 5563
"../../../Engine/Content/EngineMaterials/Substrate/GLints/dict_16_192_64_0p5_0p02_0023_0009.uasset" 5564
"../../../Engine/Content/EngineMaterials/Substrate/GLints/dict_16_192_64_0p5_0p02_0024_0007.uasset" 5565
"/Engine/EngineMaterials/Substrate/GLints/dict_16_192_64_0p5_0p02_0023_0011" 5566
"../../../Engine/Content/EngineMaterials/Substrate/GLints/dict_16_192_64_0p5_0p02_0023_0004.uasset" 5567
"../../../Engine/Content/EngineMaterials/Substrate/GLints/dict_16_192_64_0p5_0p02_0023_0005.uasset" 5568
"../../../Engine/Content/EngineMaterials/Substrate/GLints/dict_16_192_64_0p5_0p02_0023_0006.uasset" 5569
"../../../Engine/Content/EngineMaterials/Substrate/GLints/dict_16_192_64_0p5_0p02_0023_0002.uasset" 5570
"../../../Engine/Content/EngineMaterials/Substrate/GLints/dict_16_192_64_0p5_0p02_0023_0003.uasset" 5571
"/Engine/EngineMaterials/Substrate/GLints/dict_16_192_64_0p5_0p02_0023_0012" 5572
"../../../Engine/Content/EngineMaterials/Substrate/GLints/dict_16_192_64_0p5_0p02_0024_0006.uasset" 5573
"../../../Engine/Content/EngineMaterials/Substrate/GLints/dict_16_192_64_0p5_0p02_0023_0008.uasset" 5574
"../../../Engine/Content/EngineMaterials/Substrate/GLints/dict_16_192_64_0p5_0p02_0023_0001.uasset" 5575
"/Engine/EngineMaterials/Substrate/GLints/dict_16_192_64_0p5_0p02_0023_0013" 5576
"../../../Engine/Content/EngineMaterials/Substrate/GLints/dict_16_192_64_0p5_0p02_0023_0007.uasset" 5577
"/Engine/EngineMaterials/Substrate/GLints/dict_16_192_64_0p5_0p02_0024_0007" 5578
"/Engine/EngineMaterials/Substrate/GLints/dict_16_192_64_0p5_0p02_0023_0014" 5579
"/Engine/EngineMaterials/Substrate/GLints/dict_16_192_64_0p5_0p02_0023_0009" 5580
"/Engine/EngineMaterials/Substrate/GLints/dict_16_192_64_0p5_0p02_0023_0010" 5581
"/Engine/EngineMaterials/Substrate/GLints/dict_16_192_64_0p5_0p02_0024_0006" 5582
"/Engine/EngineMaterials/Substrate/GLints/dict_16_192_64_0p5_0p02_0023_0006" 5583
"../../../Engine/Content/EngineMaterials/Substrate/GLints/dict_16_192_64_0p5_0p02_0022_0014.uasset" 5584
"../../../Engine/Content/EngineMaterials/Substrate/GLints/dict_16_192_64_0p5_0p02_0022_0012.uasset" 5585
"../../../Engine/Content/EngineMaterials/Substrate/GLints/dict_16_192_64_0p5_0p02_0023_0000.uasset" 5586
"../../../Engine/Content/EngineMaterials/Substrate/GLints/dict_16_192_64_0p5_0p02_0022_0015.uasset" 5587
"../../../Engine/Content/EngineMaterials/Substrate/GLints/dict_16_192_64_0p5_0p02_0022_0013.uasset" 5588
"/Engine/EngineMaterials/Substrate/GLints/dict_16_192_64_0p5_0p02_0023_0001" 5589
"../../../Engine/Content/EngineMaterials/Substrate/GLints/dict_16_192_64_0p5_0p02_0022_0009.uasset" 5590
"/Engine/EngineMaterials/Substrate/GLints/dict_16_192_64_0p5_0p02_0023_0002" 5591
"../../../Engine/Content/EngineMaterials/Substrate/GLints/dict_16_192_64_0p5_0p02_0022_0010.uasset" 5592
"../../../Engine/Content/EngineMaterials/Substrate/GLints/dict_16_192_64_0p5_0p02_0022_0008.uasset" 5593
"/Engine/EngineMaterials/Substrate/GLints/dict_16_192_64_0p5_0p02_0023_0007" 5594
"/Engine/EngineMaterials/Substrate/GLints/dict_16_192_64_0p5_0p02_0023_0008" 5595
"/Engine/EngineMaterials/Substrate/GLints/dict_16_192_64_0p5_0p02_0023_0003" 5596
"/Engine/EngineMaterials/Substrate/GLints/dict_16_192_64_0p5_0p02_0023_0004" 5597
"../../../Engine/Content/EngineMaterials/Substrate/GLints/dict_16_192_64_0p5_0p02_0022_0004.uasset" 5598
"../../../Engine/Content/EngineMaterials/Substrate/GLints/dict_16_192_64_0p5_0p02_0022_0007.uasset" 5599
"../../../Engine/Content/EngineMaterials/Substrate/GLints/dict_16_192_64_0p5_0p02_0022_0002.uasset" 5600
"../../../Engine/Content/EngineMaterials/Substrate/GLints/dict_16_192_64_0p5_0p02_0022_0006.uasset" 5601
"../../../Engine/Content/EngineMaterials/Substrate/GLints/dict_16_192_64_0p5_0p02_0022_0000.uasset" 5602
"/Engine/EngineMaterials/Substrate/GLints/dict_16_192_64_0p5_0p02_0023_0005" 5603
"../../../Engine/Content/EngineMaterials/Substrate/GLints/dict_16_192_64_0p5_0p02_0022_0003.uasset" 5604
"../../../Engine/Content/EngineMaterials/Substrate/GLints/dict_16_192_64_0p5_0p02_0022_0005.uasset" 5605
"/Engine/EngineMaterials/Substrate/GLints/dict_16_192_64_0p5_0p02_0022_0013" 5606
"/Engine/EngineMaterials/Substrate/GLints/dict_16_192_64_0p5_0p02_0022_0007" 5607
"/Engine/EngineMaterials/Substrate/GLints/dict_16_192_64_0p5_0p02_0022_0008" 5608
"/Engine/EngineMaterials/Substrate/GLints/dict_16_192_64_0p5_0p02_0022_0014" 5609
"/Engine/EngineMaterials/Substrate/GLints/dict_16_192_64_0p5_0p02_0022_0009" 5610
"/Engine/EngineMaterials/Substrate/GLints/dict_16_192_64_0p5_0p02_0022_0015" 5611
"/Engine/EngineMaterials/Substrate/GLints/dict_16_192_64_0p5_0p02_0023_0000" 5612
"/Engine/EngineMaterials/Substrate/GLints/dict_16_192_64_0p5_0p02_0022_0010" 5613
"/Engine/EngineMaterials/Substrate/GLints/dict_16_192_64_0p5_0p02_0022_0002" 5614
"/Engine/EngineMaterials/Substrate/GLints/dict_16_192_64_0p5_0p02_0022_0003" 5615
"/Engine/EngineMaterials/Substrate/GLints/dict_16_192_64_0p5_0p02_0022_0000" 5616
"/Engine/EngineMaterials/Substrate/GLints/dict_16_192_64_0p5_0p02_0022_0004" 5617
"../../../Engine/Content/EngineMaterials/Substrate/GLints/dict_16_192_64_0p5_0p02_0022_0001.uasset" 5618
"/Engine/EngineMaterials/Substrate/GLints/dict_16_192_64_0p5_0p02_0022_0005" 5619
"/Engine/EngineMaterials/Substrate/GLints/dict_16_192_64_0p5_0p02_0022_0012" 5620
"/Engine/EngineMaterials/Substrate/GLints/dict_16_192_64_0p5_0p02_0022_0006" 5621
"/Engine/EngineMaterials/Substrate/GLints/dict_16_192_64_0p5_0p02_0022_0001" 5622
"../../../Engine/Content/EngineMaterials/Substrate/GLints/dict_16_192_64_0p5_0p02_0021_0011.uasset" 5623
"../../../Engine/Content/EngineMaterials/Substrate/GLints/dict_16_192_64_0p5_0p02_0021_0013.uasset" 5624
"../../../Engine/Content/EngineMaterials/Substrate/GLints/dict_16_192_64_0p5_0p02_0021_0012.uasset" 5625
"../../../Engine/Content/EngineMaterials/Substrate/GLints/dict_16_192_64_0p5_0p02_0021_0015.uasset" 5626
"../../../Engine/Content/EngineMaterials/Substrate/GLints/dict_16_192_64_0p5_0p02_0021_0014.uasset" 5627
"../../../Engine/Content/EngineMaterials/Substrate/GLints/dict_16_192_64_0p5_0p02_0021_0009.uasset" 5628
"../../../Engine/Content/EngineMaterials/Substrate/GLints/dict_16_192_64_0p5_0p02_0022_0011.uasset" 5629
"../../../Engine/Content/EngineMaterials/Substrate/GLints/dict_16_192_64_0p5_0p02_0021_0008.uasset" 5630
"../../../Engine/Content/EngineMaterials/Substrate/GLints/dict_16_192_64_0p5_0p02_0021_0005.uasset" 5631
"../../../Engine/Content/EngineMaterials/Substrate/GLints/dict_16_192_64_0p5_0p02_0021_0004.uasset" 5632
"/Engine/EngineMaterials/Substrate/GLints/dict_16_192_64_0p5_0p02_0021_0011" 5633
"../../../Engine/Content/EngineMaterials/Substrate/GLints/dict_16_192_64_0p5_0p02_0021_0007.uasset" 5634
"../../../Engine/Content/EngineMaterials/Substrate/GLints/dict_16_192_64_0p5_0p02_0021_0006.uasset" 5635
"../../../Engine/Content/EngineMaterials/Substrate/GLints/dict_16_192_64_0p5_0p02_0021_0003.uasset" 5636
"/Engine/EngineMaterials/Substrate/GLints/dict_16_192_64_0p5_0p02_0021_0012" 5637
"/Engine/EngineMaterials/Substrate/GLints/dict_16_192_64_0p5_0p02_0021_0013" 5638
"/Engine/EngineMaterials/Substrate/GLints/dict_16_192_64_0p5_0p02_0021_0005" 5639
"/Engine/EngineMaterials/Substrate/GLints/dict_16_192_64_0p5_0p02_0021_0014" 5640
"../../../Engine/Content/EngineMaterials/Substrate/GLints/dict_16_192_64_0p5_0p02_0021_0002.uasset" 5641
"/Engine/EngineMaterials/Substrate/GLints/dict_16_192_64_0p5_0p02_0021_0008" 5642
"/Engine/EngineMaterials/Substrate/GLints/dict_16_192_64_0p5_0p02_0022_0011" 5643
"/Engine/EngineMaterials/Substrate/GLints/dict_16_192_64_0p5_0p02_0021_0009" 5644
"/Engine/EngineMaterials/Substrate/GLints/dict_16_192_64_0p5_0p02_0021_0015" 5645
"../../../Engine/Content/EngineMaterials/Substrate/GLints/dict_16_192_64_0p5_0p02_0020_0014.uasset" 5646
"../../../Engine/Content/EngineMaterials/Substrate/GLints/dict_16_192_64_0p5_0p02_0020_0015.uasset" 5647
"/Engine/EngineMaterials/Substrate/GLints/dict_16_192_64_0p5_0p02_0021_0002" 5648
"../../../Engine/Content/EngineMaterials/Substrate/GLints/dict_16_192_64_0p5_0p02_0020_0013.uasset" 5649
"../../../Engine/Content/EngineMaterials/Substrate/GLints/dict_16_192_64_0p5_0p02_0021_0001.uasset" 5650
"/Engine/EngineMaterials/Substrate/GLints/dict_16_192_64_0p5_0p02_0021_0003" 5651
"../../../Engine/Content/EngineMaterials/Substrate/GLints/dict_16_192_64_0p5_0p02_0020_0011.uasset" 5652
"/Engine/EngineMaterials/Substrate/GLints/dict_16_192_64_0p5_0p02_0021_0004" 5653
"/Engine/EngineMaterials/Substrate/GLints/dict_16_192_64_0p5_0p02_0021_0006" 5654
"../../../Engine/Content/EngineMaterials/Substrate/GLints/dict_16_192_64_0p5_0p02_0020_0010.uasset" 5655
"/Engine/EngineMaterials/Substrate/GLints/dict_16_192_64_0p5_0p02_0021_0007" 5656
"/Engine/EngineMaterials/Substrate/GLints/dict_16_192_64_0p5_0p02_0020_0014" 5657
"../../../Engine/Content/EngineMaterials/Substrate/GLints/dict_16_192_64_0p5_0p02_0020_0012.uasset" 5658
"/Engine/EngineMaterials/Substrate/GLints/dict_16_192_64_0p5_0p02_0020_0015" 5659
"/Engine/EngineMaterials/Substrate/GLints/dict_16_192_64_0p5_0p02_0021_0001" 5660
"/Engine/EngineMaterials/Substrate/GLints/dict_16_192_64_0p5_0p02_0020_0010" 5661
"/Engine/EngineMaterials/Substrate/GLints/dict_16_192_64_0p5_0p02_0020_0011" 5662
"/Engine/EngineMaterials/Substrate/GLints/dict_16_192_64_0p5_0p02_0020_0012" 5663
"/Engine/EngineMaterials/Substrate/GLints/dict_16_192_64_0p5_0p02_0020_0013" 5664
"../../../Engine/Content/EngineMaterials/Substrate/GLints/dict_16_192_64_0p5_0p02_0020_0009.uasset" 5665
"../../../Engine/Content/EngineMaterials/Substrate/GLints/dict_16_192_64_0p5_0p02_0020_0006.uasset" 5666
"../../../Engine/Content/EngineMaterials/Substrate/GLints/dict_16_192_64_0p5_0p02_0020_0008.uasset" 5667
"../../../Engine/Content/EngineMaterials/Substrate/GLints/dict_16_192_64_0p5_0p02_0020_0005.uasset" 5668
"/Engine/EngineMaterials/Substrate/GLints/dict_16_192_64_0p5_0p02_0020_0006" 5669
"../../../Engine/Content/EngineMaterials/Substrate/GLints/dict_16_192_64_0p5_0p02_0020_0007.uasset" 5670
"/Engine/EngineMaterials/Substrate/GLints/dict_16_192_64_0p5_0p02_0020_0008" 5671
"/Engine/EngineMaterials/Substrate/GLints/dict_16_192_64_0p5_0p02_0020_0009" 5672
"/Engine/EngineMaterials/Substrate/GLints/dict_16_192_64_0p5_0p02_0020_0005" 5673
"/Engine/EngineMaterials/Substrate/GLints/dict_16_192_64_0p5_0p02_0020_0007" 5674
"../../../Engine/Content/EngineMaterials/Substrate/GLints/dict_16_192_64_0p5_0p02_0020_0004.uasset" 5675
"../../../Engine/Content/EngineMaterials/Substrate/GLints/dict_16_192_64_0p5_0p02_0021_0000.uasset" 5676
"../../../Engine/Content/EngineMaterials/Substrate/GLints/dict_16_192_64_0p5_0p02_0020_0003.uasset" 5677
"../../../Engine/Content/EngineMaterials/Substrate/GLints/dict_16_192_64_0p5_0p02_0019_0014.uasset" 5678
"../../../Engine/Content/EngineMaterials/Substrate/GLints/dict_16_192_64_0p5_0p02_0020_0000.uasset" 5679
"../../../Engine/Content/EngineMaterials/Substrate/GLints/dict_16_192_64_0p5_0p02_0020_0001.uasset" 5680
"../../../Engine/Content/EngineMaterials/Substrate/GLints/dict_16_192_64_0p5_0p02_0020_0002.uasset" 5681
"../../../Engine/Content/EngineMaterials/Substrate/GLints/dict_16_192_64_0p5_0p02_0019_0015.uasset" 5682
"../../../Engine/Content/EngineMaterials/Substrate/GLints/dict_16_192_64_0p5_0p02_0019_0011.uasset" 5683
"../../../Engine/Content/EngineMaterials/Substrate/GLints/dict_16_192_64_0p5_0p02_0019_0012.uasset" 5684
"../../../Engine/Content/EngineMaterials/Substrate/GLints/dict_16_192_64_0p5_0p02_0019_0013.uasset" 5685
"/Engine/EngineMaterials/Substrate/GLints/dict_16_192_64_0p5_0p02_0020_0002" 5686
"/Engine/EngineMaterials/Substrate/GLints/dict_16_192_64_0p5_0p02_0020_0001" 5687
"/Engine/EngineMaterials/Substrate/GLints/dict_16_192_64_0p5_0p02_0020_0003" 5688
"/Engine/EngineMaterials/Substrate/GLints/dict_16_192_64_0p5_0p02_0020_0004" 5689
"../../../Engine/Content/EngineMaterials/Substrate/GLints/dict_16_192_64_0p5_0p02_0019_0007.uasset" 5690
"../../../Engine/Content/EngineMaterials/Substrate/GLints/dict_16_192_64_0p5_0p02_0019_0006.uasset" 5691
"../../../Engine/Content/EngineMaterials/Substrate/GLints/dict_16_192_64_0p5_0p02_0019_0010.uasset" 5692
"../../../Engine/Content/EngineMaterials/Substrate/GLints/dict_16_192_64_0p5_0p02_0019_0008.uasset" 5693
"../../../Engine/Content/EngineMaterials/Substrate/GLints/dict_16_192_64_0p5_0p02_0019_0009.uasset" 5694
"/Engine/EngineMaterials/Substrate/GLints/dict_16_192_64_0p5_0p02_0019_0011" 5695
"/Engine/EngineMaterials/Substrate/GLints/dict_16_192_64_0p5_0p02_0019_0012" 5696
"/Engine/EngineMaterials/Substrate/GLints/dict_16_192_64_0p5_0p02_0019_0013" 5697
"/Engine/EngineMaterials/Substrate/GLints/dict_16_192_64_0p5_0p02_0019_0014" 5698
"/Engine/EngineMaterials/Substrate/GLints/dict_16_192_64_0p5_0p02_0019_0015" 5699
"/Engine/EngineMaterials/Substrate/GLints/dict_16_192_64_0p5_0p02_0020_0000" 5700
"/Engine/EngineMaterials/Substrate/GLints/dict_16_192_64_0p5_0p02_0021_0000" 5701
"../../../Engine/Content/EngineMaterials/Substrate/GLints/dict_16_192_64_0p5_0p02_0019_0004.uasset" 5702
"/Engine/EngineMaterials/Substrate/GLints/dict_16_192_64_0p5_0p02_0019_0008" 5703
"/Engine/EngineMaterials/Substrate/GLints/dict_16_192_64_0p5_0p02_0019_0009" 5704
"../../../Engine/Content/EngineMaterials/Substrate/GLints/dict_16_192_64_0p5_0p02_0021_0010.uasset" 5705
"/Engine/EngineMaterials/Substrate/GLints/dict_16_192_64_0p5_0p02_0019_0010" 5706
"/Engine/EngineMaterials/Substrate/GLints/dict_16_192_64_0p5_0p02_0019_0006" 5707
"/Engine/EngineMaterials/Substrate/GLints/dict_16_192_64_0p5_0p02_0019_0007" 5708
"../../../Engine/Content/EngineMaterials/Substrate/GLints/dict_16_192_64_0p5_0p02_0019_0003.uasset" 5709
"/Engine/EngineMaterials/Substrate/GLints/dict_16_192_64_0p5_0p02_0021_0010" 5710
"/Engine/EngineMaterials/Substrate/GLints/dict_16_192_64_0p5_0p02_0019_0004" 5711
"/Engine/EngineMaterials/Substrate/GLints/dict_16_192_64_0p5_0p02_0019_0003" 5712
"../../../Engine/Content/EngineMaterials/Substrate/GLints/dict_16_192_64_0p5_0p02_0019_0001.uasset" 5713
"/Engine/EngineMaterials/Substrate/GLints/dict_16_192_64_0p5_0p02_0019_0001" 5714
"../../../Engine/Content/EngineMaterials/Substrate/GLints/dict_16_192_64_0p5_0p02_0018_0014.uasset" 5715
"../../../Engine/Content/EngineMaterials/Substrate/GLints/dict_16_192_64_0p5_0p02_0018_0015.uasset" 5716
"../../../Engine/Content/EngineMaterials/Substrate/GLints/dict_16_192_64_0p5_0p02_0019_0000.uasset" 5717
"../../../Engine/Content/EngineMaterials/Substrate/GLints/dict_16_192_64_0p5_0p02_0019_0002.uasset" 5718
"../../../Engine/Content/EngineMaterials/Substrate/GLints/dict_16_192_64_0p5_0p02_0019_0005.uasset" 5719
"../../../Engine/Content/EngineMaterials/Substrate/GLints/dict_16_192_64_0p5_0p02_0018_0013.uasset" 5720
"../../../Engine/Content/EngineMaterials/Substrate/GLints/dict_16_192_64_0p5_0p02_0018_0011.uasset" 5721
"/Engine/EngineMaterials/Substrate/GLints/dict_16_192_64_0p5_0p02_0019_0002" 5722
"../../../Engine/Content/EngineMaterials/Substrate/GLints/dict_16_192_64_0p5_0p02_0018_0010.uasset" 5723
"../../../Engine/Content/EngineMaterials/Substrate/GLints/dict_16_192_64_0p5_0p02_0018_0008.uasset" 5724
"../../../Engine/Content/EngineMaterials/Substrate/GLints/dict_16_192_64_0p5_0p02_0018_0006.uasset" 5725
"../../../Engine/Content/EngineMaterials/Substrate/GLints/dict_16_192_64_0p5_0p02_0018_0009.uasset" 5726
"../../../Engine/Content/EngineMaterials/Substrate/GLints/dict_16_192_64_0p5_0p02_0018_0007.uasset" 5727
"../../../Engine/Content/EngineMaterials/Substrate/GLints/dict_16_192_64_0p5_0p02_0018_0005.uasset" 5728
"/Engine/EngineMaterials/Substrate/GLints/dict_16_192_64_0p5_0p02_0018_0011" 5729
"/Engine/EngineMaterials/Substrate/GLints/dict_16_192_64_0p5_0p02_0018_0013" 5730
"/Engine/EngineMaterials/Substrate/GLints/dict_16_192_64_0p5_0p02_0018_0014" 5731
"/Engine/EngineMaterials/Substrate/GLints/dict_16_192_64_0p5_0p02_0019_0005" 5732
"/Engine/EngineMaterials/Substrate/GLints/dict_16_192_64_0p5_0p02_0018_0015" 5733
"/Engine/EngineMaterials/Substrate/GLints/dict_16_192_64_0p5_0p02_0019_0000" 5734
"../../../Engine/Content/EngineMaterials/Substrate/GLints/dict_16_192_64_0p5_0p02_0018_0003.uasset" 5735
"../../../Engine/Content/EngineMaterials/Substrate/GLints/dict_16_192_64_0p5_0p02_0018_0004.uasset" 5736
"/Engine/EngineMaterials/Substrate/GLints/dict_16_192_64_0p5_0p02_0018_0007" 5737
"/Engine/EngineMaterials/Substrate/GLints/dict_16_192_64_0p5_0p02_0018_0009" 5738
"/Engine/EngineMaterials/Substrate/GLints/dict_16_192_64_0p5_0p02_0018_0008" 5739
"/Engine/EngineMaterials/Substrate/GLints/dict_16_192_64_0p5_0p02_0018_0010" 5740
"/Engine/EngineMaterials/Substrate/GLints/dict_16_192_64_0p5_0p02_0018_0003" 5741
"/Engine/EngineMaterials/Substrate/GLints/dict_16_192_64_0p5_0p02_0018_0004" 5742
"../../../Engine/Content/EngineMaterials/Substrate/GLints/dict_16_192_64_0p5_0p02_0018_0002.uasset" 5743
"../../../Engine/Content/EngineMaterials/Substrate/GLints/dict_16_192_64_0p5_0p02_0018_0000.uasset" 5744
"/Engine/EngineMaterials/Substrate/GLints/dict_16_192_64_0p5_0p02_0018_0005" 5745
"/Engine/EngineMaterials/Substrate/GLints/dict_16_192_64_0p5_0p02_0018_0006" 5746
"../../../Engine/Content/EngineMaterials/Substrate/GLints/dict_16_192_64_0p5_0p02_0018_0001.uasset" 5747
"../../../Engine/Content/EngineMaterials/Substrate/GLints/dict_16_192_64_0p5_0p02_0017_0015.uasset" 5748
"../../../Engine/Content/EngineMaterials/Substrate/GLints/dict_16_192_64_0p5_0p02_0017_0014.uasset" 5749
"/Engine/EngineMaterials/Substrate/GLints/dict_16_192_64_0p5_0p02_0017_0014" 5750
"/Engine/EngineMaterials/Substrate/GLints/dict_16_192_64_0p5_0p02_0017_0015" 5751
"/Engine/EngineMaterials/Substrate/GLints/dict_16_192_64_0p5_0p02_0018_0000" 5752
"/Engine/EngineMaterials/Substrate/GLints/dict_16_192_64_0p5_0p02_0018_0001" 5753
"/Engine/EngineMaterials/Substrate/GLints/dict_16_192_64_0p5_0p02_0018_0002" 5754
"../../../Engine/Content/EngineMaterials/Substrate/GLints/dict_16_192_64_0p5_0p02_0017_0013.uasset" 5755
"../../../Engine/Content/EngineMaterials/Substrate/GLints/dict_16_192_64_0p5_0p02_0017_0012.uasset" 5756
"../../../Engine/Content/EngineMaterials/Substrate/GLints/dict_16_192_64_0p5_0p02_0017_0011.uasset" 5757
"../../../Engine/Content/EngineMaterials/Substrate/GLints/dict_16_192_64_0p5_0p02_0017_0008.uasset" 5758
"../../../Engine/Content/EngineMaterials/Substrate/GLints/dict_16_192_64_0p5_0p02_0017_0009.uasset" 5759
"../../../Engine/Content/EngineMaterials/Substrate/GLints/dict_16_192_64_0p5_0p02_0017_0010.uasset" 5760
"../../../Engine/Content/EngineMaterials/Substrate/GLints/dict_16_192_64_0p5_0p02_0018_0012.uasset" 5761
"../../../Engine/Content/EngineMaterials/Substrate/GLints/dict_16_192_64_0p5_0p02_0017_0006.uasset" 5762
"/Engine/EngineMaterials/Substrate/GLints/dict_16_192_64_0p5_0p02_0017_0012" 5763
"../../../Engine/Content/EngineMaterials/Substrate/GLints/dict_16_192_64_0p5_0p02_0017_0004.uasset" 5764
"../../../Engine/Content/EngineMaterials/Substrate/GLints/dict_16_192_64_0p5_0p02_0017_0005.uasset" 5765
"/Engine/EngineMaterials/Substrate/GLints/dict_16_192_64_0p5_0p02_0017_0013" 5766
"../../../Engine/Content/EngineMaterials/Substrate/GLints/dict_16_192_64_0p5_0p02_0017_0003.uasset" 5767
"../../../Engine/Content/EngineMaterials/Substrate/GLints/dict_16_192_64_0p5_0p02_0016_0015.uasset" 5768
"../../../Engine/Content/EngineMaterials/Substrate/GLints/dict_16_192_64_0p5_0p02_0017_0001.uasset" 5769
"../../../Engine/Content/EngineMaterials/Substrate/GLints/dict_16_192_64_0p5_0p02_0017_0002.uasset" 5770
"../../../Engine/Content/EngineMaterials/Substrate/GLints/dict_16_192_64_0p5_0p02_0017_0000.uasset" 5771
"/Engine/EngineMaterials/Substrate/GLints/dict_16_192_64_0p5_0p02_0017_0008" 5772
"/Engine/EngineMaterials/Substrate/GLints/dict_16_192_64_0p5_0p02_0018_0012" 5773
"/Engine/EngineMaterials/Substrate/GLints/dict_16_192_64_0p5_0p02_0017_0009" 5774
"/Engine/EngineMaterials/Substrate/GLints/dict_16_192_64_0p5_0p02_0017_0006" 5775
"../../../Engine/Content/EngineMaterials/Substrate/GLints/dict_16_192_64_0p5_0p02_0016_0014.uasset" 5776
"/Engine/EngineMaterials/Substrate/GLints/dict_16_192_64_0p5_0p02_0017_0010" 5777
"/Engine/EngineMaterials/Substrate/GLints/dict_16_192_64_0p5_0p02_0017_0011" 5778
"/Engine/EngineMaterials/Substrate/GLints/dict_16_192_64_0p5_0p02_0017_0005" 5779
"/Engine/EngineMaterials/Substrate/GLints/dict_16_192_64_0p5_0p02_0017_0003" 5780
"/Engine/EngineMaterials/Substrate/GLints/dict_16_192_64_0p5_0p02_0017_0004" 5781
"../../../Engine/Content/EngineMaterials/Substrate/GLints/dict_16_192_64_0p5_0p02_0016_0010.uasset" 5782
"../../../Engine/Content/EngineMaterials/Substrate/GLints/dict_16_192_64_0p5_0p02_0016_0008.uasset" 5783
"../../../Engine/Content/EngineMaterials/Substrate/GLints/dict_16_192_64_0p5_0p02_0016_0013.uasset" 5784
"../../../Engine/Content/EngineMaterials/Substrate/GLints/dict_16_192_64_0p5_0p02_0016_0009.uasset" 5785
"/Engine/EngineMaterials/Substrate/GLints/dict_16_192_64_0p5_0p02_0016_0014" 5786
"/Engine/EngineMaterials/Substrate/GLints/dict_16_192_64_0p5_0p02_0016_0015" 5787
"/Engine/EngineMaterials/Substrate/GLints/dict_16_192_64_0p5_0p02_0017_0000" 5788
"/Engine/EngineMaterials/Substrate/GLints/dict_16_192_64_0p5_0p02_0017_0001" 5789
"/Engine/EngineMaterials/Substrate/GLints/dict_16_192_64_0p5_0p02_0017_0002" 5790
"/Engine/EngineMaterials/Substrate/GLints/dict_16_192_64_0p5_0p02_0016_0013" 5791
"/Engine/EngineMaterials/Substrate/GLints/dict_16_192_64_0p5_0p02_0016_0008" 5792
"/Engine/EngineMaterials/Substrate/GLints/dict_16_192_64_0p5_0p02_0016_0009" 5793
"/Engine/EngineMaterials/Substrate/GLints/dict_16_192_64_0p5_0p02_0016_0010" 5794
"../../../Engine/Content/EngineMaterials/Substrate/GLints/dict_16_192_64_0p5_0p02_0016_0012.uasset" 5795
"../../../Engine/Content/EngineMaterials/Substrate/GLints/dict_16_192_64_0p5_0p02_0016_0007.uasset" 5796
"../../../Engine/Content/EngineMaterials/Substrate/GLints/dict_16_192_64_0p5_0p02_0016_0002.uasset" 5797
"../../../Engine/Content/EngineMaterials/Substrate/GLints/dict_16_192_64_0p5_0p02_0016_0011.uasset" 5798
"../../../Engine/Content/EngineMaterials/Substrate/GLints/dict_16_192_64_0p5_0p02_0016_0004.uasset" 5799
"../../../Engine/Content/EngineMaterials/Substrate/GLints/dict_16_192_64_0p5_0p02_0016_0003.uasset" 5800
"../../../Engine/Content/EngineMaterials/Substrate/GLints/dict_16_192_64_0p5_0p02_0016_0005.uasset" 5801
"../../../Engine/Content/EngineMaterials/Substrate/GLints/dict_16_192_64_0p5_0p02_0016_0006.uasset" 5802
"../../../Engine/Content/EngineMaterials/Substrate/GLints/dict_16_192_64_0p5_0p02_0017_0007.uasset" 5803
"/Engine/EngineMaterials/Substrate/GLints/dict_16_192_64_0p5_0p02_0017_0007" 5804
"/Engine/EngineMaterials/Substrate/GLints/dict_16_192_64_0p5_0p02_0016_0004" 5805
"../../../Engine/Content/EngineMaterials/Substrate/GLints/dict_16_192_64_0p5_0p02_0016_0000.uasset" 5806
"/Engine/EngineMaterials/Substrate/GLints/dict_16_192_64_0p5_0p02_0016_0005" 5807
"../../../Engine/Content/EngineMaterials/Substrate/GLints/dict_16_192_64_0p5_0p02_0016_0001.uasset" 5808
"/Engine/EngineMaterials/Substrate/GLints/dict_16_192_64_0p5_0p02_0016_0006" 5809
"/Engine/EngineMaterials/Substrate/GLints/dict_16_192_64_0p5_0p02_0016_0007" 5810
"/Engine/EngineMaterials/Substrate/GLints/dict_16_192_64_0p5_0p02_0016_0012" 5811
"/Engine/EngineMaterials/Substrate/GLints/dict_16_192_64_0p5_0p02_0016_0002" 5812
"/Engine/EngineMaterials/Substrate/GLints/dict_16_192_64_0p5_0p02_0016_0003" 5813
"../../../Engine/Content/EngineMaterials/Substrate/GLints/dict_16_192_64_0p5_0p02_0015_0012.uasset" 5814
"../../../Engine/Content/EngineMaterials/Substrate/GLints/dict_16_192_64_0p5_0p02_0015_0013.uasset" 5815
"../../../Engine/Content/EngineMaterials/Substrate/GLints/dict_16_192_64_0p5_0p02_0015_0011.uasset" 5816
"/Engine/EngineMaterials/Substrate/GLints/dict_16_192_64_0p5_0p02_0016_0011" 5817
"../../../Engine/Content/EngineMaterials/Substrate/GLints/dict_16_192_64_0p5_0p02_0015_0009.uasset" 5818
"../../../Engine/Content/EngineMaterials/Substrate/GLints/dict_16_192_64_0p5_0p02_0015_0014.uasset" 5819
"../../../Engine/Content/EngineMaterials/Substrate/GLints/dict_16_192_64_0p5_0p02_0015_0010.uasset" 5820
"/Engine/EngineMaterials/Substrate/GLints/dict_16_192_64_0p5_0p02_0015_0009" 5821
"/Engine/EngineMaterials/Substrate/GLints/dict_16_192_64_0p5_0p02_0015_0011" 5822
"/Engine/EngineMaterials/Substrate/GLints/dict_16_192_64_0p5_0p02_0016_0000" 5823
"/Engine/EngineMaterials/Substrate/GLints/dict_16_192_64_0p5_0p02_0016_0001" 5824
"/Engine/EngineMaterials/Substrate/GLints/dict_16_192_64_0p5_0p02_0015_0012" 5825
"/Engine/EngineMaterials/Substrate/GLints/dict_16_192_64_0p5_0p02_0015_0013" 5826
"/Engine/EngineMaterials/Substrate/GLints/dict_16_192_64_0p5_0p02_0015_0014" 5827
"/Engine/EngineMaterials/Substrate/GLints/dict_16_192_64_0p5_0p02_0015_0010" 5828
"../../../Engine/Content/EngineMaterials/Substrate/GLints/dict_16_192_64_0p5_0p02_0015_0008.uasset" 5829
"../../../Engine/Content/EngineMaterials/Substrate/GLints/dict_16_192_64_0p5_0p02_0015_0007.uasset" 5830
"../../../Engine/Content/EngineMaterials/Substrate/GLints/dict_16_192_64_0p5_0p02_0015_0006.uasset" 5831
"../../../Engine/Content/EngineMaterials/Substrate/GLints/dict_16_192_64_0p5_0p02_0015_0005.uasset" 5832
"../../../Engine/Content/EngineMaterials/Substrate/GLints/dict_16_192_64_0p5_0p02_0015_0003.uasset" 5833
"../../../Engine/Content/EngineMaterials/Substrate/GLints/dict_16_192_64_0p5_0p02_0015_0001.uasset" 5834
"../../../Engine/Content/EngineMaterials/Substrate/GLints/dict_16_192_64_0p5_0p02_0015_0004.uasset" 5835
"../../../Engine/Content/EngineMaterials/Substrate/GLints/dict_16_192_64_0p5_0p02_0015_0002.uasset" 5836
"/Engine/EngineMaterials/Substrate/GLints/dict_16_192_64_0p5_0p02_0015_0007" 5837
"/Engine/EngineMaterials/Substrate/GLints/dict_16_192_64_0p5_0p02_0015_0008" 5838
"/Engine/EngineMaterials/Substrate/GLints/dict_16_192_64_0p5_0p02_0015_0001" 5839
"/Engine/EngineMaterials/Substrate/GLints/dict_16_192_64_0p5_0p02_0015_0002" 5840
"/Engine/EngineMaterials/Substrate/GLints/dict_16_192_64_0p5_0p02_0015_0003" 5841
"/Engine/EngineMaterials/Substrate/GLints/dict_16_192_64_0p5_0p02_0015_0004" 5842
"/Engine/EngineMaterials/Substrate/GLints/dict_16_192_64_0p5_0p02_0015_0005" 5843
"../../../Engine/Content/EngineMaterials/Substrate/GLints/dict_16_192_64_0p5_0p02_0014_0012.uasset" 5844
"../../../Engine/Content/EngineMaterials/Substrate/GLints/dict_16_192_64_0p5_0p02_0014_0013.uasset" 5845
"/Engine/EngineMaterials/Substrate/GLints/dict_16_192_64_0p5_0p02_0015_0006" 5846
"/Engine/EngineMaterials/Substrate/GLints/dict_16_192_64_0p5_0p02_0014_0012" 5847
"../../../Engine/Content/EngineMaterials/Substrate/GLints/dict_16_192_64_0p5_0p02_0014_0014.uasset" 5848
"/Engine/EngineMaterials/Substrate/GLints/dict_16_192_64_0p5_0p02_0014_0013" 5849
"../../../Engine/Content/EngineMaterials/Substrate/GLints/dict_16_192_64_0p5_0p02_0015_0000.uasset" 5850
"../../../Engine/Content/EngineMaterials/Substrate/GLints/dict_16_192_64_0p5_0p02_0014_0015.uasset" 5851
"/Engine/EngineMaterials/Substrate/GLints/dict_16_192_64_0p5_0p02_0015_0000" 5852
"../../../Engine/Content/EngineMaterials/Substrate/GLints/dict_16_192_64_0p5_0p02_0014_0010.uasset" 5853
"../../../Engine/Content/EngineMaterials/Substrate/GLints/dict_16_192_64_0p5_0p02_0014_0011.uasset" 5854
"/Engine/EngineMaterials/Substrate/GLints/dict_16_192_64_0p5_0p02_0014_0014" 5855
"../../../Engine/Content/EngineMaterials/Substrate/GLints/dict_16_192_64_0p5_0p02_0014_0009.uasset" 5856
"/Engine/EngineMaterials/Substrate/GLints/dict_16_192_64_0p5_0p02_0014_0015" 5857
"/Engine/EngineMaterials/Substrate/GLints/dict_16_192_64_0p5_0p02_0014_0011" 5858
"/Engine/EngineMaterials/Substrate/GLints/dict_16_192_64_0p5_0p02_0014_0009" 5859
"/Engine/EngineMaterials/Substrate/GLints/dict_16_192_64_0p5_0p02_0014_0010" 5860
"../../../Engine/Content/EngineMaterials/Substrate/GLints/dict_16_192_64_0p5_0p02_0015_0015.uasset" 5861
"../../../Engine/Content/EngineMaterials/Substrate/GLints/dict_16_192_64_0p5_0p02_0014_0006.uasset" 5862
"../../../Engine/Content/EngineMaterials/Substrate/GLints/dict_16_192_64_0p5_0p02_0014_0003.uasset" 5863
"../../../Engine/Content/EngineMaterials/Substrate/GLints/dict_16_192_64_0p5_0p02_0014_0008.uasset" 5864
"../../../Engine/Content/EngineMaterials/Substrate/GLints/dict_16_192_64_0p5_0p02_0014_0007.uasset" 5865
"../../../Engine/Content/EngineMaterials/Substrate/GLints/dict_16_192_64_0p5_0p02_0014_0005.uasset" 5866
"../../../Engine/Content/EngineMaterials/Substrate/GLints/dict_16_192_64_0p5_0p02_0014_0001.uasset" 5867
"../../../Engine/Content/EngineMaterials/Substrate/GLints/dict_16_192_64_0p5_0p02_0014_0002.uasset" 5868
"../../../Engine/Content/EngineMaterials/Substrate/GLints/dict_16_192_64_0p5_0p02_0014_0004.uasset" 5869
"../../../Engine/Content/EngineMaterials/Substrate/GLints/dict_16_192_64_0p5_0p02_0014_0000.uasset" 5870
"/Engine/EngineMaterials/Substrate/GLints/dict_16_192_64_0p5_0p02_0014_0002" 5871
"/Engine/EngineMaterials/Substrate/GLints/dict_16_192_64_0p5_0p02_0015_0015" 5872
"/Engine/EngineMaterials/Substrate/GLints/dict_16_192_64_0p5_0p02_0014_0003" 5873
"/Engine/EngineMaterials/Substrate/GLints/dict_16_192_64_0p5_0p02_0014_0004" 5874
"/Engine/EngineMaterials/Substrate/GLints/dict_16_192_64_0p5_0p02_0014_0005" 5875
"../../../Engine/Content/EngineMaterials/Substrate/GLints/dict_16_192_64_0p5_0p02_0013_0015.uasset" 5876
"../../../Engine/Content/EngineMaterials/Substrate/GLints/dict_16_192_64_0p5_0p02_0013_0014.uasset" 5877
"../../../Engine/Content/EngineMaterials/Substrate/GLints/dict_16_192_64_0p5_0p02_0013_0010.uasset" 5878
"../../../Engine/Content/EngineMaterials/Substrate/GLints/dict_16_192_64_0p5_0p02_0013_0011.uasset" 5879
"../../../Engine/Content/EngineMaterials/Substrate/GLints/dict_16_192_64_0p5_0p02_0013_0009.uasset" 5880
"/Engine/EngineMaterials/Substrate/GLints/dict_16_192_64_0p5_0p02_0014_0006" 5881
"../../../Engine/Content/EngineMaterials/Substrate/GLints/dict_16_192_64_0p5_0p02_0013_0008.uasset" 5882
"../../../Engine/Content/EngineMaterials/Substrate/GLints/dict_16_192_64_0p5_0p02_0013_0012.uasset" 5883
"../../../Engine/Content/EngineMaterials/Substrate/GLints/dict_16_192_64_0p5_0p02_0013_0013.uasset" 5884
"/Engine/EngineMaterials/Substrate/GLints/dict_16_192_64_0p5_0p02_0014_0007" 5885
"/Engine/EngineMaterials/Substrate/GLints/dict_16_192_64_0p5_0p02_0014_0008" 5886
"/Engine/EngineMaterials/Substrate/GLints/dict_16_192_64_0p5_0p02_0014_0001" 5887
"/Engine/EngineMaterials/Substrate/GLints/dict_16_192_64_0p5_0p02_0013_0011" 5888
"/Engine/EngineMaterials/Substrate/GLints/dict_16_192_64_0p5_0p02_0013_0010" 5889
"/Engine/EngineMaterials/Substrate/GLints/dict_16_192_64_0p5_0p02_0013_0012" 5890
"/Engine/EngineMaterials/Substrate/GLints/dict_16_192_64_0p5_0p02_0013_0013" 5891
"/Engine/EngineMaterials/Substrate/GLints/dict_16_192_64_0p5_0p02_0013_0014" 5892
"/Engine/EngineMaterials/Substrate/GLints/dict_16_192_64_0p5_0p02_0013_0015" 5893
"/Engine/EngineMaterials/Substrate/GLints/dict_16_192_64_0p5_0p02_0013_0008" 5894
"/Engine/EngineMaterials/Substrate/GLints/dict_16_192_64_0p5_0p02_0013_0009" 5895
"/Engine/EngineMaterials/Substrate/GLints/dict_16_192_64_0p5_0p02_0014_0000" 5896
"../../../Engine/Content/EngineMaterials/Substrate/GLints/dict_16_192_64_0p5_0p02_0013_0000.uasset" 5897
"../../../Engine/Content/EngineMaterials/Substrate/GLints/dict_16_192_64_0p5_0p02_0013_0006.uasset" 5898
"../../../Engine/Content/EngineMaterials/Substrate/GLints/dict_16_192_64_0p5_0p02_0013_0001.uasset" 5899
"../../../Engine/Content/EngineMaterials/Substrate/GLints/dict_16_192_64_0p5_0p02_0013_0003.uasset" 5900
"../../../Engine/Content/EngineMaterials/Substrate/GLints/dict_16_192_64_0p5_0p02_0013_0005.uasset" 5901
"../../../Engine/Content/EngineMaterials/Substrate/GLints/dict_16_192_64_0p5_0p02_0012_0015.uasset" 5902
"../../../Engine/Content/EngineMaterials/Substrate/GLints/dict_16_192_64_0p5_0p02_0013_0004.uasset" 5903
"../../../Engine/Content/EngineMaterials/Substrate/GLints/dict_16_192_64_0p5_0p02_0013_0007.uasset" 5904
"../../../Engine/Content/EngineMaterials/Substrate/GLints/dict_16_192_64_0p5_0p02_0013_0002.uasset" 5905
"/Engine/EngineMaterials/Substrate/GLints/dict_16_192_64_0p5_0p02_0013_0002" 5906
"/Engine/EngineMaterials/Substrate/GLints/dict_16_192_64_0p5_0p02_0013_0003" 5907
"../../../Engine/Content/EngineMaterials/Substrate/GLints/dict_16_192_64_0p5_0p02_0012_0008.uasset" 5908
"../../../Engine/Content/EngineMaterials/Substrate/GLints/dict_16_192_64_0p5_0p02_0012_0011.uasset" 5909
"../../../Engine/Content/EngineMaterials/Substrate/GLints/dict_16_192_64_0p5_0p02_0012_0012.uasset" 5910
"../../../Engine/Content/EngineMaterials/Substrate/GLints/dict_16_192_64_0p5_0p02_0012_0013.uasset" 5911
"../../../Engine/Content/EngineMaterials/Substrate/GLints/dict_16_192_64_0p5_0p02_0012_0009.uasset" 5912
"/Engine/EngineMaterials/Substrate/GLints/dict_16_192_64_0p5_0p02_0013_0004" 5913
"../../../Engine/Content/EngineMaterials/Substrate/GLints/dict_16_192_64_0p5_0p02_0012_0010.uasset" 5914
"../../../Engine/Content/EngineMaterials/Substrate/GLints/dict_16_192_64_0p5_0p02_0012_0014.uasset" 5915
"../../../Engine/Content/EngineMaterials/Substrate/GLints/dict_16_192_64_0p5_0p02_0012_0007.uasset" 5916
"/Engine/EngineMaterials/Substrate/GLints/dict_16_192_64_0p5_0p02_0013_0005" 5917
"/Engine/EngineMaterials/Substrate/GLints/dict_16_192_64_0p5_0p02_0013_0006" 5918
"/Engine/EngineMaterials/Substrate/GLints/dict_16_192_64_0p5_0p02_0013_0007" 5919
"/Engine/EngineMaterials/Substrate/GLints/dict_16_192_64_0p5_0p02_0013_0000" 5920
"/Engine/EngineMaterials/Substrate/GLints/dict_16_192_64_0p5_0p02_0013_0001" 5921
"/Engine/EngineMaterials/Substrate/GLints/dict_16_192_64_0p5_0p02_0012_0015" 5922
"/Engine/EngineMaterials/Substrate/GLints/dict_16_192_64_0p5_0p02_0012_0010" 5923
"../../../Engine/Content/EngineMaterials/Substrate/GLints/dict_16_192_64_0p5_0p02_0012_0006.uasset" 5924
"/Engine/EngineMaterials/Substrate/GLints/dict_16_192_64_0p5_0p02_0012_0014" 5925
"/Engine/EngineMaterials/Substrate/GLints/dict_16_192_64_0p5_0p02_0012_0007" 5926
"/Engine/EngineMaterials/Substrate/GLints/dict_16_192_64_0p5_0p02_0012_0011" 5927
"/Engine/EngineMaterials/Substrate/GLints/dict_16_192_64_0p5_0p02_0012_0008" 5928
"/Engine/EngineMaterials/Substrate/GLints/dict_16_192_64_0p5_0p02_0012_0012" 5929
"/Engine/EngineMaterials/Substrate/GLints/dict_16_192_64_0p5_0p02_0012_0009" 5930
"/Engine/EngineMaterials/Substrate/GLints/dict_16_192_64_0p5_0p02_0012_0013" 5931
"/Engine/EngineMaterials/Substrate/GLints/dict_16_192_64_0p5_0p02_0012_0006" 5932
"../../../Engine/Content/EngineMaterials/Substrate/GLints/dict_16_192_64_0p5_0p02_0011_0015.uasset" 5933
"../../../Engine/Content/EngineMaterials/Substrate/GLints/dict_16_192_64_0p5_0p02_0012_0005.uasset" 5934
"../../../Engine/Content/EngineMaterials/Substrate/GLints/dict_16_192_64_0p5_0p02_0011_0014.uasset" 5935
"../../../Engine/Content/EngineMaterials/Substrate/GLints/dict_16_192_64_0p5_0p02_0012_0002.uasset" 5936
"../../../Engine/Content/EngineMaterials/Substrate/GLints/dict_16_192_64_0p5_0p02_0012_0000.uasset" 5937
"../../../Engine/Content/EngineMaterials/Substrate/GLints/dict_16_192_64_0p5_0p02_0012_0003.uasset" 5938
"../../../Engine/Content/EngineMaterials/Substrate/GLints/dict_16_192_64_0p5_0p02_0012_0004.uasset" 5939
"../../../Engine/Content/EngineMaterials/Substrate/GLints/dict_16_192_64_0p5_0p02_0012_0001.uasset" 5940
"../../../Engine/Content/EngineMaterials/Substrate/GLints/dict_16_192_64_0p5_0p02_0011_0013.uasset" 5941
"/Engine/EngineMaterials/Substrate/GLints/dict_16_192_64_0p5_0p02_0012_0001" 5942
"/Engine/EngineMaterials/Substrate/GLints/dict_16_192_64_0p5_0p02_0012_0002" 5943
"/Engine/EngineMaterials/Substrate/GLints/dict_16_192_64_0p5_0p02_0012_0003" 5944
"/Engine/EngineMaterials/Substrate/GLints/dict_16_192_64_0p5_0p02_0012_0004" 5945
"/Engine/EngineMaterials/Substrate/GLints/dict_16_192_64_0p5_0p02_0012_0005" 5946
"../../../Engine/Content/EngineMaterials/Substrate/GLints/dict_16_192_64_0p5_0p02_0011_0010.uasset" 5947
"/Engine/EngineMaterials/Substrate/GLints/dict_16_192_64_0p5_0p02_0011_0013" 5948
"/Engine/EngineMaterials/Substrate/GLints/dict_16_192_64_0p5_0p02_0011_0014" 5949
"../../../Engine/Content/EngineMaterials/Substrate/GLints/dict_16_192_64_0p5_0p02_0011_0011.uasset" 5950
"../../../Engine/Content/EngineMaterials/Substrate/GLints/dict_16_192_64_0p5_0p02_0011_0006.uasset" 5951
"../../../Engine/Content/EngineMaterials/Substrate/GLints/dict_16_192_64_0p5_0p02_0011_0005.uasset" 5952
"../../../Engine/Content/EngineMaterials/Substrate/GLints/dict_16_192_64_0p5_0p02_0011_0009.uasset" 5953
"/Engine/EngineMaterials/Substrate/GLints/dict_16_192_64_0p5_0p02_0011_0015" 5954
"../../../Engine/Content/EngineMaterials/Substrate/GLints/dict_16_192_64_0p5_0p02_0011_0008.uasset" 5955
"../../../Engine/Content/EngineMaterials/Substrate/GLints/dict_16_192_64_0p5_0p02_0011_0007.uasset" 5956
"../../../Engine/Content/EngineMaterials/Substrate/GLints/dict_16_192_64_0p5_0p02_0011_0012.uasset" 5957
"/Engine/EngineMaterials/Substrate/GLints/dict_16_192_64_0p5_0p02_0012_0000" 5958
"/Engine/EngineMaterials/Substrate/GLints/dict_16_192_64_0p5_0p02_0011_0008" 5959
"/Engine/EngineMaterials/Substrate/GLints/dict_16_192_64_0p5_0p02_0011_0009" 5960
"/Engine/EngineMaterials/Substrate/GLints/dict_16_192_64_0p5_0p02_0011_0010" 5961
"/Engine/EngineMaterials/Substrate/GLints/dict_16_192_64_0p5_0p02_0011_0011" 5962
"/Engine/EngineMaterials/Substrate/GLints/dict_16_192_64_0p5_0p02_0011_0012" 5963
"../../../Engine/Content/EngineMaterials/Substrate/GLints/dict_16_192_64_0p5_0p02_0011_0004.uasset" 5964
"/Engine/EngineMaterials/Substrate/GLints/dict_16_192_64_0p5_0p02_0011_0005" 5965
"/Engine/EngineMaterials/Substrate/GLints/dict_16_192_64_0p5_0p02_0011_0006" 5966
"/Engine/EngineMaterials/Substrate/GLints/dict_16_192_64_0p5_0p02_0011_0007" 5967
"/Engine/EngineMaterials/Substrate/GLints/dict_16_192_64_0p5_0p02_0011_0004" 5968
"../../../Engine/Content/EngineMaterials/Substrate/GLints/dict_16_192_64_0p5_0p02_0010_0014.uasset" 5969
"../../../Engine/Content/EngineMaterials/Substrate/GLints/dict_16_192_64_0p5_0p02_0011_0001.uasset" 5970
"../../../Engine/Content/EngineMaterials/Substrate/GLints/dict_16_192_64_0p5_0p02_0010_0013.uasset" 5971
"../../../Engine/Content/EngineMaterials/Substrate/GLints/dict_16_192_64_0p5_0p02_0011_0003.uasset" 5972
"../../../Engine/Content/EngineMaterials/Substrate/GLints/dict_16_192_64_0p5_0p02_0010_0015.uasset" 5973
"../../../Engine/Content/EngineMaterials/Substrate/GLints/dict_16_192_64_0p5_0p02_0011_0002.uasset" 5974
"../../../Engine/Content/EngineMaterials/Substrate/GLints/dict_16_192_64_0p5_0p02_0011_0000.uasset" 5975
"../../../Engine/Content/EngineMaterials/Substrate/GLints/dict_16_192_64_0p5_0p02_0010_0012.uasset" 5976
"/Engine/EngineMaterials/Substrate/GLints/dict_16_192_64_0p5_0p02_0010_0015" 5977
"../../../Engine/Content/EngineMaterials/Substrate/GLints/dict_16_192_64_0p5_0p02_0010_0009.uasset" 5978
"../../../Engine/Content/EngineMaterials/Substrate/GLints/dict_16_192_64_0p5_0p02_0010_0010.uasset" 5979
"/Engine/EngineMaterials/Substrate/GLints/dict_16_192_64_0p5_0p02_0011_0000" 5980
"../../../Engine/Content/EngineMaterials/Substrate/GLints/dict_16_192_64_0p5_0p02_0010_0011.uasset" 5981
"../../../Engine/Content/EngineMaterials/Substrate/GLints/dict_16_192_64_0p5_0p02_0010_0004.uasset" 5982
"../../../Engine/Content/EngineMaterials/Substrate/GLints/dict_16_192_64_0p5_0p02_0010_0006.uasset" 5983
"../../../Engine/Content/EngineMaterials/Substrate/GLints/dict_16_192_64_0p5_0p02_0010_0005.uasset" 5984
"/Engine/EngineMaterials/Substrate/GLints/dict_16_192_64_0p5_0p02_0011_0001" 5985
"../../../Engine/Content/EngineMaterials/Substrate/GLints/dict_16_192_64_0p5_0p02_0010_0007.uasset" 5986
"../../../Engine/Content/EngineMaterials/Substrate/GLints/dict_16_192_64_0p5_0p02_0010_0008.uasset" 5987
"/Engine/EngineMaterials/Substrate/GLints/dict_16_192_64_0p5_0p02_0011_0002" 5988
"../../../Engine/Content/EngineMaterials/Substrate/GLints/dict_16_192_64_0p5_0p02_0010_0003.uasset" 5989
"/Engine/EngineMaterials/Substrate/GLints/dict_16_192_64_0p5_0p02_0011_0003" 5990
"/Engine/EngineMaterials/Substrate/GLints/dict_16_192_64_0p5_0p02_0010_0012" 5991
"/Engine/EngineMaterials/Substrate/GLints/dict_16_192_64_0p5_0p02_0010_0013" 5992
"../../../Engine/Content/EngineMaterials/Substrate/GLints/dict_16_192_64_0p5_0p02_0009_0012.uasset" 5993
"../../../Engine/Content/EngineMaterials/Substrate/GLints/dict_16_192_64_0p5_0p02_0010_0001.uasset" 5994
"/Engine/EngineMaterials/Substrate/GLints/dict_16_192_64_0p5_0p02_0010_0014" 5995
"../../../Engine/Content/EngineMaterials/Substrate/GLints/dict_16_192_64_0p5_0p02_0009_0015.uasset" 5996
"../../../Engine/Content/EngineMaterials/Substrate/GLints/dict_16_192_64_0p5_0p02_0009_0013.uasset" 5997
"../../../Engine/Content/EngineMaterials/Substrate/GLints/dict_16_192_64_0p5_0p02_0009_0010.uasset" 5998
"../../../Engine/Content/EngineMaterials/Substrate/GLints/dict_16_192_64_0p5_0p02_0010_0002.uasset" 5999
"../../../Engine/Content/EngineMaterials/Substrate/GLints/dict_16_192_64_0p5_0p02_0010_0000.uasset" 6000
"../../../Engine/Content/EngineMaterials/Substrate/GLints/dict_16_192_64_0p5_0p02_0009_0014.uasset" 6001
"/Engine/EngineMaterials/Substrate/GLints/dict_16_192_64_0p5_0p02_0010_0007" 6002
"/Engine/EngineMaterials/Substrate/GLints/dict_16_192_64_0p5_0p02_0009_0013" 6003
"/Engine/EngineMaterials/Substrate/GLints/dict_16_192_64_0p5_0p02_0009_0014" 6004
"/Engine/EngineMaterials/Substrate/GLints/dict_16_192_64_0p5_0p02_0009_0015" 6005
"/Engine/EngineMaterials/Substrate/GLints/dict_16_192_64_0p5_0p02_0010_0000" 6006
"/Engine/EngineMaterials/Substrate/GLints/dict_16_192_64_0p5_0p02_0010_0001" 6007
"/Engine/EngineMaterials/Substrate/GLints/dict_16_192_64_0p5_0p02_0010_0008" 6008
"/Engine/EngineMaterials/Substrate/GLints/dict_16_192_64_0p5_0p02_0010_0006" 6009
"/Engine/EngineMaterials/Substrate/GLints/dict_16_192_64_0p5_0p02_0010_0009" 6010
"/Engine/EngineMaterials/Substrate/GLints/dict_16_192_64_0p5_0p02_0010_0010" 6011
"/Engine/EngineMaterials/Substrate/GLints/dict_16_192_64_0p5_0p02_0010_0002" 6012
"/Engine/EngineMaterials/Substrate/GLints/dict_16_192_64_0p5_0p02_0010_0011" 6013
"/Engine/EngineMaterials/Substrate/GLints/dict_16_192_64_0p5_0p02_0009_0010" 6014
"/Engine/EngineMaterials/Substrate/GLints/dict_16_192_64_0p5_0p02_0009_0012" 6015
"/Engine/EngineMaterials/Substrate/GLints/dict_16_192_64_0p5_0p02_0010_0003" 6016
"/Engine/EngineMaterials/Substrate/GLints/dict_16_192_64_0p5_0p02_0010_0004" 6017
"/Engine/EngineMaterials/Substrate/GLints/dict_16_192_64_0p5_0p02_0010_0005" 6018
"../../../Engine/Content/EngineMaterials/Substrate/GLints/dict_16_192_64_0p5_0p02_0009_0004.uasset" 6019
"../../../Engine/Content/EngineMaterials/Substrate/GLints/dict_16_192_64_0p5_0p02_0009_0005.uasset" 6020
"../../../Engine/Content/EngineMaterials/Substrate/GLints/dict_16_192_64_0p5_0p02_0009_0007.uasset" 6021
"../../../Engine/Content/EngineMaterials/Substrate/GLints/dict_16_192_64_0p5_0p02_0009_0006.uasset" 6022
"../../../Engine/Content/EngineMaterials/Substrate/GLints/dict_16_192_64_0p5_0p02_0009_0008.uasset" 6023
"../../../Engine/Content/EngineMaterials/Substrate/GLints/dict_16_192_64_0p5_0p02_0009_0009.uasset" 6024
"../../../Engine/Content/EngineMaterials/Substrate/GLints/dict_16_192_64_0p5_0p02_0009_0003.uasset" 6025
"../../../Engine/Content/EngineMaterials/Substrate/GLints/dict_16_192_64_0p5_0p02_0009_0002.uasset" 6026
"../../../Engine/Content/EngineMaterials/Substrate/GLints/dict_16_192_64_0p5_0p02_0008_0015.uasset" 6027
"../../../Engine/Content/EngineMaterials/Substrate/GLints/dict_16_192_64_0p5_0p02_0009_0001.uasset" 6028
"/Engine/EngineMaterials/Substrate/GLints/dict_16_192_64_0p5_0p02_0009_0005" 6029
"../../../Engine/Content/EngineMaterials/Substrate/GLints/dict_16_192_64_0p5_0p02_0009_0011.uasset" 6030
"/Engine/EngineMaterials/Substrate/GLints/dict_16_192_64_0p5_0p02_0009_0006" 6031
"/Engine/EngineMaterials/Substrate/GLints/dict_16_192_64_0p5_0p02_0009_0007" 6032
"/Engine/EngineMaterials/Substrate/GLints/dict_16_192_64_0p5_0p02_0009_0008" 6033
"/Engine/EngineMaterials/Substrate/GLints/dict_16_192_64_0p5_0p02_0009_0009" 6034
"/Engine/EngineMaterials/Substrate/GLints/dict_16_192_64_0p5_0p02_0008_0015" 6035
"/Engine/EngineMaterials/Substrate/GLints/dict_16_192_64_0p5_0p02_0009_0004" 6036
"/Engine/EngineMaterials/Substrate/GLints/dict_16_192_64_0p5_0p02_0009_0001" 6037
"/Engine/EngineMaterials/Substrate/GLints/dict_16_192_64_0p5_0p02_0009_0002" 6038
"/Engine/EngineMaterials/Substrate/GLints/dict_16_192_64_0p5_0p02_0009_0003" 6039
"/Engine/EngineMaterials/Substrate/GLints/dict_16_192_64_0p5_0p02_0009_0011" 6040
"../../../Engine/Content/EngineMaterials/Substrate/GLints/dict_16_192_64_0p5_0p02_0009_0000.uasset" 6041
"/Engine/EngineMaterials/Substrate/GLints/dict_16_192_64_0p5_0p02_0009_0000" 6042
"../../../Engine/Content/EngineMaterials/Substrate/GLints/dict_16_192_64_0p5_0p02_0008_0013.uasset" 6043
"/Engine/EngineMaterials/Substrate/GLints/dict_16_192_64_0p5_0p02_0008_0013" 6044
"../../../Engine/Content/EngineMaterials/Substrate/GLints/dict_16_192_64_0p5_0p02_0008_0012.uasset" 6045
"../../../Engine/Content/EngineMaterials/Substrate/GLints/dict_16_192_64_0p5_0p02_0008_0014.uasset" 6046
"/Engine/EngineMaterials/Substrate/GLints/dict_16_192_64_0p5_0p02_0008_0012" 6047
"/Engine/EngineMaterials/Substrate/GLints/dict_16_192_64_0p5_0p02_0008_0014" 6048
"../../../Engine/Content/EngineMaterials/Substrate/GLints/dict_16_192_64_0p5_0p02_0008_0010.uasset" 6049
"../../../Engine/Content/EngineMaterials/Substrate/GLints/dict_16_192_64_0p5_0p02_0008_0007.uasset" 6050
"../../../Engine/Content/EngineMaterials/Substrate/GLints/dict_16_192_64_0p5_0p02_0008_0009.uasset" 6051
"../../../Engine/Content/EngineMaterials/Substrate/GLints/dict_16_192_64_0p5_0p02_0008_0008.uasset" 6052
"../../../Engine/Content/EngineMaterials/Substrate/GLints/dict_16_192_64_0p5_0p02_0008_0011.uasset" 6053
"../../../Engine/Content/EngineMaterials/Substrate/GLints/dict_16_192_64_0p5_0p02_0008_0003.uasset" 6054
"../../../Engine/Content/EngineMaterials/Substrate/GLints/dict_16_192_64_0p5_0p02_0008_0002.uasset" 6055
"/Engine/EngineMaterials/Substrate/GLints/dict_16_192_64_0p5_0p02_0008_0003" 6056
"../../../Engine/Content/EngineMaterials/Substrate/GLints/dict_16_192_64_0p5_0p02_0008_0005.uasset" 6057
"../../../Engine/Content/EngineMaterials/Substrate/GLints/dict_16_192_64_0p5_0p02_0008_0004.uasset" 6058
"/Engine/EngineMaterials/Substrate/GLints/dict_16_192_64_0p5_0p02_0008_0007" 6059
"../../../Engine/Content/EngineMaterials/Substrate/GLints/dict_16_192_64_0p5_0p02_0008_0001.uasset" 6060
"../../../Engine/Content/EngineMaterials/Substrate/GLints/dict_16_192_64_0p5_0p02_0007_0015.uasset" 6061
"../../../Engine/Content/EngineMaterials/Substrate/GLints/dict_16_192_64_0p5_0p02_0008_0000.uasset" 6062
"/Engine/EngineMaterials/Substrate/GLints/dict_16_192_64_0p5_0p02_0008_0008" 6063
"../../../Engine/Content/EngineMaterials/Substrate/GLints/dict_16_192_64_0p5_0p02_0007_0014.uasset" 6064
"/Engine/EngineMaterials/Substrate/GLints/dict_16_192_64_0p5_0p02_0008_0009" 6065
"/Engine/EngineMaterials/Substrate/GLints/dict_16_192_64_0p5_0p02_0008_0010" 6066
"/Engine/EngineMaterials/Substrate/GLints/dict_16_192_64_0p5_0p02_0008_0011" 6067
"../../../Engine/Content/EngineMaterials/Substrate/GLints/dict_16_192_64_0p5_0p02_0007_0013.uasset" 6068
"../../../Engine/Content/EngineMaterials/Substrate/GLints/dict_16_192_64_0p5_0p02_0007_0010.uasset" 6069
"../../../Engine/Content/EngineMaterials/Substrate/GLints/dict_16_192_64_0p5_0p02_0007_0012.uasset" 6070
"../../../Engine/Content/EngineMaterials/Substrate/GLints/dict_16_192_64_0p5_0p02_0007_0011.uasset" 6071
"/Engine/EngineMaterials/Substrate/GLints/dict_16_192_64_0p5_0p02_0007_0013" 6072
"/Engine/EngineMaterials/Substrate/GLints/dict_16_192_64_0p5_0p02_0007_0014" 6073
"/Engine/EngineMaterials/Substrate/GLints/dict_16_192_64_0p5_0p02_0007_0015" 6074
"/Engine/EngineMaterials/Substrate/GLints/dict_16_192_64_0p5_0p02_0008_0000" 6075
"/Engine/EngineMaterials/Substrate/GLints/dict_16_192_64_0p5_0p02_0008_0001" 6076
"../../../Engine/Content/EngineMaterials/Substrate/GLints/dict_16_192_64_0p5_0p02_0007_0008.uasset" 6077
"../../../Engine/Content/EngineMaterials/Substrate/GLints/dict_16_192_64_0p5_0p02_0007_0005.uasset" 6078
"../../../Engine/Content/EngineMaterials/Substrate/GLints/dict_16_192_64_0p5_0p02_0007_0006.uasset" 6079
"/Engine/EngineMaterials/Substrate/GLints/dict_16_192_64_0p5_0p02_0008_0002" 6080
"../../../Engine/Content/EngineMaterials/Substrate/GLints/dict_16_192_64_0p5_0p02_0007_0007.uasset" 6081
"/Engine/EngineMaterials/Substrate/GLints/dict_16_192_64_0p5_0p02_0008_0004" 6082
"/Engine/EngineMaterials/Substrate/GLints/dict_16_192_64_0p5_0p02_0008_0005" 6083
"../../../Engine/Content/EngineMaterials/Substrate/GLints/dict_16_192_64_0p5_0p02_0007_0009.uasset" 6084
"/Engine/EngineMaterials/Substrate/GLints/dict_16_192_64_0p5_0p02_0007_0010" 6085
"/Engine/EngineMaterials/Substrate/GLints/dict_16_192_64_0p5_0p02_0007_0011" 6086
"/Engine/EngineMaterials/Substrate/GLints/dict_16_192_64_0p5_0p02_0007_0012" 6087
"../../../Engine/Content/EngineMaterials/Substrate/GLints/dict_16_192_64_0p5_0p02_0007_0004.uasset" 6088
"../../../Engine/Content/EngineMaterials/Substrate/GLints/dict_16_192_64_0p5_0p02_0007_0001.uasset" 6089
"/Engine/EngineMaterials/Substrate/GLints/dict_16_192_64_0p5_0p02_0007_0005" 6090
"../../../Engine/Content/EngineMaterials/Substrate/GLints/dict_16_192_64_0p5_0p02_0006_0014.uasset" 6091
"../../../Engine/Content/EngineMaterials/Substrate/GLints/dict_16_192_64_0p5_0p02_0007_0000.uasset" 6092
"/Engine/EngineMaterials/Substrate/GLints/dict_16_192_64_0p5_0p02_0007_0006" 6093
"../../../Engine/Content/EngineMaterials/Substrate/GLints/dict_16_192_64_0p5_0p02_0007_0002.uasset" 6094
"/Engine/EngineMaterials/Substrate/GLints/dict_16_192_64_0p5_0p02_0007_0007" 6095
"../../../Engine/Content/EngineMaterials/Substrate/GLints/dict_16_192_64_0p5_0p02_0007_0003.uasset" 6096
"/Engine/EngineMaterials/Substrate/GLints/dict_16_192_64_0p5_0p02_0007_0008" 6097
"../../../Engine/Content/EngineMaterials/Substrate/GLints/dict_16_192_64_0p5_0p02_0006_0013.uasset" 6098
"/Engine/EngineMaterials/Substrate/GLints/dict_16_192_64_0p5_0p02_0007_0009" 6099
"/Engine/EngineMaterials/Substrate/GLints/dict_16_192_64_0p5_0p02_0006_0014" 6100
"/Engine/EngineMaterials/Substrate/GLints/dict_16_192_64_0p5_0p02_0007_0001" 6101
"/Engine/EngineMaterials/Substrate/GLints/dict_16_192_64_0p5_0p02_0007_0002" 6102
"/Engine/EngineMaterials/Substrate/GLints/dict_16_192_64_0p5_0p02_0007_0003" 6103
"/Engine/EngineMaterials/Substrate/GLints/dict_16_192_64_0p5_0p02_0007_0004" 6104
"/Engine/EngineMaterials/Substrate/GLints/dict_16_192_64_0p5_0p02_0006_0013" 6105
"/Engine/EngineMaterials/Substrate/GLints/dict_16_192_64_0p5_0p02_0007_0000" 6106
"../../../Engine/Content/EngineMaterials/Substrate/GLints/dict_16_192_64_0p5_0p02_0006_0011.uasset" 6107
"../../../Engine/Content/EngineMaterials/Substrate/GLints/dict_16_192_64_0p5_0p02_0006_0012.uasset" 6108
"../../../Engine/Content/EngineMaterials/Substrate/GLints/dict_16_192_64_0p5_0p02_0006_0015.uasset" 6109
"../../../Engine/Content/EngineMaterials/Substrate/GLints/dict_16_192_64_0p5_0p02_0008_0006.uasset" 6110
"../../../Engine/Content/EngineMaterials/Substrate/GLints/dict_16_192_64_0p5_0p02_0006_0009.uasset" 6111
"../../../Engine/Content/EngineMaterials/Substrate/GLints/dict_16_192_64_0p5_0p02_0006_0010.uasset" 6112
"../../../Engine/Content/EngineMaterials/Substrate/GLints/dict_16_192_64_0p5_0p02_0006_0008.uasset" 6113
"../../../Engine/Content/EngineMaterials/Substrate/GLints/dict_16_192_64_0p5_0p02_0006_0005.uasset" 6114
"/Engine/EngineMaterials/Substrate/GLints/dict_16_192_64_0p5_0p02_0006_0012" 6115
"../../../Engine/Content/EngineMaterials/Substrate/GLints/dict_16_192_64_0p5_0p02_0006_0006.uasset" 6116
"../../../Engine/Content/EngineMaterials/Substrate/GLints/dict_16_192_64_0p5_0p02_0006_0007.uasset" 6117
"/Engine/EngineMaterials/Substrate/GLints/dict_16_192_64_0p5_0p02_0008_0006" 6118
"/Engine/EngineMaterials/Substrate/GLints/dict_16_192_64_0p5_0p02_0006_0015" 6119
"/Engine/EngineMaterials/Substrate/GLints/dict_16_192_64_0p5_0p02_0006_0008" 6120
"../../../Engine/Content/EngineMaterials/Substrate/GLints/dict_16_192_64_0p5_0p02_0006_0004.uasset" 6121
"/Engine/EngineMaterials/Substrate/GLints/dict_16_192_64_0p5_0p02_0006_0009" 6122
"/Engine/EngineMaterials/Substrate/GLints/dict_16_192_64_0p5_0p02_0006_0010" 6123
"../../../Engine/Content/EngineMaterials/Substrate/GLints/dict_16_192_64_0p5_0p02_0006_0003.uasset" 6124
"/Engine/EngineMaterials/Substrate/GLints/dict_16_192_64_0p5_0p02_0006_0011" 6125
"/Engine/EngineMaterials/Substrate/GLints/dict_16_192_64_0p5_0p02_0006_0005" 6126
"/Engine/EngineMaterials/Substrate/GLints/dict_16_192_64_0p5_0p02_0006_0006" 6127
"/Engine/EngineMaterials/Substrate/GLints/dict_16_192_64_0p5_0p02_0006_0003" 6128
"/Engine/EngineMaterials/Substrate/GLints/dict_16_192_64_0p5_0p02_0006_0004" 6129
"/Engine/EngineMaterials/Substrate/GLints/dict_16_192_64_0p5_0p02_0006_0007" 6130
"../../../Engine/Content/EngineMaterials/Substrate/GLints/dict_16_192_64_0p5_0p02_0006_0002.uasset" 6131
"../../../Engine/Content/EngineMaterials/Substrate/GLints/dict_16_192_64_0p5_0p02_0005_0013.uasset" 6132
"../../../Engine/Content/EngineMaterials/Substrate/GLints/dict_16_192_64_0p5_0p02_0005_0014.uasset" 6133
"../../../Engine/Content/EngineMaterials/Substrate/GLints/dict_16_192_64_0p5_0p02_0005_0011.uasset" 6134
"../../../Engine/Content/EngineMaterials/Substrate/GLints/dict_16_192_64_0p5_0p02_0005_0015.uasset" 6135
"../../../Engine/Content/EngineMaterials/Substrate/GLints/dict_16_192_64_0p5_0p02_0006_0000.uasset" 6136
"../../../Engine/Content/EngineMaterials/Substrate/GLints/dict_16_192_64_0p5_0p02_0006_0001.uasset" 6137
"../../../Engine/Content/EngineMaterials/Substrate/GLints/dict_16_192_64_0p5_0p02_0005_0012.uasset" 6138
"../../../Engine/Content/EngineMaterials/Substrate/GLints/dict_16_192_64_0p5_0p02_0005_0010.uasset" 6139
"/Engine/EngineMaterials/Substrate/GLints/dict_16_192_64_0p5_0p02_0005_0013" 6140
"/Engine/EngineMaterials/Substrate/GLints/dict_16_192_64_0p5_0p02_0005_0014" 6141
"/Engine/EngineMaterials/Substrate/GLints/dict_16_192_64_0p5_0p02_0005_0015" 6142
"/Engine/EngineMaterials/Substrate/GLints/dict_16_192_64_0p5_0p02_0006_0000" 6143
"/Engine/EngineMaterials/Substrate/GLints/dict_16_192_64_0p5_0p02_0006_0001" 6144
"/Engine/EngineMaterials/Substrate/GLints/dict_16_192_64_0p5_0p02_0006_0002" 6145
"/Engine/EngineMaterials/Substrate/GLints/dict_16_192_64_0p5_0p02_0005_0010" 6146
"/Engine/EngineMaterials/Substrate/GLints/dict_16_192_64_0p5_0p02_0005_0011" 6147
"/Engine/EngineMaterials/Substrate/GLints/dict_16_192_64_0p5_0p02_0005_0012" 6148
"../../../Engine/Content/EngineMaterials/Substrate/GLints/dict_16_192_64_0p5_0p02_0005_0009.uasset" 6149
"../../../Engine/Content/EngineMaterials/Substrate/GLints/dict_16_192_64_0p5_0p02_0005_0006.uasset" 6150
"../../../Engine/Content/EngineMaterials/Substrate/GLints/dict_16_192_64_0p5_0p02_0005_0007.uasset" 6151
"../../../Engine/Content/EngineMaterials/Substrate/GLints/dict_16_192_64_0p5_0p02_0005_0008.uasset" 6152
"../../../Engine/Content/EngineMaterials/Substrate/GLints/dict_16_192_64_0p5_0p02_0005_0003.uasset" 6153
"../../../Engine/Content/EngineMaterials/Substrate/GLints/dict_16_192_64_0p5_0p02_0005_0002.uasset" 6154
"../../../Engine/Content/EngineMaterials/Substrate/GLints/dict_16_192_64_0p5_0p02_0005_0004.uasset" 6155
"../../../Engine/Content/EngineMaterials/Substrate/GLints/dict_16_192_64_0p5_0p02_0005_0005.uasset" 6156
"../../../Engine/Content/EngineMaterials/Substrate/GLints/dict_16_192_64_0p5_0p02_0005_0001.uasset" 6157
"/Engine/EngineMaterials/Substrate/GLints/dict_16_192_64_0p5_0p02_0005_0006" 6158
"/Engine/EngineMaterials/Substrate/GLints/dict_16_192_64_0p5_0p02_0005_0007" 6159
"/Engine/EngineMaterials/Substrate/GLints/dict_16_192_64_0p5_0p02_0005_0001" 6160
"/Engine/EngineMaterials/Substrate/GLints/dict_16_192_64_0p5_0p02_0005_0002" 6161
"/Engine/EngineMaterials/Substrate/GLints/dict_16_192_64_0p5_0p02_0005_0003" 6162
"../../../Engine/Content/EngineMaterials/Substrate/GLints/dict_16_192_64_0p5_0p02_0004_0015.uasset" 6163
"/Engine/EngineMaterials/Substrate/GLints/dict_16_192_64_0p5_0p02_0005_0004" 6164
"../../../Engine/Content/EngineMaterials/Substrate/GLints/dict_16_192_64_0p5_0p02_0004_0013.uasset" 6165
"/Engine/EngineMaterials/Substrate/GLints/dict_16_192_64_0p5_0p02_0005_0008" 6166
"../../../Engine/Content/EngineMaterials/Substrate/GLints/dict_16_192_64_0p5_0p02_0004_0014.uasset" 6167
"/Engine/EngineMaterials/Substrate/GLints/dict_16_192_64_0p5_0p02_0005_0009" 6168
"/Engine/EngineMaterials/Substrate/GLints/dict_16_192_64_0p5_0p02_0005_0005" 6169
"/Engine/EngineMaterials/Substrate/GLints/dict_16_192_64_0p5_0p02_0004_0015" 6170
"/Engine/EngineMaterials/Substrate/GLints/dict_16_192_64_0p5_0p02_0004_0013" 6171
"/Engine/EngineMaterials/Substrate/GLints/dict_16_192_64_0p5_0p02_0004_0014" 6172
"../../../Engine/Content/EngineMaterials/Substrate/GLints/dict_16_192_64_0p5_0p02_0004_0011.uasset" 6173
"../../../Engine/Content/EngineMaterials/Substrate/GLints/dict_16_192_64_0p5_0p02_0005_0000.uasset" 6174
"../../../Engine/Content/EngineMaterials/Substrate/GLints/dict_16_192_64_0p5_0p02_0004_0012.uasset" 6175
"../../../Engine/Content/EngineMaterials/Substrate/GLints/dict_16_192_64_0p5_0p02_0004_0010.uasset" 6176
"../../../Engine/Content/EngineMaterials/Substrate/GLints/dict_16_192_64_0p5_0p02_0004_0008.uasset" 6177
"../../../Engine/Content/EngineMaterials/Substrate/GLints/dict_16_192_64_0p5_0p02_0004_0009.uasset" 6178
"../../../Engine/Content/EngineMaterials/Substrate/GLints/dict_16_192_64_0p5_0p02_0004_0007.uasset" 6179
"../../../Engine/Content/EngineMaterials/Substrate/GLints/dict_16_192_64_0p5_0p02_0004_0006.uasset" 6180
"/Engine/EngineMaterials/Substrate/GLints/dict_16_192_64_0p5_0p02_0004_0007" 6181
"../../../Engine/Content/EngineMaterials/Substrate/GLints/dict_16_192_64_0p5_0p02_0004_0005.uasset" 6182
"../../../Engine/Content/EngineMaterials/Substrate/GLints/dict_16_192_64_0p5_0p02_0004_0004.uasset" 6183
"/Engine/EngineMaterials/Substrate/GLints/dict_16_192_64_0p5_0p02_0005_0000" 6184
"../../../Engine/Content/EngineMaterials/Substrate/GLints/dict_16_192_64_0p5_0p02_0004_0002.uasset" 6185
"/Engine/EngineMaterials/Substrate/GLints/dict_16_192_64_0p5_0p02_0004_0008" 6186
"/Engine/EngineMaterials/Substrate/GLints/dict_16_192_64_0p5_0p02_0004_0009" 6187
"/Engine/EngineMaterials/Substrate/GLints/dict_16_192_64_0p5_0p02_0004_0006" 6188
"/Engine/EngineMaterials/Substrate/GLints/dict_16_192_64_0p5_0p02_0004_0010" 6189
"/Engine/EngineMaterials/Substrate/GLints/dict_16_192_64_0p5_0p02_0004_0011" 6190
"../../../Engine/Content/EngineMaterials/Substrate/GLints/dict_16_192_64_0p5_0p02_0003_0014.uasset" 6191
"/Engine/EngineMaterials/Substrate/GLints/dict_16_192_64_0p5_0p02_0004_0012" 6192
"../../../Engine/Content/EngineMaterials/Substrate/GLints/dict_16_192_64_0p5_0p02_0004_0001.uasset" 6193
"../../../Engine/Content/EngineMaterials/Substrate/GLints/dict_16_192_64_0p5_0p02_0004_0003.uasset" 6194
"/Engine/EngineMaterials/Substrate/GLints/dict_16_192_64_0p5_0p02_0003_0014" 6195
"/Engine/EngineMaterials/Substrate/GLints/dict_16_192_64_0p5_0p02_0004_0004" 6196
"/Engine/EngineMaterials/Substrate/GLints/dict_16_192_64_0p5_0p02_0004_0005" 6197
"/Engine/EngineMaterials/Substrate/GLints/dict_16_192_64_0p5_0p02_0004_0002" 6198
"/Engine/EngineMaterials/Substrate/GLints/dict_16_192_64_0p5_0p02_0004_0003" 6199
"/Engine/EngineMaterials/Substrate/GLints/dict_16_192_64_0p5_0p02_0004_0001" 6200
"../../../Engine/Content/EngineMaterials/Substrate/GLints/dict_16_192_64_0p5_0p02_0003_0012.uasset" 6201
"../../../Engine/Content/EngineMaterials/Substrate/GLints/dict_16_192_64_0p5_0p02_0004_0000.uasset" 6202
"../../../Engine/Content/EngineMaterials/Substrate/GLints/dict_16_192_64_0p5_0p02_0003_0010.uasset" 6203
"../../../Engine/Content/EngineMaterials/Substrate/GLints/dict_16_192_64_0p5_0p02_0003_0015.uasset" 6204
"../../../Engine/Content/EngineMaterials/Substrate/GLints/dict_16_192_64_0p5_0p02_0003_0011.uasset" 6205
"../../../Engine/Content/EngineMaterials/Substrate/GLints/dict_16_192_64_0p5_0p02_0003_0013.uasset" 6206
"../../../Engine/Content/EngineMaterials/Substrate/GLints/dict_16_192_64_0p5_0p02_0003_0007.uasset" 6207
"../../../Engine/Content/EngineMaterials/Substrate/GLints/dict_16_192_64_0p5_0p02_0003_0006.uasset" 6208
"/Engine/EngineMaterials/Substrate/GLints/dict_16_192_64_0p5_0p02_0003_0010" 6209
"../../../Engine/Content/EngineMaterials/Substrate/GLints/dict_16_192_64_0p5_0p02_0003_0009.uasset" 6210
"../../../Engine/Content/EngineMaterials/Substrate/GLints/dict_16_192_64_0p5_0p02_0003_0008.uasset" 6211
"/Engine/EngineMaterials/Substrate/GLints/dict_16_192_64_0p5_0p02_0003_0011" 6212
"../../../Engine/Content/EngineMaterials/Substrate/GLints/dict_16_192_64_0p5_0p02_0003_0005.uasset" 6213
"../../../Engine/Content/EngineMaterials/Substrate/GLints/dict_16_192_64_0p5_0p02_0003_0004.uasset" 6214
"../../../Engine/Content/EngineMaterials/Substrate/GLints/dict_16_192_64_0p5_0p02_0003_0003.uasset" 6215
"/Engine/EngineMaterials/Substrate/GLints/dict_16_192_64_0p5_0p02_0003_0012" 6216
"/Engine/EngineMaterials/Substrate/GLints/dict_16_192_64_0p5_0p02_0003_0013" 6217
"/Engine/EngineMaterials/Substrate/GLints/dict_16_192_64_0p5_0p02_0003_0015" 6218
"../../../Engine/Content/EngineMaterials/Substrate/GLints/dict_16_192_64_0p5_0p02_0003_0002.uasset" 6219
"/Engine/EngineMaterials/Substrate/GLints/dict_16_192_64_0p5_0p02_0003_0006" 6220
"../../../Engine/Content/EngineMaterials/Substrate/GLints/dict_16_192_64_0p5_0p02_0002_0015.uasset" 6221
"/Engine/EngineMaterials/Substrate/GLints/dict_16_192_64_0p5_0p02_0003_0007" 6222
"/Engine/EngineMaterials/Substrate/GLints/dict_16_192_64_0p5_0p02_0004_0000" 6223
"../../../Engine/Content/EngineMaterials/Substrate/GLints/dict_16_192_64_0p5_0p02_0002_0014.uasset" 6224
"../../../Engine/Content/EngineMaterials/Substrate/GLints/dict_16_192_64_0p5_0p02_0003_0001.uasset" 6225
"/Engine/EngineMaterials/Substrate/GLints/dict_16_192_64_0p5_0p02_0003_0001" 6226
"../../../Engine/Content/EngineMaterials/Substrate/GLints/dict_16_192_64_0p5_0p02_0003_0000.uasset" 6227
"/Engine/EngineMaterials/Substrate/GLints/dict_16_192_64_0p5_0p02_0003_0002" 6228
"/Engine/EngineMaterials/Substrate/GLints/dict_16_192_64_0p5_0p02_0002_0014" 6229
"/Engine/EngineMaterials/Substrate/GLints/dict_16_192_64_0p5_0p02_0003_0003" 6230
"/Engine/EngineMaterials/Substrate/GLints/dict_16_192_64_0p5_0p02_0003_0004" 6231
"/Engine/EngineMaterials/Substrate/GLints/dict_16_192_64_0p5_0p02_0003_0005" 6232
"/Engine/EngineMaterials/Substrate/GLints/dict_16_192_64_0p5_0p02_0003_0008" 6233
"/Engine/EngineMaterials/Substrate/GLints/dict_16_192_64_0p5_0p02_0003_0009" 6234
"/Engine/EngineMaterials/Substrate/GLints/dict_16_192_64_0p5_0p02_0002_0015" 6235
"/Engine/EngineMaterials/Substrate/GLints/dict_16_192_64_0p5_0p02_0003_0000" 6236
"../../../Engine/Content/EngineMaterials/Substrate/GLints/dict_16_192_64_0p5_0p02_0002_0012.uasset" 6237
"../../../Engine/Content/EngineMaterials/Substrate/GLints/dict_16_192_64_0p5_0p02_0002_0013.uasset" 6238
"../../../Engine/Content/EngineMaterials/Substrate/GLints/dict_16_192_64_0p5_0p02_0002_0010.uasset" 6239
"../../../Engine/Content/EngineMaterials/Substrate/GLints/dict_16_192_64_0p5_0p02_0002_0006.uasset" 6240
"../../../Engine/Content/EngineMaterials/Substrate/GLints/dict_16_192_64_0p5_0p02_0002_0011.uasset" 6241
"../../../Engine/Content/EngineMaterials/Substrate/GLints/dict_16_192_64_0p5_0p02_0002_0008.uasset" 6242
"../../../Engine/Content/EngineMaterials/Substrate/GLints/dict_16_192_64_0p5_0p02_0002_0007.uasset" 6243
"../../../Engine/Content/EngineMaterials/Substrate/GLints/dict_16_192_64_0p5_0p02_0002_0005.uasset" 6244
"../../../Engine/Content/EngineMaterials/Substrate/GLints/dict_16_192_64_0p5_0p02_0002_0003.uasset" 6245
"../../../Engine/Content/EngineMaterials/Substrate/GLints/dict_16_192_64_0p5_0p02_0002_0009.uasset" 6246
"/Engine/EngineMaterials/Substrate/GLints/dict_16_192_64_0p5_0p02_0002_0006" 6247
"../../../Engine/Content/EngineMaterials/Substrate/GLints/dict_16_192_64_0p5_0p02_0002_0004.uasset" 6248
"/Engine/EngineMaterials/Substrate/GLints/dict_16_192_64_0p5_0p02_0002_0007" 6249
"/Engine/EngineMaterials/Substrate/GLints/dict_16_192_64_0p5_0p02_0002_0008" 6250
"/Engine/EngineMaterials/Substrate/GLints/dict_16_192_64_0p5_0p02_0002_0010" 6251
"../../../Engine/Content/EngineMaterials/Substrate/GLints/dict_16_192_64_0p5_0p02_0002_0002.uasset" 6252
"/Engine/EngineMaterials/Substrate/GLints/dict_16_192_64_0p5_0p02_0002_0011" 6253
"/Engine/EngineMaterials/Substrate/GLints/dict_16_192_64_0p5_0p02_0002_0012" 6254
"/Engine/EngineMaterials/Substrate/GLints/dict_16_192_64_0p5_0p02_0002_0013" 6255
"/Engine/EngineMaterials/Substrate/GLints/dict_16_192_64_0p5_0p02_0002_0005" 6256
"/Engine/EngineMaterials/Substrate/GLints/dict_16_192_64_0p5_0p02_0002_0002" 6257
"/Engine/EngineMaterials/Substrate/GLints/dict_16_192_64_0p5_0p02_0002_0003" 6258
"/Engine/EngineMaterials/Substrate/GLints/dict_16_192_64_0p5_0p02_0002_0004" 6259
"../../../Engine/Content/EngineMaterials/Substrate/GLints/dict_16_192_64_0p5_0p02_0001_0014.uasset" 6260
"/Engine/EngineMaterials/Substrate/GLints/dict_16_192_64_0p5_0p02_0002_0009" 6261
"../../../Engine/Content/EngineMaterials/Substrate/GLints/dict_16_192_64_0p5_0p02_0002_0000.uasset" 6262
"/Engine/EngineMaterials/Substrate/GLints/dict_16_192_64_0p5_0p02_0002_0000" 6263
"../../../Engine/Content/EngineMaterials/Substrate/GLints/dict_16_192_64_0p5_0p02_0002_0001.uasset" 6264
"../../../Engine/Content/EngineMaterials/Substrate/GLints/dict_16_192_64_0p5_0p02_0001_0015.uasset" 6265
"../../../Engine/Content/EngineMaterials/Substrate/GLints/dict_16_192_64_0p5_0p02_0001_0011.uasset" 6266
"/Engine/EngineMaterials/Substrate/GLints/dict_16_192_64_0p5_0p02_0001_0014" 6267
"../../../Engine/Content/EngineMaterials/Substrate/GLints/dict_16_192_64_0p5_0p02_0001_0009.uasset" 6268
"../../../Engine/Content/EngineMaterials/Substrate/GLints/dict_16_192_64_0p5_0p02_0001_0010.uasset" 6269
"../../../Engine/Content/EngineMaterials/Substrate/GLints/dict_16_192_64_0p5_0p02_0001_0012.uasset" 6270
"../../../Engine/Content/EngineMaterials/Substrate/GLints/dict_16_192_64_0p5_0p02_0001_0013.uasset" 6271
"../../../Engine/Content/EngineMaterials/Substrate/GLints/dict_16_192_64_0p5_0p02_0001_0008.uasset" 6272
"/Engine/EngineMaterials/Substrate/GLints/dict_16_192_64_0p5_0p02_0001_0009" 6273
"/Engine/EngineMaterials/Substrate/GLints/dict_16_192_64_0p5_0p02_0001_0010" 6274
"/Engine/EngineMaterials/Substrate/GLints/dict_16_192_64_0p5_0p02_0001_0011" 6275
"/Engine/EngineMaterials/Substrate/GLints/dict_16_192_64_0p5_0p02_0001_0012" 6276
"/Engine/EngineMaterials/Substrate/GLints/dict_16_192_64_0p5_0p02_0001_0013" 6277
"../../../Engine/Content/EngineMaterials/Substrate/GLints/dict_16_192_64_0p5_0p02_0001_0007.uasset" 6278
"../../../Engine/Content/EngineMaterials/Substrate/GLints/dict_16_192_64_0p5_0p02_0001_0005.uasset" 6279
"../../../Engine/Content/EngineMaterials/Substrate/GLints/dict_16_192_64_0p5_0p02_0001_0006.uasset" 6280
"/Engine/EngineMaterials/Substrate/GLints/dict_16_192_64_0p5_0p02_0001_0015" 6281
"/Engine/EngineMaterials/Substrate/GLints/dict_16_192_64_0p5_0p02_0002_0001" 6282
"/Engine/EngineMaterials/Substrate/GLints/dict_16_192_64_0p5_0p02_0001_0008" 6283
"/Engine/EngineMaterials/Substrate/GLints/dict_16_192_64_0p5_0p02_0001_0005" 6284
"/Engine/EngineMaterials/Substrate/GLints/dict_16_192_64_0p5_0p02_0001_0006" 6285
"../../../Engine/Content/EngineMaterials/Substrate/GLints/dict_16_192_64_0p5_0p02_0001_0003.uasset" 6286
"/Engine/EngineMaterials/Substrate/GLints/dict_16_192_64_0p5_0p02_0001_0007" 6287
"../../../Engine/Content/EngineMaterials/Substrate/GLints/dict_16_192_64_0p5_0p02_0000_0015.uasset" 6288
"/Engine/EngineMaterials/Substrate/GLints/dict_16_192_64_0p5_0p02_0000_0015" 6289
"../../../Engine/Content/EngineMaterials/Substrate/GLints/dict_16_192_64_0p5_0p02_0001_0004.uasset" 6290
"/Engine/EngineMaterials/Substrate/GLints/dict_16_192_64_0p5_0p02_0001_0003" 6291
"/Engine/EngineMaterials/Substrate/GLints/dict_16_192_64_0p5_0p02_0001_0004" 6292
"../../../Engine/Content/EngineMaterials/Substrate/GLints/dict_16_192_64_0p5_0p02_0001_0002.uasset" 6293
"../../../Engine/Content/EngineMaterials/Substrate/GLints/dict_16_192_64_0p5_0p02_0001_0000.uasset" 6294
"../../../Engine/Content/EngineMaterials/Substrate/GLints/dict_16_192_64_0p5_0p02_0000_0013.uasset" 6295
"../../../Engine/Content/EngineMaterials/Substrate/GLints/dict_16_192_64_0p5_0p02_0000_0011.uasset" 6296
"../../../Engine/Content/EngineMaterials/Substrate/GLints/dict_16_192_64_0p5_0p02_0000_0012.uasset" 6297
"../../../Engine/Content/EngineMaterials/Substrate/GLints/dict_16_192_64_0p5_0p02_0000_0014.uasset" 6298
"../../../Engine/Content/EngineMaterials/Substrate/GLints/dict_16_192_64_0p5_0p02_0000_0008.uasset" 6299
"../../../Engine/Content/EngineMaterials/Substrate/GLints/dict_16_192_64_0p5_0p02_0000_0007.uasset" 6300
"../../../Engine/Content/EngineMaterials/Substrate/GLints/dict_16_192_64_0p5_0p02_0000_0009.uasset" 6301
"../../../Engine/Content/EngineMaterials/Substrate/GLints/dict_16_192_64_0p5_0p02_0000_0010.uasset" 6302
"/Engine/EngineMaterials/Substrate/GLints/dict_16_192_64_0p5_0p02_0001_0000" 6303
"../../../Engine/Content/EngineMaterials/Substrate/GLints/dict_16_192_64_0p5_0p02_0000_0005.uasset" 6304
"../../../Engine/Content/EngineMaterials/Substrate/GLints/dict_16_192_64_0p5_0p02_0000_0002.uasset" 6305
"../../../Engine/Content/EngineMaterials/Substrate/GLints/dict_16_192_64_0p5_0p02_0000_0006.uasset" 6306
"/Engine/EngineMaterials/Substrate/GLints/dict_16_192_64_0p5_0p02_0001_0002" 6307
"/Engine/EngineMaterials/Substrate/GLints/dict_16_192_64_0p5_0p02_0000_0008" 6308
"/Engine/EngineMaterials/Substrate/GLints/dict_16_192_64_0p5_0p02_0000_0009" 6309
"/Engine/EngineMaterials/Substrate/GLints/dict_16_192_64_0p5_0p02_0000_0011" 6310
"/Engine/EngineMaterials/Substrate/GLints/dict_16_192_64_0p5_0p02_0000_0012" 6311
"/Engine/EngineMaterials/Substrate/GLints/dict_16_192_64_0p5_0p02_0000_0013" 6312
"/Engine/EngineMaterials/Substrate/GLints/dict_16_192_64_0p5_0p02_0000_0014" 6313
"../../../Engine/Content/EngineMaterials/Substrate/GLints/dict_16_192_64_0p5_0p02_0000_0003.uasset" 6314
"/Engine/EngineMaterials/Substrate/GLints/dict_16_192_64_0p5_0p02_0000_0006" 6315
"../../../Engine/Content/EngineMaterials/Substrate/GLints/dict_16_192_64_0p5_0p02_0000_0001.uasset" 6316
"/Engine/EngineMaterials/Substrate/GLints/dict_16_192_64_0p5_0p02_0000_0007" 6317
"/Engine/EngineMaterials/Substrate/GLints/dict_16_192_64_0p5_0p02_0000_0002" 6318
"/Engine/EngineMaterials/Substrate/GLints/dict_16_192_64_0p5_0p02_0000_0003" 6319
"/Engine/EngineMaterials/Substrate/GLints/dict_16_192_64_0p5_0p02_0000_0005" 6320
"/Engine/EngineMaterials/Substrate/GLints/dict_16_192_64_0p5_0p02_0000_0010" 6321
"/Engine/EngineMaterials/Substrate/GLints/dict_16_192_64_0p5_0p02_0000_0001" 6322
"../../../Engine/Content/EngineMaterials/Substrate/GLints/dict_16_192_64_0p5_0p02_0001_0001.uasset" 6323
"../../../Engine/Content/EngineMaterials/Substrate/Glints2/dict_0007_0255.uasset" 6324
"../../../Engine/Content/EngineMaterials/Substrate/GLints/dict_16_192_64_0p5_0p02_0000_0004.uasset" 6325
"../../../Engine/Content/EngineMaterials/Substrate/GLints/dict_16_192_64_0p5_0p02_0000_0000.uasset" 6326
"../../../Engine/Content/EngineMaterials/Substrate/Glints2/dict_0007_0252.uasset" 6327
"../../../Engine/Content/EngineMaterials/Substrate/Glints2/dict_0007_0254.uasset" 6328
"../../../Engine/Content/EngineMaterials/Substrate/Glints2/dict_0007_0251.uasset" 6329
"../../../Engine/Content/EngineMaterials/Substrate/Glints2/dict_0007_0250.uasset" 6330
"../../../Engine/Content/EngineMaterials/Substrate/Glints2/dict_0007_0253.uasset" 6331
"../../../Engine/Content/EngineMaterials/Substrate/GLints/AGlintTex2dArray.uasset" 6332
"/Engine/EngineMaterials/Substrate/GLints/dict_16_192_64_0p5_0p02_0001_0001" 6333
"../../../Engine/Content/EngineMaterials/Substrate/Glints2/dict_0007_0244.uasset" 6334
"../../../Engine/Content/EngineMaterials/Substrate/Glints2/dict_0007_0248.uasset" 6335
"/Engine/EngineMaterials/Substrate/Glints2/dict_0007_0250" 6336
"../../../Engine/Content/EngineMaterials/Substrate/Glints2/dict_0007_0243.uasset" 6337
"../../../Engine/Content/EngineMaterials/Substrate/Glints2/dict_0007_0242.uasset" 6338
"/Engine/EngineMaterials/Substrate/Glints2/dict_0007_0251" 6339
"../../../Engine/Content/EngineMaterials/Substrate/Glints2/dict_0007_0245.uasset" 6340
"../../../Engine/Content/EngineMaterials/Substrate/Glints2/dict_0007_0246.uasset" 6341
"/Engine/EngineMaterials/Substrate/Glints2/dict_0007_0252" 6342
"../../../Engine/Content/EngineMaterials/Substrate/Glints2/dict_0007_0247.uasset" 6343
"/Engine/EngineMaterials/Substrate/Glints2/dict_0007_0253" 6344
"/Engine/EngineMaterials/Substrate/GLints/dict_16_192_64_0p5_0p02_0000_0000" 6345
"/Engine/EngineMaterials/Substrate/Glints2/dict_0007_0254" 6346
"/Engine/EngineMaterials/Substrate/GLints/dict_16_192_64_0p5_0p02_0000_0004" 6347
"/Engine/EngineMaterials/Substrate/Glints2/dict_0007_0255" 6348
"/Engine/EngineMaterials/Substrate/GLints/AGlintTex2dArray" 6349
"../../../Engine/Content/EngineMaterials/Substrate/Glints2/dict_0007_0237.uasset" 6350
"../../../Engine/Content/EngineMaterials/Substrate/Glints2/dict_0007_0235.uasset" 6351
"../../../Engine/Content/EngineMaterials/Substrate/Glints2/dict_0007_0238.uasset" 6352
"../../../Engine/Content/EngineMaterials/Substrate/Glints2/dict_0007_0240.uasset" 6353
"../../../Engine/Content/EngineMaterials/Substrate/Glints2/dict_0007_0239.uasset" 6354
"../../../Engine/Content/EngineMaterials/Substrate/Glints2/dict_0007_0236.uasset" 6355
"../../../Engine/Content/EngineMaterials/Substrate/Glints2/dict_0007_0234.uasset" 6356
"../../../Engine/Content/EngineMaterials/Substrate/Glints2/dict_0007_0241.uasset" 6357
"../../../Engine/Content/EngineMaterials/Substrate/Glints2/dict_0007_0233.uasset" 6358
"../../../Engine/Content/EngineMaterials/Substrate/Glints2/dict_0007_0232.uasset" 6359
"../../../Engine/Content/EngineMaterials/Substrate/Glints2/dict_0007_0231.uasset" 6360
"../../../Engine/Content/EngineMaterials/Substrate/Glints2/dict_0007_0228.uasset" 6361
"../../../Engine/Content/EngineMaterials/Substrate/Glints2/dict_0007_0230.uasset" 6362
"../../../Engine/Content/EngineMaterials/Substrate/Glints2/dict_0007_0229.uasset" 6363
"/Engine/EngineMaterials/Substrate/Glints2/dict_0007_0244" 6364
"/Engine/EngineMaterials/Substrate/Glints2/dict_0007_0235" 6365
"/Engine/EngineMaterials/Substrate/Glints2/dict_0007_0246" 6366
"/Engine/EngineMaterials/Substrate/Glints2/dict_0007_0236" 6367
"/Engine/EngineMaterials/Substrate/Glints2/dict_0007_0245" 6368
"/Engine/EngineMaterials/Substrate/Glints2/dict_0007_0243" 6369
"/Engine/EngineMaterials/Substrate/Glints2/dict_0007_0231" 6370
"/Engine/EngineMaterials/Substrate/Glints2/dict_0007_0232" 6371
"/Engine/EngineMaterials/Substrate/Glints2/dict_0007_0237" 6372
"/Engine/EngineMaterials/Substrate/Glints2/dict_0007_0247" 6373
"/Engine/EngineMaterials/Substrate/Glints2/dict_0007_0233" 6374
"/Engine/EngineMaterials/Substrate/Glints2/dict_0007_0238" 6375
"/Engine/EngineMaterials/Substrate/Glints2/dict_0007_0248" 6376
"../../../Engine/Content/EngineMaterials/Substrate/Glints2/dict_0007_0226.uasset" 6377
"../../../Engine/Content/EngineMaterials/Substrate/Glints2/dict_0007_0224.uasset" 6378
"/Engine/EngineMaterials/Substrate/Glints2/dict_0007_0234" 6379
"../../../Engine/Content/EngineMaterials/Substrate/Glints2/dict_0007_0227.uasset" 6380
"../../../Engine/Content/EngineMaterials/Substrate/Glints2/dict_0007_0223.uasset" 6381
"/Engine/EngineMaterials/Substrate/Glints2/dict_0007_0239" 6382
"/Engine/EngineMaterials/Substrate/Glints2/dict_0007_0240" 6383
"/Engine/EngineMaterials/Substrate/Glints2/dict_0007_0241" 6384
"/Engine/EngineMaterials/Substrate/Glints2/dict_0007_0242" 6385
"../../../Engine/Content/EngineMaterials/Substrate/Glints2/dict_0007_0225.uasset" 6386
"/Engine/EngineMaterials/Substrate/Glints2/dict_0007_0229" 6387
"../../../Engine/Content/EngineMaterials/Substrate/Glints2/dict_0007_0220.uasset" 6388
"../../../Engine/Content/EngineMaterials/Substrate/Glints2/dict_0007_0221.uasset" 6389
"../../../Engine/Content/EngineMaterials/Substrate/Glints2/dict_0007_0222.uasset" 6390
"/Engine/EngineMaterials/Substrate/Glints2/dict_0007_0230" 6391
"/Engine/EngineMaterials/Substrate/Glints2/dict_0007_0223" 6392
"../../../Engine/Content/EngineMaterials/Substrate/Glints2/dict_0007_0219.uasset" 6393
"/Engine/EngineMaterials/Substrate/Glints2/dict_0007_0224" 6394
"/Engine/EngineMaterials/Substrate/Glints2/dict_0007_0228" 6395
"/Engine/EngineMaterials/Substrate/Glints2/dict_0007_0225" 6396
"/Engine/EngineMaterials/Substrate/Glints2/dict_0007_0226" 6397
"/Engine/EngineMaterials/Substrate/Glints2/dict_0007_0227" 6398
"/Engine/EngineMaterials/Substrate/Glints2/dict_0007_0219" 6399
"../../../Engine/Content/EngineMaterials/Substrate/Glints2/dict_0007_0218.uasset" 6400
"/Engine/EngineMaterials/Substrate/Glints2/dict_0007_0220" 6401
"../../../Engine/Content/EngineMaterials/Substrate/Glints2/dict_0007_0215.uasset" 6402
"../../../Engine/Content/EngineMaterials/Substrate/Glints2/dict_0007_0214.uasset" 6403
"/Engine/EngineMaterials/Substrate/Glints2/dict_0007_0221" 6404
"../../../Engine/Content/EngineMaterials/Substrate/Glints2/dict_0007_0217.uasset" 6405
"../../../Engine/Content/EngineMaterials/Substrate/Glints2/dict_0007_0216.uasset" 6406
"/Engine/EngineMaterials/Substrate/Glints2/dict_0007_0222" 6407
"/Engine/EngineMaterials/Substrate/Glints2/dict_0007_0218" 6408
"../../../Engine/Content/EngineMaterials/Substrate/Glints2/dict_0007_0249.uasset" 6409
"/Engine/EngineMaterials/Substrate/Glints2/dict_0007_0214" 6410
"../../../Engine/Content/EngineMaterials/Substrate/Glints2/dict_0007_0211.uasset" 6411
"/Engine/EngineMaterials/Substrate/Glints2/dict_0007_0215" 6412
"../../../Engine/Content/EngineMaterials/Substrate/Glints2/dict_0007_0212.uasset" 6413
"/Engine/EngineMaterials/Substrate/Glints2/dict_0007_0216" 6414
"/Engine/EngineMaterials/Substrate/Glints2/dict_0007_0217" 6415
"/Engine/EngineMaterials/Substrate/Glints2/dict_0007_0211" 6416
"/Engine/EngineMaterials/Substrate/Glints2/dict_0007_0212" 6417
"../../../Engine/Content/EngineMaterials/Substrate/Glints2/dict_0007_0207.uasset" 6418
"../../../Engine/Content/EngineMaterials/Substrate/Glints2/dict_0007_0208.uasset" 6419
"../../../Engine/Content/EngineMaterials/Substrate/Glints2/dict_0007_0210.uasset" 6420
"../../../Engine/Content/EngineMaterials/Substrate/Glints2/dict_0007_0204.uasset" 6421
"../../../Engine/Content/EngineMaterials/Substrate/Glints2/dict_0007_0209.uasset" 6422
"../../../Engine/Content/EngineMaterials/Substrate/Glints2/dict_0007_0203.uasset" 6423
"../../../Engine/Content/EngineMaterials/Substrate/Glints2/dict_0007_0205.uasset" 6424
"../../../Engine/Content/EngineMaterials/Substrate/Glints2/dict_0007_0206.uasset" 6425
"../../../Engine/Content/EngineMaterials/Substrate/Glints2/dict_0007_0213.uasset" 6426
"../../../Engine/Content/EngineMaterials/Substrate/Glints2/dict_0007_0202.uasset" 6427
"../../../Engine/Content/EngineMaterials/Substrate/Glints2/dict_0007_0201.uasset" 6428
"../../../Engine/Content/EngineMaterials/Substrate/Glints2/dict_0007_0200.uasset" 6429
"/Engine/EngineMaterials/Substrate/Glints2/dict_0007_0200" 6430
"/Engine/EngineMaterials/Substrate/Glints2/dict_0007_0201" 6431
"/Engine/EngineMaterials/Substrate/Glints2/dict_0007_0202" 6432
"/Engine/EngineMaterials/Substrate/Glints2/dict_0007_0203" 6433
"/Engine/EngineMaterials/Substrate/Glints2/dict_0007_0204" 6434
"/Engine/EngineMaterials/Substrate/Glints2/dict_0007_0205" 6435
"../../../Engine/Content/EngineMaterials/Substrate/Glints2/dict_0007_0197.uasset" 6436
"/Engine/EngineMaterials/Substrate/Glints2/dict_0007_0206" 6437
"/Engine/EngineMaterials/Substrate/Glints2/dict_0007_0207" 6438
"/Engine/EngineMaterials/Substrate/Glints2/dict_0007_0208" 6439
"../../../Engine/Content/EngineMaterials/Substrate/Glints2/dict_0007_0198.uasset" 6440
"/Engine/EngineMaterials/Substrate/Glints2/dict_0007_0209" 6441
"/Engine/EngineMaterials/Substrate/Glints2/dict_0007_0210" 6442
"/Engine/EngineMaterials/Substrate/Glints2/dict_0007_0213" 6443
"/Engine/EngineMaterials/Substrate/Glints2/dict_0007_0249" 6444
"/Engine/EngineMaterials/Substrate/Glints2/dict_0007_0197" 6445
"/Engine/EngineMaterials/Substrate/Glints2/dict_0007_0198" 6446
"../../../Engine/Content/EngineMaterials/Substrate/Glints2/dict_0007_0196.uasset" 6447
"../../../Engine/Content/EngineMaterials/Substrate/Glints2/dict_0007_0199.uasset" 6448
"../../../Engine/Content/EngineMaterials/Substrate/Glints2/dict_0007_0191.uasset" 6449
"../../../Engine/Content/EngineMaterials/Substrate/Glints2/dict_0007_0195.uasset" 6450
"../../../Engine/Content/EngineMaterials/Substrate/Glints2/dict_0007_0194.uasset" 6451
"../../../Engine/Content/EngineMaterials/Substrate/Glints2/dict_0007_0189.uasset" 6452
"../../../Engine/Content/EngineMaterials/Substrate/Glints2/dict_0007_0192.uasset" 6453
"../../../Engine/Content/EngineMaterials/Substrate/Glints2/dict_0007_0188.uasset" 6454
"../../../Engine/Content/EngineMaterials/Substrate/Glints2/dict_0007_0190.uasset" 6455
"../../../Engine/Content/EngineMaterials/Substrate/Glints2/dict_0007_0193.uasset" 6456
"/Engine/EngineMaterials/Substrate/Glints2/dict_0007_0192" 6457
"../../../Engine/Content/EngineMaterials/Substrate/Glints2/dict_0007_0185.uasset" 6458
"../../../Engine/Content/EngineMaterials/Substrate/Glints2/dict_0007_0180.uasset" 6459
"/Engine/EngineMaterials/Substrate/Glints2/dict_0007_0188" 6460
"../../../Engine/Content/EngineMaterials/Substrate/Glints2/dict_0007_0184.uasset" 6461
"/Engine/EngineMaterials/Substrate/Glints2/dict_0007_0189" 6462
"../../../Engine/Content/EngineMaterials/Substrate/Glints2/dict_0007_0182.uasset" 6463
"/Engine/EngineMaterials/Substrate/Glints2/dict_0007_0190" 6464
"/Engine/EngineMaterials/Substrate/Glints2/dict_0007_0191" 6465
"/Engine/EngineMaterials/Substrate/Glints2/dict_0007_0194" 6466
"/Engine/EngineMaterials/Substrate/Glints2/dict_0007_0195" 6467
"/Engine/EngineMaterials/Substrate/Glints2/dict_0007_0196" 6468
"/Engine/EngineMaterials/Substrate/Glints2/dict_0007_0199" 6469
"/Engine/EngineMaterials/Substrate/Glints2/dict_0007_0182" 6470
"/Engine/EngineMaterials/Substrate/Glints2/dict_0007_0184" 6471
"/Engine/EngineMaterials/Substrate/Glints2/dict_0007_0185" 6472
"/Engine/EngineMaterials/Substrate/Glints2/dict_0007_0180" 6473
"../../../Engine/Content/EngineMaterials/Substrate/Glints2/dict_0007_0186.uasset" 6474
"../../../Engine/Content/EngineMaterials/Substrate/Glints2/dict_0007_0181.uasset" 6475
"../../../Engine/Content/EngineMaterials/Substrate/Glints2/dict_0007_0187.uasset" 6476
"../../../Engine/Content/EngineMaterials/Substrate/Glints2/dict_0007_0183.uasset" 6477
"../../../Engine/Content/EngineMaterials/Substrate/Glints2/dict_0007_0178.uasset" 6478
"../../../Engine/Content/EngineMaterials/Substrate/Glints2/dict_0007_0176.uasset" 6479
"../../../Engine/Content/EngineMaterials/Substrate/Glints2/dict_0007_0177.uasset" 6480
"/Engine/EngineMaterials/Substrate/Glints2/dict_0007_0183" 6481
"/Engine/EngineMaterials/Substrate/Glints2/dict_0007_0193" 6482
"/Engine/EngineMaterials/Substrate/Glints2/dict_0007_0176" 6483
"/Engine/EngineMaterials/Substrate/Glints2/dict_0007_0177" 6484
"/Engine/EngineMaterials/Substrate/Glints2/dict_0007_0178" 6485
"../../../Engine/Content/EngineMaterials/Substrate/Glints2/dict_0007_0171.uasset" 6486
"/Engine/EngineMaterials/Substrate/Glints2/dict_0007_0181" 6487
"../../../Engine/Content/EngineMaterials/Substrate/Glints2/dict_0007_0172.uasset" 6488
"/Engine/EngineMaterials/Substrate/Glints2/dict_0007_0186" 6489
"/Engine/EngineMaterials/Substrate/Glints2/dict_0007_0187" 6490
"../../../Engine/Content/EngineMaterials/Substrate/Glints2/dict_0007_0174.uasset" 6491
"../../../Engine/Content/EngineMaterials/Substrate/Glints2/dict_0007_0173.uasset" 6492
"../../../Engine/Content/EngineMaterials/Substrate/Glints2/dict_0007_0167.uasset" 6493
"/Engine/EngineMaterials/Substrate/Glints2/dict_0007_0171" 6494
"../../../Engine/Content/EngineMaterials/Substrate/Glints2/dict_0007_0168.uasset" 6495
"/Engine/EngineMaterials/Substrate/Glints2/dict_0007_0172" 6496
"../../../Engine/Content/EngineMaterials/Substrate/Glints2/dict_0007_0175.uasset" 6497
"/Engine/EngineMaterials/Substrate/Glints2/dict_0007_0173" 6498
"/Engine/EngineMaterials/Substrate/Glints2/dict_0007_0174" 6499
"/Engine/EngineMaterials/Substrate/Glints2/dict_0007_0168" 6500
"../../../Engine/Content/EngineMaterials/Substrate/Glints2/dict_0007_0169.uasset" 6501
"/Engine/EngineMaterials/Substrate/Glints2/dict_0007_0175" 6502
"/Engine/EngineMaterials/Substrate/Glints2/dict_0007_0167" 6503
"/Engine/EngineMaterials/Substrate/Glints2/dict_0007_0169" 6504
"../../../Engine/Content/EngineMaterials/Substrate/Glints2/dict_0007_0161.uasset" 6505
"../../../Engine/Content/EngineMaterials/Substrate/Glints2/dict_0007_0166.uasset" 6506
"../../../Engine/Content/EngineMaterials/Substrate/Glints2/dict_0007_0162.uasset" 6507
"../../../Engine/Content/EngineMaterials/Substrate/Glints2/dict_0007_0165.uasset" 6508
"../../../Engine/Content/EngineMaterials/Substrate/Glints2/dict_0007_0160.uasset" 6509
"../../../Engine/Content/EngineMaterials/Substrate/Glints2/dict_0007_0164.uasset" 6510
"../../../Engine/Content/EngineMaterials/Substrate/Glints2/dict_0007_0163.uasset" 6511
"../../../Engine/Content/EngineMaterials/Substrate/Glints2/dict_0007_0159.uasset" 6512
"../../../Engine/Content/EngineMaterials/Substrate/Glints2/dict_0007_0170.uasset" 6513
"/Engine/EngineMaterials/Substrate/Glints2/dict_0007_0159" 6514
"/Engine/EngineMaterials/Substrate/Glints2/dict_0007_0160" 6515
"../../../Engine/Content/EngineMaterials/Substrate/Glints2/dict_0007_0154.uasset" 6516
"/Engine/EngineMaterials/Substrate/Glints2/dict_0007_0161" 6517
"/Engine/EngineMaterials/Substrate/Glints2/dict_0007_0162" 6518
"../../../Engine/Content/EngineMaterials/Substrate/Glints2/dict_0007_0153.uasset" 6519
"../../../Engine/Content/EngineMaterials/Substrate/Glints2/dict_0007_0152.uasset" 6520
"../../../Engine/Content/EngineMaterials/Substrate/Glints2/dict_0007_0157.uasset" 6521
"../../../Engine/Content/EngineMaterials/Substrate/Glints2/dict_0007_0158.uasset" 6522
"/Engine/EngineMaterials/Substrate/Glints2/dict_0007_0163" 6523
"../../../Engine/Content/EngineMaterials/Substrate/Glints2/dict_0007_0151.uasset" 6524
"../../../Engine/Content/EngineMaterials/Substrate/Glints2/dict_0007_0155.uasset" 6525
"../../../Engine/Content/EngineMaterials/Substrate/Glints2/dict_0007_0156.uasset" 6526
"../../../Engine/Content/EngineMaterials/Substrate/Glints2/dict_0007_0179.uasset" 6527
"/Engine/EngineMaterials/Substrate/Glints2/dict_0007_0164" 6528
"/Engine/EngineMaterials/Substrate/Glints2/dict_0007_0166" 6529
"/Engine/EngineMaterials/Substrate/Glints2/dict_0007_0165" 6530
"/Engine/EngineMaterials/Substrate/Glints2/dict_0007_0157" 6531
"/Engine/EngineMaterials/Substrate/Glints2/dict_0007_0170" 6532
"/Engine/EngineMaterials/Substrate/Glints2/dict_0007_0158" 6533
"/Engine/EngineMaterials/Substrate/Glints2/dict_0007_0153" 6534
"/Engine/EngineMaterials/Substrate/Glints2/dict_0007_0179" 6535
"/Engine/EngineMaterials/Substrate/Glints2/dict_0007_0154" 6536
"/Engine/EngineMaterials/Substrate/Glints2/dict_0007_0155" 6537
"/Engine/EngineMaterials/Substrate/Glints2/dict_0007_0156" 6538
"/Engine/EngineMaterials/Substrate/Glints2/dict_0007_0151" 6539
"/Engine/EngineMaterials/Substrate/Glints2/dict_0007_0152" 6540
"../../../Engine/Content/EngineMaterials/Substrate/Glints2/dict_0007_0148.uasset" 6541
"../../../Engine/Content/EngineMaterials/Substrate/Glints2/dict_0007_0144.uasset" 6542
"../../../Engine/Content/EngineMaterials/Substrate/Glints2/dict_0007_0149.uasset" 6543
"../../../Engine/Content/EngineMaterials/Substrate/Glints2/dict_0007_0145.uasset" 6544
"../../../Engine/Content/EngineMaterials/Substrate/Glints2/dict_0007_0147.uasset" 6545
"../../../Engine/Content/EngineMaterials/Substrate/Glints2/dict_0007_0142.uasset" 6546
"../../../Engine/Content/EngineMaterials/Substrate/Glints2/dict_0007_0143.uasset" 6547
"../../../Engine/Content/EngineMaterials/Substrate/Glints2/dict_0007_0146.uasset" 6548
"/Engine/EngineMaterials/Substrate/Glints2/dict_0007_0145" 6549
"/Engine/EngineMaterials/Substrate/Glints2/dict_0007_0146" 6550
"/Engine/EngineMaterials/Substrate/Glints2/dict_0007_0142" 6551
"/Engine/EngineMaterials/Substrate/Glints2/dict_0007_0143" 6552
"/Engine/EngineMaterials/Substrate/Glints2/dict_0007_0144" 6553
"../../../Engine/Content/EngineMaterials/Substrate/Glints2/dict_0007_0137.uasset" 6554
"/Engine/EngineMaterials/Substrate/Glints2/dict_0007_0147" 6555
"../../../Engine/Content/EngineMaterials/Substrate/Glints2/dict_0007_0139.uasset" 6556
"/Engine/EngineMaterials/Substrate/Glints2/dict_0007_0148" 6557
"../../../Engine/Content/EngineMaterials/Substrate/Glints2/dict_0007_0138.uasset" 6558
"../../../Engine/Content/EngineMaterials/Substrate/Glints2/dict_0007_0140.uasset" 6559
"/Engine/EngineMaterials/Substrate/Glints2/dict_0007_0149" 6560
"/Engine/EngineMaterials/Substrate/Glints2/dict_0007_0138" 6561
"../../../Engine/Content/EngineMaterials/Substrate/Glints2/dict_0007_0136.uasset" 6562
"/Engine/EngineMaterials/Substrate/Glints2/dict_0007_0137" 6563
"../../../Engine/Content/EngineMaterials/Substrate/Glints2/dict_0007_0141.uasset" 6564
"../../../Engine/Content/EngineMaterials/Substrate/Glints2/dict_0007_0135.uasset" 6565
"/Engine/EngineMaterials/Substrate/Glints2/dict_0007_0139" 6566
"/Engine/EngineMaterials/Substrate/Glints2/dict_0007_0140" 6567
"../../../Engine/Content/EngineMaterials/Substrate/Glints2/dict_0007_0134.uasset" 6568
"../../../Engine/Content/EngineMaterials/Substrate/Glints2/dict_0007_0150.uasset" 6569
"/Engine/EngineMaterials/Substrate/Glints2/dict_0007_0141" 6570
"../../../Engine/Content/EngineMaterials/Substrate/Glints2/dict_0007_0133.uasset" 6571
"/Engine/EngineMaterials/Substrate/Glints2/dict_0007_0134" 6572
"../../../Engine/Content/EngineMaterials/Substrate/Glints2/dict_0007_0126.uasset" 6573
"/Engine/EngineMaterials/Substrate/Glints2/dict_0007_0135" 6574
"../../../Engine/Content/EngineMaterials/Substrate/Glints2/dict_0007_0131.uasset" 6575
"../../../Engine/Content/EngineMaterials/Substrate/Glints2/dict_0007_0128.uasset" 6576
"../../../Engine/Content/EngineMaterials/Substrate/Glints2/dict_0007_0132.uasset" 6577
"../../../Engine/Content/EngineMaterials/Substrate/Glints2/dict_0007_0129.uasset" 6578
"../../../Engine/Content/EngineMaterials/Substrate/Glints2/dict_0007_0130.uasset" 6579
"/Engine/EngineMaterials/Substrate/Glints2/dict_0007_0136" 6580
"/Engine/EngineMaterials/Substrate/Glints2/dict_0007_0150" 6581
"/Engine/EngineMaterials/Substrate/Glints2/dict_0007_0129" 6582
"/Engine/EngineMaterials/Substrate/Glints2/dict_0007_0130" 6583
"/Engine/EngineMaterials/Substrate/Glints2/dict_0007_0131" 6584
"/Engine/EngineMaterials/Substrate/Glints2/dict_0007_0132" 6585
"/Engine/EngineMaterials/Substrate/Glints2/dict_0007_0133" 6586
"/Engine/EngineMaterials/Substrate/Glints2/dict_0007_0126" 6587
"/Engine/EngineMaterials/Substrate/Glints2/dict_0007_0128" 6588
"../../../Engine/Content/EngineMaterials/Substrate/Glints2/dict_0007_0121.uasset" 6589
"../../../Engine/Content/EngineMaterials/Substrate/Glints2/dict_0007_0117.uasset" 6590
"../../../Engine/Content/EngineMaterials/Substrate/Glints2/dict_0007_0118.uasset" 6591
"../../../Engine/Content/EngineMaterials/Substrate/Glints2/dict_0007_0123.uasset" 6592
"../../../Engine/Content/EngineMaterials/Substrate/Glints2/dict_0007_0127.uasset" 6593
"../../../Engine/Content/EngineMaterials/Substrate/Glints2/dict_0007_0122.uasset" 6594
"../../../Engine/Content/EngineMaterials/Substrate/Glints2/dict_0007_0125.uasset" 6595
"../../../Engine/Content/EngineMaterials/Substrate/Glints2/dict_0007_0119.uasset" 6596
"/Engine/EngineMaterials/Substrate/Glints2/dict_0007_0119" 6597
"../../../Engine/Content/EngineMaterials/Substrate/Glints2/dict_0007_0120.uasset" 6598
"../../../Engine/Content/EngineMaterials/Substrate/Glints2/dict_0007_0116.uasset" 6599
"../../../Engine/Content/EngineMaterials/Substrate/Glints2/dict_0007_0109.uasset" 6600
"/Engine/EngineMaterials/Substrate/Glints2/dict_0007_0121" 6601
"../../../Engine/Content/EngineMaterials/Substrate/Glints2/dict_0007_0111.uasset" 6602
"../../../Engine/Content/EngineMaterials/Substrate/Glints2/dict_0007_0110.uasset" 6603
"../../../Engine/Content/EngineMaterials/Substrate/Glints2/dict_0007_0112.uasset" 6604
"../../../Engine/Content/EngineMaterials/Substrate/Glints2/dict_0007_0115.uasset" 6605
"../../../Engine/Content/EngineMaterials/Substrate/Glints2/dict_0007_0114.uasset" 6606
"/Engine/EngineMaterials/Substrate/Glints2/dict_0007_0117" 6607
"../../../Engine/Content/EngineMaterials/Substrate/Glints2/dict_0007_0124.uasset" 6608
"/Engine/EngineMaterials/Substrate/Glints2/dict_0007_0118" 6609
"../../../Engine/Content/EngineMaterials/Substrate/Glints2/dict_0007_0113.uasset" 6610
"/Engine/EngineMaterials/Substrate/Glints2/dict_0007_0122" 6611
"/Engine/EngineMaterials/Substrate/Glints2/dict_0007_0123" 6612
"/Engine/EngineMaterials/Substrate/Glints2/dict_0007_0125" 6613
"../../../Engine/Content/EngineMaterials/Substrate/Glints2/dict_0007_0105.uasset" 6614
"../../../Engine/Content/EngineMaterials/Substrate/Glints2/dict_0007_0104.uasset" 6615
"../../../Engine/Content/EngineMaterials/Substrate/Glints2/dict_0007_0103.uasset" 6616
"/Engine/EngineMaterials/Substrate/Glints2/dict_0007_0127" 6617
"../../../Engine/Content/EngineMaterials/Substrate/Glints2/dict_0007_0101.uasset" 6618
"../../../Engine/Content/EngineMaterials/Substrate/Glints2/dict_0007_0107.uasset" 6619
"../../../Engine/Content/EngineMaterials/Substrate/Glints2/dict_0007_0108.uasset" 6620
"../../../Engine/Content/EngineMaterials/Substrate/Glints2/dict_0007_0106.uasset" 6621
"/Engine/EngineMaterials/Substrate/Glints2/dict_0007_0107" 6622
"/Engine/EngineMaterials/Substrate/Glints2/dict_0007_0108" 6623
"../../../Engine/Content/EngineMaterials/Substrate/Glints2/dict_0007_0102.uasset" 6624
"/Engine/EngineMaterials/Substrate/Glints2/dict_0007_0111" 6625
"/Engine/EngineMaterials/Substrate/Glints2/dict_0007_0120" 6626
"/Engine/EngineMaterials/Substrate/Glints2/dict_0007_0112" 6627
"/Engine/EngineMaterials/Substrate/Glints2/dict_0007_0113" 6628
"/Engine/EngineMaterials/Substrate/Glints2/dict_0007_0114" 6629
"/Engine/EngineMaterials/Substrate/Glints2/dict_0007_0115" 6630
"../../../Engine/Content/EngineMaterials/Substrate/Glints2/dict_0007_0095.uasset" 6631
"/Engine/EngineMaterials/Substrate/Glints2/dict_0007_0109" 6632
"/Engine/EngineMaterials/Substrate/Glints2/dict_0007_0103" 6633
"../../../Engine/Content/EngineMaterials/Substrate/Glints2/dict_0007_0097.uasset" 6634
"../../../Engine/Content/EngineMaterials/Substrate/Glints2/dict_0007_0098.uasset" 6635
"../../../Engine/Content/EngineMaterials/Substrate/Glints2/dict_0007_0094.uasset" 6636
"../../../Engine/Content/EngineMaterials/Substrate/Glints2/dict_0007_0091.uasset" 6637
"/Engine/EngineMaterials/Substrate/Glints2/dict_0007_0104" 6638
"/Engine/EngineMaterials/Substrate/Glints2/dict_0007_0116" 6639
"/Engine/EngineMaterials/Substrate/Glints2/dict_0007_0110" 6640
"../../../Engine/Content/EngineMaterials/Substrate/Glints2/dict_0007_0099.uasset" 6641
"/Engine/EngineMaterials/Substrate/Glints2/dict_0007_0105" 6642
"../../../Engine/Content/EngineMaterials/Substrate/Glints2/dict_0007_0093.uasset" 6643
"/Engine/EngineMaterials/Substrate/Glints2/dict_0007_0106" 6644
"/Engine/EngineMaterials/Substrate/Glints2/dict_0007_0124" 6645
"../../../Engine/Content/EngineMaterials/Substrate/Glints2/dict_0007_0096.uasset" 6646
"/Engine/EngineMaterials/Substrate/Glints2/dict_0007_0101" 6647
"/Engine/EngineMaterials/Substrate/Glints2/dict_0007_0102" 6648
"../../../Engine/Content/EngineMaterials/Substrate/Glints2/dict_0007_0092.uasset" 6649
"/Engine/EngineMaterials/Substrate/Glints2/dict_0007_0095" 6650
"/Engine/EngineMaterials/Substrate/Glints2/dict_0007_0096" 6651
"/Engine/EngineMaterials/Substrate/Glints2/dict_0007_0097" 6652
"/Engine/EngineMaterials/Substrate/Glints2/dict_0007_0098" 6653
"../../../Engine/Content/EngineMaterials/Substrate/Glints2/dict_0007_0090.uasset" 6654
"/Engine/EngineMaterials/Substrate/Glints2/dict_0007_0099" 6655
"../../../Engine/Content/EngineMaterials/Substrate/Glints2/dict_0007_0088.uasset" 6656
"../../../Engine/Content/EngineMaterials/Substrate/Glints2/dict_0007_0087.uasset" 6657
"/Engine/EngineMaterials/Substrate/Glints2/dict_0007_0091" 6658
"/Engine/EngineMaterials/Substrate/Glints2/dict_0007_0093" 6659
"/Engine/EngineMaterials/Substrate/Glints2/dict_0007_0094" 6660
"/Engine/EngineMaterials/Substrate/Glints2/dict_0007_0087" 6661
"/Engine/EngineMaterials/Substrate/Glints2/dict_0007_0088" 6662
"/Engine/EngineMaterials/Substrate/Glints2/dict_0007_0090" 6663
"/Engine/EngineMaterials/Substrate/Glints2/dict_0007_0092" 6664
"../../../Engine/Content/EngineMaterials/Substrate/Glints2/dict_0007_0089.uasset" 6665
"../../../Engine/Content/EngineMaterials/Substrate/Glints2/dict_0007_0100.uasset" 6666
"../../../Engine/Content/EngineMaterials/Substrate/Glints2/dict_0007_0080.uasset" 6667
"../../../Engine/Content/EngineMaterials/Substrate/Glints2/dict_0007_0083.uasset" 6668
"../../../Engine/Content/EngineMaterials/Substrate/Glints2/dict_0007_0085.uasset" 6669
"../../../Engine/Content/EngineMaterials/Substrate/Glints2/dict_0007_0079.uasset" 6670
"../../../Engine/Content/EngineMaterials/Substrate/Glints2/dict_0007_0086.uasset" 6671
"../../../Engine/Content/EngineMaterials/Substrate/Glints2/dict_0007_0084.uasset" 6672
"../../../Engine/Content/EngineMaterials/Substrate/Glints2/dict_0007_0081.uasset" 6673
"../../../Engine/Content/EngineMaterials/Substrate/Glints2/dict_0007_0082.uasset" 6674
"/Engine/EngineMaterials/Substrate/Glints2/dict_0007_0079" 6675
"/Engine/EngineMaterials/Substrate/Glints2/dict_0007_0080" 6676
"/Engine/EngineMaterials/Substrate/Glints2/dict_0007_0081" 6677
"../../../Engine/Content/EngineMaterials/Substrate/Glints2/dict_0007_0073.uasset" 6678
"../../../Engine/Content/EngineMaterials/Substrate/Glints2/dict_0007_0076.uasset" 6679
"/Engine/EngineMaterials/Substrate/Glints2/dict_0007_0089" 6680
"../../../Engine/Content/EngineMaterials/Substrate/Glints2/dict_0007_0074.uasset" 6681
"../../../Engine/Content/EngineMaterials/Substrate/Glints2/dict_0007_0072.uasset" 6682
"../../../Engine/Content/EngineMaterials/Substrate/Glints2/dict_0007_0069.uasset" 6683
"../../../Engine/Content/EngineMaterials/Substrate/Glints2/dict_0007_0075.uasset" 6684
"/Engine/EngineMaterials/Substrate/Glints2/dict_0007_0082" 6685
"../../../Engine/Content/EngineMaterials/Substrate/Glints2/dict_0007_0070.uasset" 6686
"../../../Engine/Content/EngineMaterials/Substrate/Glints2/dict_0007_0071.uasset" 6687
"/Engine/EngineMaterials/Substrate/Glints2/dict_0007_0083" 6688
"/Engine/EngineMaterials/Substrate/Glints2/dict_0007_0084" 6689
"/Engine/EngineMaterials/Substrate/Glints2/dict_0007_0085" 6690
"/Engine/EngineMaterials/Substrate/Glints2/dict_0007_0100" 6691
"/Engine/EngineMaterials/Substrate/Glints2/dict_0007_0086" 6692
"/Engine/EngineMaterials/Substrate/Glints2/dict_0007_0070" 6693
"/Engine/EngineMaterials/Substrate/Glints2/dict_0007_0071" 6694
"/Engine/EngineMaterials/Substrate/Glints2/dict_0007_0072" 6695
"/Engine/EngineMaterials/Substrate/Glints2/dict_0007_0073" 6696
"../../../Engine/Content/EngineMaterials/Substrate/Glints2/dict_0007_0067.uasset" 6697
"/Engine/EngineMaterials/Substrate/Glints2/dict_0007_0074" 6698
"../../../Engine/Content/EngineMaterials/Substrate/Glints2/dict_0007_0065.uasset" 6699
"../../../Engine/Content/EngineMaterials/Substrate/Glints2/dict_0007_0062.uasset" 6700
"/Engine/EngineMaterials/Substrate/Glints2/dict_0007_0075" 6701
"../../../Engine/Content/EngineMaterials/Substrate/Glints2/dict_0007_0078.uasset" 6702
"../../../Engine/Content/EngineMaterials/Substrate/Glints2/dict_0007_0068.uasset" 6703
"../../../Engine/Content/EngineMaterials/Substrate/Glints2/dict_0007_0064.uasset" 6704
"/Engine/EngineMaterials/Substrate/Glints2/dict_0007_0076" 6705
"../../../Engine/Content/EngineMaterials/Substrate/Glints2/dict_0007_0063.uasset" 6706
"/Engine/EngineMaterials/Substrate/Glints2/dict_0007_0069" 6707
"/Engine/EngineMaterials/Substrate/Glints2/dict_0007_0062" 6708
"../../../Engine/Content/EngineMaterials/Substrate/Glints2/dict_0007_0077.uasset" 6709
"/Engine/EngineMaterials/Substrate/Glints2/dict_0007_0063" 6710
"/Engine/EngineMaterials/Substrate/Glints2/dict_0007_0064" 6711
"/Engine/EngineMaterials/Substrate/Glints2/dict_0007_0065" 6712
"/Engine/EngineMaterials/Substrate/Glints2/dict_0007_0078" 6713
"/Engine/EngineMaterials/Substrate/Glints2/dict_0007_0067" 6714
"/Engine/EngineMaterials/Substrate/Glints2/dict_0007_0068" 6715
"/Engine/EngineMaterials/Substrate/Glints2/dict_0007_0077" 6716
"../../../Engine/Content/EngineMaterials/Substrate/Glints2/dict_0007_0060.uasset" 6717
"../../../Engine/Content/EngineMaterials/Substrate/Glints2/dict_0007_0058.uasset" 6718
"../../../Engine/Content/EngineMaterials/Substrate/Glints2/dict_0007_0061.uasset" 6719
"../../../Engine/Content/EngineMaterials/Substrate/Glints2/dict_0007_0056.uasset" 6720
"../../../Engine/Content/EngineMaterials/Substrate/Glints2/dict_0007_0066.uasset" 6721
"../../../Engine/Content/EngineMaterials/Substrate/Glints2/dict_0007_0057.uasset" 6722
"../../../Engine/Content/EngineMaterials/Substrate/Glints2/dict_0007_0054.uasset" 6723
"../../../Engine/Content/EngineMaterials/Substrate/Glints2/dict_0007_0059.uasset" 6724
"/Engine/EngineMaterials/Substrate/Glints2/dict_0007_0057" 6725
"/Engine/EngineMaterials/Substrate/Glints2/dict_0007_0061" 6726
"../../../Engine/Content/EngineMaterials/Substrate/Glints2/dict_0007_0055.uasset" 6727
"/Engine/EngineMaterials/Substrate/Glints2/dict_0007_0058" 6728
"../../../Engine/Content/EngineMaterials/Substrate/Glints2/dict_0007_0049.uasset" 6729
"/Engine/EngineMaterials/Substrate/Glints2/dict_0007_0066" 6730
"../../../Engine/Content/EngineMaterials/Substrate/Glints2/dict_0007_0053.uasset" 6731
"/Engine/EngineMaterials/Substrate/Glints2/dict_0007_0060" 6732
"../../../Engine/Content/EngineMaterials/Substrate/Glints2/dict_0007_0046.uasset" 6733
"../../../Engine/Content/EngineMaterials/Substrate/Glints2/dict_0007_0051.uasset" 6734
"../../../Engine/Content/EngineMaterials/Substrate/Glints2/dict_0007_0052.uasset" 6735
"/Engine/EngineMaterials/Substrate/Glints2/dict_0007_0054" 6736
"../../../Engine/Content/EngineMaterials/Substrate/Glints2/dict_0007_0047.uasset" 6737
"../../../Engine/Content/EngineMaterials/Substrate/Glints2/dict_0007_0050.uasset" 6738
"/Engine/EngineMaterials/Substrate/Glints2/dict_0007_0056" 6739
"/Engine/EngineMaterials/Substrate/Glints2/dict_0007_0047" 6740
"/Engine/EngineMaterials/Substrate/Glints2/dict_0007_0049" 6741
"../../../Engine/Content/EngineMaterials/Substrate/Glints2/dict_0007_0048.uasset" 6742
"/Engine/EngineMaterials/Substrate/Glints2/dict_0007_0050" 6743
"/Engine/EngineMaterials/Substrate/Glints2/dict_0007_0059" 6744
"/Engine/EngineMaterials/Substrate/Glints2/dict_0007_0051" 6745
"/Engine/EngineMaterials/Substrate/Glints2/dict_0007_0052" 6746
"/Engine/EngineMaterials/Substrate/Glints2/dict_0007_0053" 6747
"/Engine/EngineMaterials/Substrate/Glints2/dict_0007_0055" 6748
"/Engine/EngineMaterials/Substrate/Glints2/dict_0007_0046" 6749
"/Engine/EngineMaterials/Substrate/Glints2/dict_0007_0048" 6750
"../../../Engine/Content/EngineMaterials/Substrate/Glints2/dict_0007_0041.uasset" 6751
"/Engine/EngineMaterials/Substrate/Glints2/dict_0007_0041" 6752
"../../../Engine/Content/EngineMaterials/Substrate/Glints2/dict_0007_0038.uasset" 6753
"../../../Engine/Content/EngineMaterials/Substrate/Glints2/dict_0007_0040.uasset" 6754
"../../../Engine/Content/EngineMaterials/Substrate/Glints2/dict_0007_0044.uasset" 6755
"/Engine/EngineMaterials/Substrate/Glints2/dict_0007_0040" 6756
"/Engine/EngineMaterials/Substrate/Glints2/dict_0007_0038" 6757
"../../../Engine/Content/EngineMaterials/Substrate/Glints2/dict_0007_0043.uasset" 6758
"/Engine/EngineMaterials/Substrate/Glints2/dict_0007_0043" 6759
"/Engine/EngineMaterials/Substrate/Glints2/dict_0007_0044" 6760
"../../../Engine/Content/EngineMaterials/Substrate/Glints2/dict_0007_0045.uasset" 6761
"../../../Engine/Content/EngineMaterials/Substrate/Glints2/dict_0007_0042.uasset" 6762
"../../../Engine/Content/EngineMaterials/Substrate/Glints2/dict_0007_0036.uasset" 6763
"../../../Engine/Content/EngineMaterials/Substrate/Glints2/dict_0007_0037.uasset" 6764
"../../../Engine/Content/EngineMaterials/Substrate/Glints2/dict_0007_0039.uasset" 6765
"../../../Engine/Content/EngineMaterials/Substrate/Glints2/dict_0007_0032.uasset" 6766
"../../../Engine/Content/EngineMaterials/Substrate/Glints2/dict_0007_0033.uasset" 6767
"../../../Engine/Content/EngineMaterials/Substrate/Glints2/dict_0007_0035.uasset" 6768
"../../../Engine/Content/EngineMaterials/Substrate/Glints2/dict_0007_0034.uasset" 6769
"../../../Engine/Content/EngineMaterials/Substrate/Glints2/dict_0007_0029.uasset" 6770
"/Engine/EngineMaterials/Substrate/Glints2/dict_0007_0039" 6771
"../../../Engine/Content/EngineMaterials/Substrate/Glints2/dict_0007_0030.uasset" 6772
"/Engine/EngineMaterials/Substrate/Glints2/dict_0007_0042" 6773
"../../../Engine/Content/EngineMaterials/Substrate/Glints2/dict_0007_0031.uasset" 6774
"/Engine/EngineMaterials/Substrate/Glints2/dict_0007_0045" 6775
"/Engine/EngineMaterials/Substrate/Glints2/dict_0007_0032" 6776
"../../../Engine/Content/EngineMaterials/Substrate/Glints2/dict_0007_0023.uasset" 6777
"../../../Engine/Content/EngineMaterials/Substrate/Glints2/dict_0007_0025.uasset" 6778
"/Engine/EngineMaterials/Substrate/Glints2/dict_0007_0033" 6779
"../../../Engine/Content/EngineMaterials/Substrate/Glints2/dict_0007_0026.uasset" 6780
"../../../Engine/Content/EngineMaterials/Substrate/Glints2/dict_0007_0024.uasset" 6781
"/Engine/EngineMaterials/Substrate/Glints2/dict_0007_0034" 6782
"../../../Engine/Content/EngineMaterials/Substrate/Glints2/dict_0007_0028.uasset" 6783
"/Engine/EngineMaterials/Substrate/Glints2/dict_0007_0035" 6784
"../../../Engine/Content/EngineMaterials/Substrate/Glints2/dict_0007_0027.uasset" 6785
"/Engine/EngineMaterials/Substrate/Glints2/dict_0007_0036" 6786
"../../../Engine/Content/EngineMaterials/Substrate/Glints2/dict_0007_0022.uasset" 6787
"../../../Engine/Content/EngineMaterials/Substrate/Glints2/dict_0007_0015.uasset" 6788
"/Engine/EngineMaterials/Substrate/Glints2/dict_0007_0037" 6789
"../../../Engine/Content/EngineMaterials/Substrate/Glints2/dict_0007_0020.uasset" 6790
"../../../Engine/Content/EngineMaterials/Substrate/Glints2/dict_0007_0017.uasset" 6791
"../../../Engine/Content/EngineMaterials/Substrate/Glints2/dict_0007_0019.uasset" 6792
"/Engine/EngineMaterials/Substrate/Glints2/dict_0007_0029" 6793
"../../../Engine/Content/EngineMaterials/Substrate/Glints2/dict_0007_0018.uasset" 6794
"../../../Engine/Content/EngineMaterials/Substrate/Glints2/dict_0007_0021.uasset" 6795
"../../../Engine/Content/EngineMaterials/Substrate/Glints2/dict_0007_0014.uasset" 6796
"../../../Engine/Content/EngineMaterials/Substrate/Glints2/dict_0007_0016.uasset" 6797
"/Engine/EngineMaterials/Substrate/Glints2/dict_0007_0024" 6798
"/Engine/EngineMaterials/Substrate/Glints2/dict_0007_0025" 6799
"/Engine/EngineMaterials/Substrate/Glints2/dict_0007_0026" 6800
"/Engine/EngineMaterials/Substrate/Glints2/dict_0007_0031" 6801
"/Engine/EngineMaterials/Substrate/Glints2/dict_0007_0027" 6802
"/Engine/EngineMaterials/Substrate/Glints2/dict_0007_0015" 6803
"/Engine/EngineMaterials/Substrate/Glints2/dict_0007_0014" 6804
"/Engine/EngineMaterials/Substrate/Glints2/dict_0007_0016" 6805
"/Engine/EngineMaterials/Substrate/Glints2/dict_0007_0017" 6806
"/Engine/EngineMaterials/Substrate/Glints2/dict_0007_0018" 6807
"/Engine/EngineMaterials/Substrate/Glints2/dict_0007_0019" 6808
"/Engine/EngineMaterials/Substrate/Glints2/dict_0007_0020" 6809
"/Engine/EngineMaterials/Substrate/Glints2/dict_0007_0021" 6810
"/Engine/EngineMaterials/Substrate/Glints2/dict_0007_0028" 6811
"../../../Engine/Content/EngineMaterials/Substrate/Glints2/dict_0007_0008.uasset" 6812
"/Engine/EngineMaterials/Substrate/Glints2/dict_0007_0022" 6813
"../../../Engine/Content/EngineMaterials/Substrate/Glints2/dict_0007_0010.uasset" 6814
"../../../Engine/Content/EngineMaterials/Substrate/Glints2/dict_0007_0005.uasset" 6815
"../../../Engine/Content/EngineMaterials/Substrate/Glints2/dict_0007_0009.uasset" 6816
"/Engine/EngineMaterials/Substrate/Glints2/dict_0007_0023" 6817
"../../../Engine/Content/EngineMaterials/Substrate/Glints2/dict_0007_0012.uasset" 6818
"/Engine/EngineMaterials/Substrate/Glints2/dict_0007_0030" 6819
"/Engine/EngineMaterials/Substrate/Glints2/dict_0007_0009" 6820
"/Engine/EngineMaterials/Substrate/Glints2/dict_0007_0010" 6821
"/Engine/EngineMaterials/Substrate/Glints2/dict_0007_0005" 6822
"/Engine/EngineMaterials/Substrate/Glints2/dict_0007_0008" 6823
"/Engine/EngineMaterials/Substrate/Glints2/dict_0007_0012" 6824
"../../../Engine/Content/EngineMaterials/Substrate/Glints2/dict_0007_0011.uasset" 6825
"/Engine/EngineMaterials/Substrate/Glints2/dict_0007_0011" 6826
"../../../Engine/Content/EngineMaterials/Substrate/Glints2/dict_0007_0013.uasset" 6827
"../../../Engine/Content/EngineMaterials/Substrate/Glints2/dict_0007_0006.uasset" 6828
"../../../Engine/Content/EngineMaterials/Substrate/Glints2/dict_0007_0007.uasset" 6829
"../../../Engine/Content/EngineMaterials/Substrate/Glints2/dict_0007_0001.uasset" 6830
"../../../Engine/Content/EngineMaterials/Substrate/Glints2/dict_0007_0002.uasset" 6831
"../../../Engine/Content/EngineMaterials/Substrate/Glints2/dict_0007_0003.uasset" 6832
"../../../Engine/Content/EngineMaterials/Substrate/Glints2/dict_0007_0004.uasset" 6833
"../../../Engine/Content/EngineMaterials/Substrate/Glints2/dict_0006_0250.uasset" 6834
"../../../Engine/Content/EngineMaterials/Substrate/Glints2/dict_0006_0252.uasset" 6835
"../../../Engine/Content/EngineMaterials/Substrate/Glints2/dict_0006_0249.uasset" 6836
"../../../Engine/Content/EngineMaterials/Substrate/Glints2/dict_0006_0247.uasset" 6837
"../../../Engine/Content/EngineMaterials/Substrate/Glints2/dict_0007_0000.uasset" 6838
"../../../Engine/Content/EngineMaterials/Substrate/Glints2/dict_0006_0253.uasset" 6839
"../../../Engine/Content/EngineMaterials/Substrate/Glints2/dict_0006_0254.uasset" 6840
"../../../Engine/Content/EngineMaterials/Substrate/Glints2/dict_0006_0248.uasset" 6841
"../../../Engine/Content/EngineMaterials/Substrate/Glints2/dict_0006_0255.uasset" 6842
"../../../Engine/Content/EngineMaterials/Substrate/Glints2/dict_0006_0251.uasset" 6843
"../../../Engine/Content/EngineMaterials/Substrate/Glints2/dict_0006_0246.uasset" 6844
"../../../Engine/Content/EngineMaterials/Substrate/Glints2/dict_0006_0243.uasset" 6845
"../../../Engine/Content/EngineMaterials/Substrate/Glints2/dict_0006_0241.uasset" 6846
"../../../Engine/Content/EngineMaterials/Substrate/Glints2/dict_0006_0240.uasset" 6847
"../../../Engine/Content/EngineMaterials/Substrate/Glints2/dict_0006_0238.uasset" 6848
"../../../Engine/Content/EngineMaterials/Substrate/Glints2/dict_0006_0245.uasset" 6849
"../../../Engine/Content/EngineMaterials/Substrate/Glints2/dict_0006_0242.uasset" 6850
"../../../Engine/Content/EngineMaterials/Substrate/Glints2/dict_0006_0232.uasset" 6851
"../../../Engine/Content/EngineMaterials/Substrate/Glints2/dict_0006_0244.uasset" 6852
"../../../Engine/Content/EngineMaterials/Substrate/Glints2/dict_0006_0236.uasset" 6853
"../../../Engine/Content/EngineMaterials/Substrate/Glints2/dict_0006_0239.uasset" 6854
"../../../Engine/Content/EngineMaterials/Substrate/Glints2/dict_0006_0237.uasset" 6855
"../../../Engine/Content/EngineMaterials/Substrate/Glints2/dict_0006_0235.uasset" 6856
"../../../Engine/Content/EngineMaterials/Substrate/Glints2/dict_0006_0233.uasset" 6857
"../../../Engine/Content/EngineMaterials/Substrate/Glints2/dict_0006_0234.uasset" 6858
"/Engine/EngineMaterials/Substrate/Glints2/dict_0006_0238" 6859
"/Engine/EngineMaterials/Substrate/Glints2/dict_0006_0255" 6860
"/Engine/EngineMaterials/Substrate/Glints2/dict_0006_0232" 6861
"/Engine/EngineMaterials/Substrate/Glints2/dict_0007_0013" 6862
"/Engine/EngineMaterials/Substrate/Glints2/dict_0007_0000" 6863
"/Engine/EngineMaterials/Substrate/Glints2/dict_0006_0233" 6864
"/Engine/EngineMaterials/Substrate/Glints2/dict_0006_0239" 6865
"/Engine/EngineMaterials/Substrate/Glints2/dict_0006_0234" 6866
"/Engine/EngineMaterials/Substrate/Glints2/dict_0007_0001" 6867
"/Engine/EngineMaterials/Substrate/Glints2/dict_0006_0240" 6868
"/Engine/EngineMaterials/Substrate/Glints2/dict_0007_0002" 6869
"/Engine/EngineMaterials/Substrate/Glints2/dict_0007_0003" 6870
"/Engine/EngineMaterials/Substrate/Glints2/dict_0006_0241" 6871
"/Engine/EngineMaterials/Substrate/Glints2/dict_0007_0004" 6872
"/Engine/EngineMaterials/Substrate/Glints2/dict_0006_0235" 6873
"/Engine/EngineMaterials/Substrate/Glints2/dict_0007_0006" 6874
"/Engine/EngineMaterials/Substrate/Glints2/dict_0006_0242" 6875
"/Engine/EngineMaterials/Substrate/Glints2/dict_0006_0243" 6876
"/Engine/EngineMaterials/Substrate/Glints2/dict_0006_0244" 6877
"/Engine/EngineMaterials/Substrate/Glints2/dict_0006_0245" 6878
"/Engine/EngineMaterials/Substrate/Glints2/dict_0006_0246" 6879
"/Engine/EngineMaterials/Substrate/Glints2/dict_0006_0247" 6880
"/Engine/EngineMaterials/Substrate/Glints2/dict_0006_0248" 6881
"/Engine/EngineMaterials/Substrate/Glints2/dict_0006_0249" 6882
"/Engine/EngineMaterials/Substrate/Glints2/dict_0006_0250" 6883
"/Engine/EngineMaterials/Substrate/Glints2/dict_0007_0007" 6884
"/Engine/EngineMaterials/Substrate/Glints2/dict_0006_0251" 6885
"/Engine/EngineMaterials/Substrate/Glints2/dict_0006_0236" 6886
"/Engine/EngineMaterials/Substrate/Glints2/dict_0006_0237" 6887
"/Engine/EngineMaterials/Substrate/Glints2/dict_0006_0252" 6888
"/Engine/EngineMaterials/Substrate/Glints2/dict_0006_0253" 6889
"/Engine/EngineMaterials/Substrate/Glints2/dict_0006_0254" 6890
"../../../Engine/Content/EngineMaterials/Substrate/Glints2/dict_0006_0227.uasset" 6891
"../../../Engine/Content/EngineMaterials/Substrate/Glints2/dict_0006_0228.uasset" 6892
"../../../Engine/Content/EngineMaterials/Substrate/Glints2/dict_0006_0231.uasset" 6893
"../../../Engine/Content/EngineMaterials/Substrate/Glints2/dict_0006_0230.uasset" 6894
"../../../Engine/Content/EngineMaterials/Substrate/Glints2/dict_0006_0229.uasset" 6895
"/Engine/EngineMaterials/Substrate/Glints2/dict_0006_0227" 6896
"../../../Engine/Content/EngineMaterials/Substrate/Glints2/dict_0006_0224.uasset" 6897
"../../../Engine/Content/EngineMaterials/Substrate/Glints2/dict_0006_0222.uasset" 6898
"../../../Engine/Content/EngineMaterials/Substrate/Glints2/dict_0006_0225.uasset" 6899
"../../../Engine/Content/EngineMaterials/Substrate/Glints2/dict_0006_0226.uasset" 6900
"../../../Engine/Content/EngineMaterials/Substrate/Glints2/dict_0006_0223.uasset" 6901
"/Engine/EngineMaterials/Substrate/Glints2/dict_0006_0228" 6902
"/Engine/EngineMaterials/Substrate/Glints2/dict_0006_0229" 6903
"/Engine/EngineMaterials/Substrate/Glints2/dict_0006_0230" 6904
"/Engine/EngineMaterials/Substrate/Glints2/dict_0006_0231" 6905
"/Engine/EngineMaterials/Substrate/Glints2/dict_0006_0222" 6906
"/Engine/EngineMaterials/Substrate/Glints2/dict_0006_0223" 6907
"/Engine/EngineMaterials/Substrate/Glints2/dict_0006_0224" 6908
"/Engine/EngineMaterials/Substrate/Glints2/dict_0006_0225" 6909
"/Engine/EngineMaterials/Substrate/Glints2/dict_0006_0226" 6910
"../../../Engine/Content/EngineMaterials/Substrate/Glints2/dict_0006_0221.uasset" 6911
"../../../Engine/Content/EngineMaterials/Substrate/Glints2/dict_0006_0217.uasset" 6912
"../../../Engine/Content/EngineMaterials/Substrate/Glints2/dict_0006_0218.uasset" 6913
"../../../Engine/Content/EngineMaterials/Substrate/Glints2/dict_0006_0220.uasset" 6914
"../../../Engine/Content/EngineMaterials/Substrate/Glints2/dict_0006_0216.uasset" 6915
"../../../Engine/Content/EngineMaterials/Substrate/Glints2/dict_0006_0219.uasset" 6916
"../../../Engine/Content/EngineMaterials/Substrate/Glints2/dict_0006_0211.uasset" 6917
"../../../Engine/Content/EngineMaterials/Substrate/Glints2/dict_0006_0214.uasset" 6918
"../../../Engine/Content/EngineMaterials/Substrate/Glints2/dict_0006_0212.uasset" 6919
"../../../Engine/Content/EngineMaterials/Substrate/Glints2/dict_0006_0215.uasset" 6920
"../../../Engine/Content/EngineMaterials/Substrate/Glints2/dict_0006_0213.uasset" 6921
"../../../Engine/Content/EngineMaterials/Substrate/Glints2/dict_0006_0210.uasset" 6922
"../../../Engine/Content/EngineMaterials/Substrate/Glints2/dict_0006_0209.uasset" 6923
"../../../Engine/Content/EngineMaterials/Substrate/Glints2/dict_0006_0206.uasset" 6924
"../../../Engine/Content/EngineMaterials/Substrate/Glints2/dict_0006_0207.uasset" 6925
"../../../Engine/Content/EngineMaterials/Substrate/Glints2/dict_0006_0205.uasset" 6926
"../../../Engine/Content/EngineMaterials/Substrate/Glints2/dict_0006_0208.uasset" 6927
"../../../Engine/Content/EngineMaterials/Substrate/Glints2/dict_0006_0204.uasset" 6928
"../../../Engine/Content/EngineMaterials/Substrate/Glints2/dict_0006_0203.uasset" 6929
"../../../Engine/Content/EngineMaterials/Substrate/Glints2/dict_0006_0202.uasset" 6930
"../../../Engine/Content/EngineMaterials/Substrate/Glints2/dict_0006_0201.uasset" 6931
"../../../Engine/Content/EngineMaterials/Substrate/Glints2/dict_0006_0197.uasset" 6932
"../../../Engine/Content/EngineMaterials/Substrate/Glints2/dict_0006_0198.uasset" 6933
"../../../Engine/Content/EngineMaterials/Substrate/Glints2/dict_0006_0200.uasset" 6934
"../../../Engine/Content/EngineMaterials/Substrate/Glints2/dict_0006_0196.uasset" 6935
"../../../Engine/Content/EngineMaterials/Substrate/Glints2/dict_0006_0199.uasset" 6936
"../../../Engine/Content/EngineMaterials/Substrate/Glints2/dict_0006_0195.uasset" 6937
"../../../Engine/Content/EngineMaterials/Substrate/Glints2/dict_0006_0193.uasset" 6938
"/Engine/EngineMaterials/Substrate/Glints2/dict_0006_0200" 6939
"../../../Engine/Content/EngineMaterials/Substrate/Glints2/dict_0006_0191.uasset" 6940
"../../../Engine/Content/EngineMaterials/Substrate/Glints2/dict_0006_0194.uasset" 6941
"/Engine/EngineMaterials/Substrate/Glints2/dict_0006_0201" 6942
"/Engine/EngineMaterials/Substrate/Glints2/dict_0006_0202" 6943
"../../../Engine/Content/EngineMaterials/Substrate/Glints2/dict_0006_0192.uasset" 6944
"/Engine/EngineMaterials/Substrate/Glints2/dict_0006_0203" 6945
"../../../Engine/Content/EngineMaterials/Substrate/Glints2/dict_0006_0190.uasset" 6946
"/Engine/EngineMaterials/Substrate/Glints2/dict_0006_0204" 6947
"/Engine/EngineMaterials/Substrate/Glints2/dict_0006_0205" 6948
"/Engine/EngineMaterials/Substrate/Glints2/dict_0006_0206" 6949
"/Engine/EngineMaterials/Substrate/Glints2/dict_0006_0207" 6950
"/Engine/EngineMaterials/Substrate/Glints2/dict_0006_0208" 6951
"/Engine/EngineMaterials/Substrate/Glints2/dict_0006_0209" 6952
"/Engine/EngineMaterials/Substrate/Glints2/dict_0006_0210" 6953
"/Engine/EngineMaterials/Substrate/Glints2/dict_0006_0211" 6954
"/Engine/EngineMaterials/Substrate/Glints2/dict_0006_0212" 6955
"/Engine/EngineMaterials/Substrate/Glints2/dict_0006_0213" 6956
"/Engine/EngineMaterials/Substrate/Glints2/dict_0006_0214" 6957
"/Engine/EngineMaterials/Substrate/Glints2/dict_0006_0215" 6958
"/Engine/EngineMaterials/Substrate/Glints2/dict_0006_0216" 6959
"/Engine/EngineMaterials/Substrate/Glints2/dict_0006_0217" 6960
"/Engine/EngineMaterials/Substrate/Glints2/dict_0006_0218" 6961
"/Engine/EngineMaterials/Substrate/Glints2/dict_0006_0219" 6962
"/Engine/EngineMaterials/Substrate/Glints2/dict_0006_0220" 6963
"/Engine/EngineMaterials/Substrate/Glints2/dict_0006_0221" 6964
"/Engine/EngineMaterials/Substrate/Glints2/dict_0006_0196" 6965
"/Engine/EngineMaterials/Substrate/Glints2/dict_0006_0197" 6966
"/Engine/EngineMaterials/Substrate/Glints2/dict_0006_0198" 6967
"/Engine/EngineMaterials/Substrate/Glints2/dict_0006_0199" 6968
"/Engine/EngineMaterials/Substrate/Glints2/dict_0006_0190" 6969
"/Engine/EngineMaterials/Substrate/Glints2/dict_0006_0191" 6970
"/Engine/EngineMaterials/Substrate/Glints2/dict_0006_0192" 6971
"/Engine/EngineMaterials/Substrate/Glints2/dict_0006_0193" 6972
"/Engine/EngineMaterials/Substrate/Glints2/dict_0006_0194" 6973
"/Engine/EngineMaterials/Substrate/Glints2/dict_0006_0195" 6974
"../../../Engine/Content/EngineMaterials/Substrate/Glints2/dict_0006_0185.uasset" 6975
"../../../Engine/Content/EngineMaterials/Substrate/Glints2/dict_0006_0187.uasset" 6976
"../../../Engine/Content/EngineMaterials/Substrate/Glints2/dict_0006_0186.uasset" 6977
"../../../Engine/Content/EngineMaterials/Substrate/Glints2/dict_0006_0188.uasset" 6978
"../../../Engine/Content/EngineMaterials/Substrate/Glints2/dict_0006_0189.uasset" 6979
"/Engine/EngineMaterials/Substrate/Glints2/dict_0006_0185" 6980
"/Engine/EngineMaterials/Substrate/Glints2/dict_0006_0186" 6981
"/Engine/EngineMaterials/Substrate/Glints2/dict_0006_0187" 6982
"/Engine/EngineMaterials/Substrate/Glints2/dict_0006_0188" 6983
"/Engine/EngineMaterials/Substrate/Glints2/dict_0006_0189" 6984
"../../../Engine/Content/EngineMaterials/Substrate/Glints2/dict_0006_0180.uasset" 6985
"../../../Engine/Content/EngineMaterials/Substrate/Glints2/dict_0006_0182.uasset" 6986
"../../../Engine/Content/EngineMaterials/Substrate/Glints2/dict_0006_0181.uasset" 6987
"../../../Engine/Content/EngineMaterials/Substrate/Glints2/dict_0006_0183.uasset" 6988
"../../../Engine/Content/EngineMaterials/Substrate/Glints2/dict_0006_0184.uasset" 6989
"/Engine/EngineMaterials/Substrate/Glints2/dict_0006_0180" 6990
"/Engine/EngineMaterials/Substrate/Glints2/dict_0006_0181" 6991
"/Engine/EngineMaterials/Substrate/Glints2/dict_0006_0182" 6992
"../../../Engine/Content/EngineMaterials/Substrate/Glints2/dict_0006_0177.uasset" 6993
"../../../Engine/Content/EngineMaterials/Substrate/Glints2/dict_0006_0178.uasset" 6994
"/Engine/EngineMaterials/Substrate/Glints2/dict_0006_0183" 6995
"/Engine/EngineMaterials/Substrate/Glints2/dict_0006_0184" 6996
"../../../Engine/Content/EngineMaterials/Substrate/Glints2/dict_0006_0179.uasset" 6997
"../../../Engine/Content/EngineMaterials/Substrate/Glints2/dict_0006_0176.uasset" 6998
"/Engine/EngineMaterials/Substrate/Glints2/dict_0006_0176" 6999
"/Engine/EngineMaterials/Substrate/Glints2/dict_0006_0177" 7000
"/Engine/EngineMaterials/Substrate/Glints2/dict_0006_0178" 7001
"/Engine/EngineMaterials/Substrate/Glints2/dict_0006_0179" 7002
"../../../Engine/Content/EngineMaterials/Substrate/Glints2/dict_0006_0175.uasset" 7003
"../../../Engine/Content/EngineMaterials/Substrate/Glints2/dict_0006_0173.uasset" 7004
"../../../Engine/Content/EngineMaterials/Substrate/Glints2/dict_0006_0174.uasset" 7005
"../../../Engine/Content/EngineMaterials/Substrate/Glints2/dict_0006_0171.uasset" 7006
"../../../Engine/Content/EngineMaterials/Substrate/Glints2/dict_0006_0172.uasset" 7007
"/Engine/EngineMaterials/Substrate/Glints2/dict_0006_0171" 7008
"/Engine/EngineMaterials/Substrate/Glints2/dict_0006_0172" 7009
"/Engine/EngineMaterials/Substrate/Glints2/dict_0006_0173" 7010
"/Engine/EngineMaterials/Substrate/Glints2/dict_0006_0174" 7011
"/Engine/EngineMaterials/Substrate/Glints2/dict_0006_0175" 7012
"../../../Engine/Content/EngineMaterials/Substrate/Glints2/dict_0006_0170.uasset" 7013
"/Engine/EngineMaterials/Substrate/Glints2/dict_0006_0170" 7014
"../../../Engine/Content/EngineMaterials/Substrate/Glints2/dict_0006_0166.uasset" 7015
"../../../Engine/Content/EngineMaterials/Substrate/Glints2/dict_0006_0167.uasset" 7016
"../../../Engine/Content/EngineMaterials/Substrate/Glints2/dict_0006_0169.uasset" 7017
"../../../Engine/Content/EngineMaterials/Substrate/Glints2/dict_0006_0163.uasset" 7018
"../../../Engine/Content/EngineMaterials/Substrate/Glints2/dict_0006_0164.uasset" 7019
"../../../Engine/Content/EngineMaterials/Substrate/Glints2/dict_0006_0162.uasset" 7020
"../../../Engine/Content/EngineMaterials/Substrate/Glints2/dict_0006_0165.uasset" 7021
"/Engine/EngineMaterials/Substrate/Glints2/dict_0006_0164" 7022
"/Engine/EngineMaterials/Substrate/Glints2/dict_0006_0165" 7023
"/Engine/EngineMaterials/Substrate/Glints2/dict_0006_0166" 7024
"/Engine/EngineMaterials/Substrate/Glints2/dict_0006_0167" 7025
"/Engine/EngineMaterials/Substrate/Glints2/dict_0006_0169" 7026
"/Engine/EngineMaterials/Substrate/Glints2/dict_0006_0162" 7027
"../../../Engine/Content/EngineMaterials/Substrate/Glints2/dict_0006_0161.uasset" 7028
"../../../Engine/Content/EngineMaterials/Substrate/Glints2/dict_0006_0160.uasset" 7029
"/Engine/EngineMaterials/Substrate/Glints2/dict_0006_0163" 7030
"../../../Engine/Content/EngineMaterials/Substrate/Glints2/dict_0006_0159.uasset" 7031
"/Engine/EngineMaterials/Substrate/Glints2/dict_0006_0159" 7032
"/Engine/EngineMaterials/Substrate/Glints2/dict_0006_0160" 7033
"/Engine/EngineMaterials/Substrate/Glints2/dict_0006_0161" 7034
"../../../Engine/Content/EngineMaterials/Substrate/Glints2/dict_0006_0168.uasset" 7035
"../../../Engine/Content/EngineMaterials/Substrate/Glints2/dict_0006_0158.uasset" 7036
"../../../Engine/Content/EngineMaterials/Substrate/Glints2/dict_0006_0153.uasset" 7037
"../../../Engine/Content/EngineMaterials/Substrate/Glints2/dict_0006_0155.uasset" 7038
"../../../Engine/Content/EngineMaterials/Substrate/Glints2/dict_0006_0154.uasset" 7039
"../../../Engine/Content/EngineMaterials/Substrate/Glints2/dict_0006_0157.uasset" 7040
"../../../Engine/Content/EngineMaterials/Substrate/Glints2/dict_0006_0156.uasset" 7041
"/Engine/EngineMaterials/Substrate/Glints2/dict_0006_0168" 7042
"/Engine/EngineMaterials/Substrate/Glints2/dict_0006_0153" 7043
"/Engine/EngineMaterials/Substrate/Glints2/dict_0006_0158" 7044
"/Engine/EngineMaterials/Substrate/Glints2/dict_0006_0154" 7045
"../../../Engine/Content/EngineMaterials/Substrate/Glints2/dict_0006_0152.uasset" 7046
"../../../Engine/Content/EngineMaterials/Substrate/Glints2/dict_0006_0148.uasset" 7047
"../../../Engine/Content/EngineMaterials/Substrate/Glints2/dict_0006_0151.uasset" 7048
"../../../Engine/Content/EngineMaterials/Substrate/Glints2/dict_0006_0147.uasset" 7049
"../../../Engine/Content/EngineMaterials/Substrate/Glints2/dict_0006_0149.uasset" 7050
"/Engine/EngineMaterials/Substrate/Glints2/dict_0006_0155" 7051
"/Engine/EngineMaterials/Substrate/Glints2/dict_0006_0157" 7052
"../../../Engine/Content/EngineMaterials/Substrate/Glints2/dict_0006_0150.uasset" 7053
"/Engine/EngineMaterials/Substrate/Glints2/dict_0006_0147" 7054
"/Engine/EngineMaterials/Substrate/Glints2/dict_0006_0148" 7055
"/Engine/EngineMaterials/Substrate/Glints2/dict_0006_0149" 7056
"/Engine/EngineMaterials/Substrate/Glints2/dict_0006_0150" 7057
"/Engine/EngineMaterials/Substrate/Glints2/dict_0006_0151" 7058
"/Engine/EngineMaterials/Substrate/Glints2/dict_0006_0152" 7059
"/Engine/EngineMaterials/Substrate/Glints2/dict_0006_0156" 7060
"../../../Engine/Content/EngineMaterials/Substrate/Glints2/dict_0006_0146.uasset" 7061
"../../../Engine/Content/EngineMaterials/Substrate/Glints2/dict_0006_0143.uasset" 7062
"../../../Engine/Content/EngineMaterials/Substrate/Glints2/dict_0006_0142.uasset" 7063
"../../../Engine/Content/EngineMaterials/Substrate/Glints2/dict_0006_0138.uasset" 7064
"../../../Engine/Content/EngineMaterials/Substrate/Glints2/dict_0006_0145.uasset" 7065
"../../../Engine/Content/EngineMaterials/Substrate/Glints2/dict_0006_0144.uasset" 7066
"../../../Engine/Content/EngineMaterials/Substrate/Glints2/dict_0006_0141.uasset" 7067
"../../../Engine/Content/EngineMaterials/Substrate/Glints2/dict_0006_0140.uasset" 7068
"/Engine/EngineMaterials/Substrate/Glints2/dict_0006_0138" 7069
"../../../Engine/Content/EngineMaterials/Substrate/Glints2/dict_0006_0136.uasset" 7070
"../../../Engine/Content/EngineMaterials/Substrate/Glints2/dict_0006_0137.uasset" 7071
"../../../Engine/Content/EngineMaterials/Substrate/Glints2/dict_0006_0139.uasset" 7072
"/Engine/EngineMaterials/Substrate/Glints2/dict_0006_0140" 7073
"/Engine/EngineMaterials/Substrate/Glints2/dict_0006_0141" 7074
"/Engine/EngineMaterials/Substrate/Glints2/dict_0006_0142" 7075
"/Engine/EngineMaterials/Substrate/Glints2/dict_0006_0143" 7076
"../../../Engine/Content/EngineMaterials/Substrate/Glints2/dict_0006_0134.uasset" 7077
"/Engine/EngineMaterials/Substrate/Glints2/dict_0006_0144" 7078
"/Engine/EngineMaterials/Substrate/Glints2/dict_0006_0145" 7079
"/Engine/EngineMaterials/Substrate/Glints2/dict_0006_0146" 7080
"/Engine/EngineMaterials/Substrate/Glints2/dict_0006_0134" 7081
"/Engine/EngineMaterials/Substrate/Glints2/dict_0006_0139" 7082
"/Engine/EngineMaterials/Substrate/Glints2/dict_0006_0136" 7083
"/Engine/EngineMaterials/Substrate/Glints2/dict_0006_0137" 7084
"../../../Engine/Content/EngineMaterials/Substrate/Glints2/dict_0006_0133.uasset" 7085
"../../../Engine/Content/EngineMaterials/Substrate/Glints2/dict_0006_0135.uasset" 7086
"../../../Engine/Content/EngineMaterials/Substrate/Glints2/dict_0006_0128.uasset" 7087
"../../../Engine/Content/EngineMaterials/Substrate/Glints2/dict_0006_0129.uasset" 7088
"../../../Engine/Content/EngineMaterials/Substrate/Glints2/dict_0006_0127.uasset" 7089
"../../../Engine/Content/EngineMaterials/Substrate/Glints2/dict_0006_0131.uasset" 7090
"../../../Engine/Content/EngineMaterials/Substrate/Glints2/dict_0006_0130.uasset" 7091
"../../../Engine/Content/EngineMaterials/Substrate/Glints2/dict_0006_0126.uasset" 7092
"../../../Engine/Content/EngineMaterials/Substrate/Glints2/dict_0006_0125.uasset" 7093
"../../../Engine/Content/EngineMaterials/Substrate/Glints2/dict_0006_0120.uasset" 7094
"../../../Engine/Content/EngineMaterials/Substrate/Glints2/dict_0006_0121.uasset" 7095
"../../../Engine/Content/EngineMaterials/Substrate/Glints2/dict_0006_0122.uasset" 7096
"../../../Engine/Content/EngineMaterials/Substrate/Glints2/dict_0006_0119.uasset" 7097
"/Engine/EngineMaterials/Substrate/Glints2/dict_0006_0131" 7098
"../../../Engine/Content/EngineMaterials/Substrate/Glints2/dict_0006_0116.uasset" 7099
"../../../Engine/Content/EngineMaterials/Substrate/Glints2/dict_0006_0123.uasset" 7100
"../../../Engine/Content/EngineMaterials/Substrate/Glints2/dict_0006_0124.uasset" 7101
"/Engine/EngineMaterials/Substrate/Glints2/dict_0006_0133" 7102
"../../../Engine/Content/EngineMaterials/Substrate/Glints2/dict_0006_0118.uasset" 7103
"../../../Engine/Content/EngineMaterials/Substrate/Glints2/dict_0006_0115.uasset" 7104
"../../../Engine/Content/EngineMaterials/Substrate/Glints2/dict_0006_0113.uasset" 7105
"../../../Engine/Content/EngineMaterials/Substrate/Glints2/dict_0006_0114.uasset" 7106
"/Engine/EngineMaterials/Substrate/Glints2/dict_0006_0122" 7107
"../../../Engine/Content/EngineMaterials/Substrate/Glints2/dict_0006_0117.uasset" 7108
"/Engine/EngineMaterials/Substrate/Glints2/dict_0006_0135" 7109
"/Engine/EngineMaterials/Substrate/Glints2/dict_0006_0119" 7110
"/Engine/EngineMaterials/Substrate/Glints2/dict_0006_0120" 7111
"/Engine/EngineMaterials/Substrate/Glints2/dict_0006_0128" 7112
"../../../Engine/Content/EngineMaterials/Substrate/Glints2/dict_0006_0112.uasset" 7113
"../../../Engine/Content/EngineMaterials/Substrate/Glints2/dict_0006_0111.uasset" 7114
"../../../Engine/Content/EngineMaterials/Substrate/Glints2/dict_0006_0110.uasset" 7115
"../../../Engine/Content/EngineMaterials/Substrate/Glints2/dict_0006_0109.uasset" 7116
"../../../Engine/Content/EngineMaterials/Substrate/Glints2/dict_0006_0132.uasset" 7117
"/Engine/EngineMaterials/Substrate/Glints2/dict_0006_0129" 7118
"/Engine/EngineMaterials/Substrate/Glints2/dict_0006_0130" 7119
"/Engine/EngineMaterials/Substrate/Glints2/dict_0006_0125" 7120
"/Engine/EngineMaterials/Substrate/Glints2/dict_0006_0126" 7121
"/Engine/EngineMaterials/Substrate/Glints2/dict_0006_0121" 7122
"/Engine/EngineMaterials/Substrate/Glints2/dict_0006_0127" 7123
"/Engine/EngineMaterials/Substrate/Glints2/dict_0006_0132" 7124
"/Engine/EngineMaterials/Substrate/Glints2/dict_0006_0109" 7125
"../../../Engine/Content/EngineMaterials/Substrate/Glints2/dict_0006_0106.uasset" 7126
"/Engine/EngineMaterials/Substrate/Glints2/dict_0006_0110" 7127
"/Engine/EngineMaterials/Substrate/Glints2/dict_0006_0111" 7128
"/Engine/EngineMaterials/Substrate/Glints2/dict_0006_0112" 7129
"../../../Engine/Content/EngineMaterials/Substrate/Glints2/dict_0006_0108.uasset" 7130
"../../../Engine/Content/EngineMaterials/Substrate/Glints2/dict_0006_0105.uasset" 7131
"/Engine/EngineMaterials/Substrate/Glints2/dict_0006_0113" 7132
"/Engine/EngineMaterials/Substrate/Glints2/dict_0006_0114" 7133
"/Engine/EngineMaterials/Substrate/Glints2/dict_0006_0115" 7134
"/Engine/EngineMaterials/Substrate/Glints2/dict_0006_0116" 7135
"../../../Engine/Content/EngineMaterials/Substrate/Glints2/dict_0006_0104.uasset" 7136
"/Engine/EngineMaterials/Substrate/Glints2/dict_0006_0117" 7137
"/Engine/EngineMaterials/Substrate/Glints2/dict_0006_0118" 7138
"/Engine/EngineMaterials/Substrate/Glints2/dict_0006_0123" 7139
"/Engine/EngineMaterials/Substrate/Glints2/dict_0006_0124" 7140
"/Engine/EngineMaterials/Substrate/Glints2/dict_0006_0104" 7141
"/Engine/EngineMaterials/Substrate/Glints2/dict_0006_0108" 7142
"/Engine/EngineMaterials/Substrate/Glints2/dict_0006_0105" 7143
"../../../Engine/Content/EngineMaterials/Substrate/Glints2/dict_0006_0103.uasset" 7144
"/Engine/EngineMaterials/Substrate/Glints2/dict_0006_0106" 7145
"../../../Engine/Content/EngineMaterials/Substrate/Glints2/dict_0006_0101.uasset" 7146
"../../../Engine/Content/EngineMaterials/Substrate/Glints2/dict_0006_0099.uasset" 7147
"../../../Engine/Content/EngineMaterials/Substrate/Glints2/dict_0006_0100.uasset" 7148
"/Engine/EngineMaterials/Substrate/Glints2/dict_0006_0103" 7149
"/Engine/EngineMaterials/Substrate/Glints2/dict_0006_0099" 7150
"../../../Engine/Content/EngineMaterials/Substrate/Glints2/dict_0006_0102.uasset" 7151
"/Engine/EngineMaterials/Substrate/Glints2/dict_0006_0100" 7152
"/Engine/EngineMaterials/Substrate/Glints2/dict_0006_0101" 7153
"../../../Engine/Content/EngineMaterials/Substrate/Glints2/dict_0006_0098.uasset" 7154
"/Engine/EngineMaterials/Substrate/Glints2/dict_0006_0098" 7155
"/Engine/EngineMaterials/Substrate/Glints2/dict_0006_0102" 7156
"../../../Engine/Content/EngineMaterials/Substrate/Glints2/dict_0006_0096.uasset" 7157
"../../../Engine/Content/EngineMaterials/Substrate/Glints2/dict_0006_0097.uasset" 7158
"../../../Engine/Content/EngineMaterials/Substrate/Glints2/dict_0006_0093.uasset" 7159
"../../../Engine/Content/EngineMaterials/Substrate/Glints2/dict_0006_0094.uasset" 7160
"../../../Engine/Content/EngineMaterials/Substrate/Glints2/dict_0006_0091.uasset" 7161
"../../../Engine/Content/EngineMaterials/Substrate/Glints2/dict_0006_0088.uasset" 7162
"../../../Engine/Content/EngineMaterials/Substrate/Glints2/dict_0006_0092.uasset" 7163
"../../../Engine/Content/EngineMaterials/Substrate/Glints2/dict_0006_0095.uasset" 7164
"../../../Engine/Content/EngineMaterials/Substrate/Glints2/dict_0006_0090.uasset" 7165
"../../../Engine/Content/EngineMaterials/Substrate/Glints2/dict_0006_0087.uasset" 7166
"/Engine/EngineMaterials/Substrate/Glints2/dict_0006_0090" 7167
"../../../Engine/Content/EngineMaterials/Substrate/Glints2/dict_0006_0089.uasset" 7168
"/Engine/EngineMaterials/Substrate/Glints2/dict_0006_0091" 7169
"/Engine/EngineMaterials/Substrate/Glints2/dict_0006_0092" 7170
"/Engine/EngineMaterials/Substrate/Glints2/dict_0006_0093" 7171
"/Engine/EngineMaterials/Substrate/Glints2/dict_0006_0094" 7172
"/Engine/EngineMaterials/Substrate/Glints2/dict_0006_0095" 7173
"/Engine/EngineMaterials/Substrate/Glints2/dict_0006_0088" 7174
"/Engine/EngineMaterials/Substrate/Glints2/dict_0006_0096" 7175
"/Engine/EngineMaterials/Substrate/Glints2/dict_0006_0097" 7176
"/Engine/EngineMaterials/Substrate/Glints2/dict_0006_0087" 7177
"../../../Engine/Content/EngineMaterials/Substrate/Glints2/dict_0006_0082.uasset" 7178
"../../../Engine/Content/EngineMaterials/Substrate/Glints2/dict_0006_0083.uasset" 7179
"../../../Engine/Content/EngineMaterials/Substrate/Glints2/dict_0006_0085.uasset" 7180
"/Engine/EngineMaterials/Substrate/Glints2/dict_0006_0089" 7181
"../../../Engine/Content/EngineMaterials/Substrate/Glints2/dict_0006_0086.uasset" 7182
"/Engine/EngineMaterials/Substrate/Glints2/dict_0006_0082" 7183
"../../../Engine/Content/EngineMaterials/Substrate/Glints2/dict_0006_0084.uasset" 7184
"/Engine/EngineMaterials/Substrate/Glints2/dict_0006_0083" 7185
"../../../Engine/Content/EngineMaterials/Substrate/Glints2/dict_0006_0081.uasset" 7186
"../../../Engine/Content/EngineMaterials/Substrate/Glints2/dict_0006_0079.uasset" 7187
"../../../Engine/Content/EngineMaterials/Substrate/Glints2/dict_0006_0078.uasset" 7188
"../../../Engine/Content/EngineMaterials/Substrate/Glints2/dict_0006_0077.uasset" 7189
"../../../Engine/Content/EngineMaterials/Substrate/Glints2/dict_0006_0080.uasset" 7190
"/Engine/EngineMaterials/Substrate/Glints2/dict_0006_0085" 7191
"/Engine/EngineMaterials/Substrate/Glints2/dict_0006_0077" 7192
"/Engine/EngineMaterials/Substrate/Glints2/dict_0006_0078" 7193
"/Engine/EngineMaterials/Substrate/Glints2/dict_0006_0079" 7194
"/Engine/EngineMaterials/Substrate/Glints2/dict_0006_0080" 7195
"/Engine/EngineMaterials/Substrate/Glints2/dict_0006_0081" 7196
"/Engine/EngineMaterials/Substrate/Glints2/dict_0006_0084" 7197
"/Engine/EngineMaterials/Substrate/Glints2/dict_0006_0086" 7198
"../../../Engine/Content/EngineMaterials/Substrate/Glints2/dict_0006_0107.uasset" 7199
"../../../Engine/Content/EngineMaterials/Substrate/Glints2/dict_0006_0073.uasset" 7200
"../../../Engine/Content/EngineMaterials/Substrate/Glints2/dict_0006_0072.uasset" 7201
"../../../Engine/Content/EngineMaterials/Substrate/Glints2/dict_0006_0070.uasset" 7202
"../../../Engine/Content/EngineMaterials/Substrate/Glints2/dict_0006_0071.uasset" 7203
"../../../Engine/Content/EngineMaterials/Substrate/Glints2/dict_0006_0075.uasset" 7204
"../../../Engine/Content/EngineMaterials/Substrate/Glints2/dict_0006_0074.uasset" 7205
"../../../Engine/Content/EngineMaterials/Substrate/Glints2/dict_0006_0076.uasset" 7206
"/Engine/EngineMaterials/Substrate/Glints2/dict_0006_0072" 7207
"../../../Engine/Content/EngineMaterials/Substrate/Glints2/dict_0006_0068.uasset" 7208
"../../../Engine/Content/EngineMaterials/Substrate/Glints2/dict_0006_0066.uasset" 7209
"../../../Engine/Content/EngineMaterials/Substrate/Glints2/dict_0006_0065.uasset" 7210
"../../../Engine/Content/EngineMaterials/Substrate/Glints2/dict_0006_0067.uasset" 7211
"../../../Engine/Content/EngineMaterials/Substrate/Glints2/dict_0006_0064.uasset" 7212
"/Engine/EngineMaterials/Substrate/Glints2/dict_0006_0107" 7213
"../../../Engine/Content/EngineMaterials/Substrate/Glints2/dict_0006_0069.uasset" 7214
"/Engine/EngineMaterials/Substrate/Glints2/dict_0006_0073" 7215
"/Engine/EngineMaterials/Substrate/Glints2/dict_0006_0074" 7216
"../../../Engine/Content/EngineMaterials/Substrate/Glints2/dict_0006_0056.uasset" 7217
"/Engine/EngineMaterials/Substrate/Glints2/dict_0006_0075" 7218
"../../../Engine/Content/EngineMaterials/Substrate/Glints2/dict_0006_0057.uasset" 7219
"../../../Engine/Content/EngineMaterials/Substrate/Glints2/dict_0006_0062.uasset" 7220
"../../../Engine/Content/EngineMaterials/Substrate/Glints2/dict_0006_0060.uasset" 7221
"../../../Engine/Content/EngineMaterials/Substrate/Glints2/dict_0006_0059.uasset" 7222
"../../../Engine/Content/EngineMaterials/Substrate/Glints2/dict_0006_0063.uasset" 7223
"/Engine/EngineMaterials/Substrate/Glints2/dict_0006_0070" 7224
"/Engine/EngineMaterials/Substrate/Glints2/dict_0006_0071" 7225
"/Engine/EngineMaterials/Substrate/Glints2/dict_0006_0059" 7226
"/Engine/EngineMaterials/Substrate/Glints2/dict_0006_0060" 7227
"/Engine/EngineMaterials/Substrate/Glints2/dict_0006_0056" 7228
"/Engine/EngineMaterials/Substrate/Glints2/dict_0006_0062" 7229
"/Engine/EngineMaterials/Substrate/Glints2/dict_0006_0063" 7230
"/Engine/EngineMaterials/Substrate/Glints2/dict_0006_0064" 7231
"/Engine/EngineMaterials/Substrate/Glints2/dict_0006_0057" 7232
"/Engine/EngineMaterials/Substrate/Glints2/dict_0006_0065" 7233
"/Engine/EngineMaterials/Substrate/Glints2/dict_0006_0066" 7234
"/Engine/EngineMaterials/Substrate/Glints2/dict_0006_0067" 7235
"/Engine/EngineMaterials/Substrate/Glints2/dict_0006_0076" 7236
"/Engine/EngineMaterials/Substrate/Glints2/dict_0006_0069" 7237
"/Engine/EngineMaterials/Substrate/Glints2/dict_0006_0068" 7238
"../../../Engine/Content/EngineMaterials/Substrate/Glints2/dict_0006_0058.uasset" 7239
"../../../Engine/Content/EngineMaterials/Substrate/Glints2/dict_0006_0050.uasset" 7240
"../../../Engine/Content/EngineMaterials/Substrate/Glints2/dict_0006_0054.uasset" 7241
"../../../Engine/Content/EngineMaterials/Substrate/Glints2/dict_0006_0052.uasset" 7242
"../../../Engine/Content/EngineMaterials/Substrate/Glints2/dict_0006_0048.uasset" 7243
"../../../Engine/Content/EngineMaterials/Substrate/Glints2/dict_0006_0055.uasset" 7244
"../../../Engine/Content/EngineMaterials/Substrate/Glints2/dict_0006_0049.uasset" 7245
"../../../Engine/Content/EngineMaterials/Substrate/Glints2/dict_0006_0053.uasset" 7246
"/Engine/EngineMaterials/Substrate/Glints2/dict_0006_0058" 7247
"../../../Engine/Content/EngineMaterials/Substrate/Glints2/dict_0006_0046.uasset" 7248
"../../../Engine/Content/EngineMaterials/Substrate/Glints2/dict_0006_0047.uasset" 7249
"/Engine/EngineMaterials/Substrate/Glints2/dict_0006_0048" 7250
"../../../Engine/Content/EngineMaterials/Substrate/Glints2/dict_0006_0044.uasset" 7251
"../../../Engine/Content/EngineMaterials/Substrate/Glints2/dict_0006_0041.uasset" 7252
"../../../Engine/Content/EngineMaterials/Substrate/Glints2/dict_0006_0043.uasset" 7253
"/Engine/EngineMaterials/Substrate/Glints2/dict_0006_0049" 7254
"../../../Engine/Content/EngineMaterials/Substrate/Glints2/dict_0006_0051.uasset" 7255
"/Engine/EngineMaterials/Substrate/Glints2/dict_0006_0050" 7256
"../../../Engine/Content/EngineMaterials/Substrate/Glints2/dict_0006_0045.uasset" 7257
"/Engine/EngineMaterials/Substrate/Glints2/dict_0006_0053" 7258
"../../../Engine/Content/EngineMaterials/Substrate/Glints2/dict_0006_0038.uasset" 7259
"../../../Engine/Content/EngineMaterials/Substrate/Glints2/dict_0006_0039.uasset" 7260
"../../../Engine/Content/EngineMaterials/Substrate/Glints2/dict_0006_0040.uasset" 7261
"../../../Engine/Content/EngineMaterials/Substrate/Glints2/dict_0006_0036.uasset" 7262
"../../../Engine/Content/EngineMaterials/Substrate/Glints2/dict_0006_0037.uasset" 7263
"../../../Engine/Content/EngineMaterials/Substrate/Glints2/dict_0006_0042.uasset" 7264
"/Engine/EngineMaterials/Substrate/Glints2/dict_0006_0054" 7265
"/Engine/EngineMaterials/Substrate/Glints2/dict_0006_0055" 7266
"../../../Engine/Content/EngineMaterials/Substrate/Glints2/dict_0006_0035.uasset" 7267
"/Engine/EngineMaterials/Substrate/Glints2/dict_0006_0052" 7268
"../../../Engine/Content/EngineMaterials/Substrate/Glints2/dict_0006_0032.uasset" 7269
"../../../Engine/Content/EngineMaterials/Substrate/Glints2/dict_0006_0033.uasset" 7270
"/Engine/EngineMaterials/Substrate/Glints2/dict_0006_0046" 7271
"/Engine/EngineMaterials/Substrate/Glints2/dict_0006_0039" 7272
"/Engine/EngineMaterials/Substrate/Glints2/dict_0006_0040" 7273
"../../../Engine/Content/EngineMaterials/Substrate/Glints2/dict_0006_0029.uasset" 7274
"../../../Engine/Content/EngineMaterials/Substrate/Glints2/dict_0006_0034.uasset" 7275
"../../../Engine/Content/EngineMaterials/Substrate/Glints2/dict_0006_0031.uasset" 7276
"../../../Engine/Content/EngineMaterials/Substrate/Glints2/dict_0006_0030.uasset" 7277
"/Engine/EngineMaterials/Substrate/Glints2/dict_0006_0041" 7278
"/Engine/EngineMaterials/Substrate/Glints2/dict_0006_0042" 7279
"/Engine/EngineMaterials/Substrate/Glints2/dict_0006_0047" 7280
"/Engine/EngineMaterials/Substrate/Glints2/dict_0006_0051" 7281
"/Engine/EngineMaterials/Substrate/Glints2/dict_0006_0032" 7282
"/Engine/EngineMaterials/Substrate/Glints2/dict_0006_0033" 7283
"../../../Engine/Content/EngineMaterials/Substrate/Glints2/dict_0006_0025.uasset" 7284
"../../../Engine/Content/EngineMaterials/Substrate/Glints2/dict_0006_0028.uasset" 7285
"/Engine/EngineMaterials/Substrate/Glints2/dict_0006_0035" 7286
"/Engine/EngineMaterials/Substrate/Glints2/dict_0006_0043" 7287
"../../../Engine/Content/EngineMaterials/Substrate/Glints2/dict_0006_0024.uasset" 7288
"../../../Engine/Content/EngineMaterials/Substrate/Glints2/dict_0006_0022.uasset" 7289
"/Engine/EngineMaterials/Substrate/Glints2/dict_0006_0036" 7290
"../../../Engine/Content/EngineMaterials/Substrate/Glints2/dict_0006_0061.uasset" 7291
"../../../Engine/Content/EngineMaterials/Substrate/Glints2/dict_0006_0023.uasset" 7292
"/Engine/EngineMaterials/Substrate/Glints2/dict_0006_0037" 7293
"/Engine/EngineMaterials/Substrate/Glints2/dict_0006_0044" 7294
"/Engine/EngineMaterials/Substrate/Glints2/dict_0006_0045" 7295
"/Engine/EngineMaterials/Substrate/Glints2/dict_0006_0038" 7296
"/Engine/EngineMaterials/Substrate/Glints2/dict_0006_0061" 7297
"../../../Engine/Content/EngineMaterials/Substrate/Glints2/dict_0006_0027.uasset" 7298
"/Engine/EngineMaterials/Substrate/Glints2/dict_0006_0022" 7299
"../../../Engine/Content/EngineMaterials/Substrate/Glints2/dict_0006_0026.uasset" 7300
"/Engine/EngineMaterials/Substrate/Glints2/dict_0006_0023" 7301
"/Engine/EngineMaterials/Substrate/Glints2/dict_0006_0024" 7302
"/Engine/EngineMaterials/Substrate/Glints2/dict_0006_0025" 7303
"/Engine/EngineMaterials/Substrate/Glints2/dict_0006_0028" 7304
"/Engine/EngineMaterials/Substrate/Glints2/dict_0006_0029" 7305
"/Engine/EngineMaterials/Substrate/Glints2/dict_0006_0030" 7306
"/Engine/EngineMaterials/Substrate/Glints2/dict_0006_0031" 7307
"../../../Engine/Content/EngineMaterials/Substrate/Glints2/dict_0006_0019.uasset" 7308
"/Engine/EngineMaterials/Substrate/Glints2/dict_0006_0034" 7309
"../../../Engine/Content/EngineMaterials/Substrate/Glints2/dict_0006_0021.uasset" 7310
"/Engine/EngineMaterials/Substrate/Glints2/dict_0006_0026" 7311
"/Engine/EngineMaterials/Substrate/Glints2/dict_0006_0027" 7312
"/Engine/EngineMaterials/Substrate/Glints2/dict_0006_0019" 7313
"/Engine/EngineMaterials/Substrate/Glints2/dict_0006_0021" 7314
"../../../Engine/Content/EngineMaterials/Substrate/Glints2/dict_0006_0017.uasset" 7315
"../../../Engine/Content/EngineMaterials/Substrate/Glints2/dict_0006_0020.uasset" 7316
"C:/Users/Kiah/Documents/Unreal Projects/Nebula/DerivedDataCache/VT/TEXTURE_7C16439390E24F1F9468894FB4D4BC55_VTCHUNKD2DAB16BFF152507817E734DBB935160EA97A322" 7317
"../../../Engine/Content/EngineMaterials/Substrate/Glints2/dict_0006_0018.uasset" 7318
"../../../Engine/Content/EngineMaterials/Substrate/Glints2/dict_0006_0015.uasset" 7319
"../../../Engine/Content/EngineMaterials/Substrate/Glints2/dict_0006_0012.uasset" 7320
"/Engine/EngineMaterials/Substrate/Glints2/dict_0006_0018" 7321
"../../../Engine/Content/EngineMaterials/Substrate/Glints2/dict_0006_0010.uasset" 7322
"../../../Engine/Content/EngineMaterials/Substrate/Glints2/dict_0006_0014.uasset" 7323
"../../../Engine/Content/EngineMaterials/Substrate/Glints2/dict_0006_0013.uasset" 7324
"/Engine/EngineMaterials/Substrate/Glints2/dict_0006_0020" 7325
"/Engine/EngineMaterials/Substrate/Glints2/dict_0006_0012" 7326
"/Engine/EngineMaterials/Substrate/Glints2/dict_0006_0015" 7327
"/Engine/EngineMaterials/Substrate/Glints2/dict_0006_0017" 7328
"/Engine/EngineMaterials/Substrate/Glints2/dict_0006_0010" 7329
"/Engine/EngineMaterials/Substrate/Glints2/dict_0006_0013" 7330
"../../../Engine/Content/EngineMaterials/Substrate/Glints2/dict_0006_0011.uasset" 7331
"../../../Engine/Content/EngineMaterials/Substrate/Glints2/dict_0006_0008.uasset" 7332
"/Engine/EngineMaterials/Substrate/Glints2/dict_0006_0014" 7333
"/Engine/EngineMaterials/Substrate/Glints2/dict_0006_0008" 7334
"../../../Engine/Content/EngineMaterials/Substrate/Glints2/dict_0006_0009.uasset" 7335
"../../../Engine/Content/EngineMaterials/Substrate/Glints2/dict_0006_0007.uasset" 7336
"/Engine/EngineMaterials/Substrate/Glints2/dict_0006_0011" 7337
"/Engine/EngineMaterials/Substrate/Glints2/dict_0006_0007" 7338
"/Engine/EngineMaterials/Substrate/Glints2/dict_0006_0009" 7339
"../../../Engine/Content/EngineMaterials/Substrate/Glints2/dict_0006_0003.uasset" 7340
"../../../Engine/Content/EngineMaterials/Substrate/Glints2/dict_0006_0006.uasset" 7341
"../../../Engine/Content/EngineMaterials/Substrate/Glints2/dict_0006_0004.uasset" 7342
"../../../Engine/Content/EngineMaterials/Substrate/Glints2/dict_0006_0002.uasset" 7343
"../../../Engine/Content/EngineMaterials/Substrate/Glints2/dict_0006_0005.uasset" 7344
"../../../Engine/Content/EngineMaterials/Substrate/Glints2/dict_0006_0000.uasset" 7345
"../../../Engine/Content/EngineMaterials/Substrate/Glints2/dict_0005_0255.uasset" 7346
"../../../Engine/Content/EngineMaterials/Substrate/Glints2/dict_0005_0254.uasset" 7347
"../../../Engine/Content/EngineMaterials/Substrate/Glints2/dict_0006_0001.uasset" 7348
"../../../Engine/Content/EngineMaterials/Substrate/Glints2/dict_0005_0253.uasset" 7349
"/Engine/EngineMaterials/Substrate/Glints2/dict_0006_0002" 7350
"../../../Engine/Content/EngineMaterials/Substrate/Glints2/dict_0006_0016.uasset" 7351
"/Engine/EngineMaterials/Substrate/Glints2/dict_0006_0003" 7352
"../../../Engine/Content/EngineMaterials/Substrate/Glints2/dict_0005_0249.uasset" 7353
"../../../Engine/Content/EngineMaterials/Substrate/Glints2/dict_0005_0248.uasset" 7354
"/Engine/EngineMaterials/Substrate/Glints2/dict_0006_0004" 7355
"../../../Engine/Content/EngineMaterials/Substrate/Glints2/dict_0005_0246.uasset" 7356
"../../../Engine/Content/EngineMaterials/Substrate/Glints2/dict_0005_0250.uasset" 7357
"../../../Engine/Content/EngineMaterials/Substrate/Glints2/dict_0005_0252.uasset" 7358
"/Engine/EngineMaterials/Substrate/Glints2/dict_0006_0005" 7359
"/Engine/EngineMaterials/Substrate/Glints2/dict_0006_0006" 7360
"/Engine/EngineMaterials/Substrate/Glints2/dict_0005_0254" 7361
"/Engine/EngineMaterials/Substrate/Glints2/dict_0005_0255" 7362
"/Engine/EngineMaterials/Substrate/Glints2/dict_0006_0000" 7363
"/Engine/EngineMaterials/Substrate/Glints2/dict_0006_0001" 7364
"/Engine/EngineMaterials/Substrate/Glints2/dict_0005_0248" 7365
"/Engine/EngineMaterials/Substrate/Glints2/dict_0005_0246" 7366
"/Engine/EngineMaterials/Substrate/Glints2/dict_0005_0249" 7367
"/Engine/EngineMaterials/Substrate/Glints2/dict_0005_0250" 7368
"../../../Engine/Content/EngineMaterials/Substrate/Glints2/dict_0005_0251.uasset" 7369
"/Engine/EngineMaterials/Substrate/Glints2/dict_0005_0252" 7370
"/Engine/EngineMaterials/Substrate/Glints2/dict_0005_0253" 7371
"/Engine/EngineMaterials/Substrate/Glints2/dict_0006_0016" 7372
"../../../Engine/Content/EngineMaterials/Substrate/Glints2/dict_0005_0247.uasset" 7373
"../../../Engine/Content/EngineMaterials/Substrate/Glints2/dict_0005_0245.uasset" 7374
"../../../Engine/Content/EngineMaterials/Substrate/Glints2/dict_0005_0243.uasset" 7375
"../../../Engine/Content/EngineMaterials/Substrate/Glints2/dict_0005_0240.uasset" 7376
"../../../Engine/Content/EngineMaterials/Substrate/Glints2/dict_0005_0242.uasset" 7377
"../../../Engine/Content/EngineMaterials/Substrate/Glints2/dict_0005_0239.uasset" 7378
"/Engine/EngineMaterials/Substrate/Glints2/dict_0005_0239" 7379
"../../../Engine/Content/EngineMaterials/Substrate/Glints2/dict_0005_0236.uasset" 7380
"../../../Engine/Content/EngineMaterials/Substrate/Glints2/dict_0005_0244.uasset" 7381
"/Engine/EngineMaterials/Substrate/Glints2/dict_0005_0245" 7382
"../../../Engine/Content/EngineMaterials/Substrate/Glints2/dict_0005_0231.uasset" 7383
"/Engine/EngineMaterials/Substrate/Glints2/dict_0005_0240" 7384
"../../../Engine/Content/EngineMaterials/Substrate/Glints2/dict_0005_0237.uasset" 7385
"../../../Engine/Content/EngineMaterials/Substrate/Glints2/dict_0005_0241.uasset" 7386
"../../../Engine/Content/EngineMaterials/Substrate/Glints2/dict_0005_0233.uasset" 7387
"/Engine/EngineMaterials/Substrate/Glints2/dict_0005_0247" 7388
"../../../Engine/Content/EngineMaterials/Substrate/Glints2/dict_0005_0235.uasset" 7389
"../../../Engine/Content/EngineMaterials/Substrate/Glints2/dict_0005_0234.uasset" 7390
"/Engine/EngineMaterials/Substrate/Glints2/dict_0005_0251" 7391
"/Engine/EngineMaterials/Substrate/Glints2/dict_0005_0242" 7392
"/Engine/EngineMaterials/Substrate/Glints2/dict_0005_0243" 7393
"/Engine/EngineMaterials/Substrate/Glints2/dict_0005_0244" 7394
"/Engine/EngineMaterials/Substrate/Glints2/dict_0005_0234" 7395
"/Engine/EngineMaterials/Substrate/Glints2/dict_0005_0233" 7396
"/Engine/EngineMaterials/Substrate/Glints2/dict_0005_0236" 7397
"/Engine/EngineMaterials/Substrate/Glints2/dict_0005_0231" 7398
"/Engine/EngineMaterials/Substrate/Glints2/dict_0005_0235" 7399
"/Engine/EngineMaterials/Substrate/Glints2/dict_0005_0241" 7400
"/Engine/EngineMaterials/Substrate/Glints2/dict_0005_0237" 7401
"../../../Engine/Content/EngineMaterials/Substrate/Glints2/dict_0005_0232.uasset" 7402
"../../../Engine/Content/EngineMaterials/Substrate/Glints2/dict_0005_0223.uasset" 7403
"../../../Engine/Content/EngineMaterials/Substrate/Glints2/dict_0005_0230.uasset" 7404
"../../../Engine/Content/EngineMaterials/Substrate/Glints2/dict_0005_0224.uasset" 7405
"../../../Engine/Content/EngineMaterials/Substrate/Glints2/dict_0005_0228.uasset" 7406
"../../../Engine/Content/EngineMaterials/Substrate/Glints2/dict_0005_0229.uasset" 7407
"../../../Engine/Content/EngineMaterials/Substrate/Glints2/dict_0005_0227.uasset" 7408
"../../../Engine/Content/EngineMaterials/Substrate/Glints2/dict_0005_0225.uasset" 7409
"/Engine/EngineMaterials/Substrate/Glints2/dict_0005_0223" 7410
"/Engine/EngineMaterials/Substrate/Glints2/dict_0005_0224" 7411
"/Engine/EngineMaterials/Substrate/Glints2/dict_0005_0225" 7412
"../../../Engine/Content/EngineMaterials/Substrate/Glints2/dict_0005_0220.uasset" 7413
"../../../Engine/Content/EngineMaterials/Substrate/Glints2/dict_0005_0219.uasset" 7414
"/Engine/EngineMaterials/Substrate/Glints2/dict_0005_0227" 7415
"/Engine/EngineMaterials/Substrate/Glints2/dict_0005_0232" 7416
"../../../Engine/Content/EngineMaterials/Substrate/Glints2/dict_0005_0221.uasset" 7417
"/Engine/EngineMaterials/Substrate/Glints2/dict_0005_0228" 7418
"../../../Engine/Content/EngineMaterials/Substrate/Glints2/dict_0005_0217.uasset" 7419
"../../../Engine/Content/EngineMaterials/Substrate/Glints2/dict_0005_0218.uasset" 7420
"/Engine/EngineMaterials/Substrate/Glints2/dict_0005_0229" 7421
"../../../Engine/Content/EngineMaterials/Substrate/Glints2/dict_0005_0216.uasset" 7422
"../../../Engine/Content/EngineMaterials/Substrate/Glints2/dict_0005_0222.uasset" 7423
"/Engine/EngineMaterials/Substrate/Glints2/dict_0005_0230" 7424
"../../../Engine/Content/EngineMaterials/Substrate/Glints2/dict_0005_0226.uasset" 7425
"/Engine/EngineMaterials/Substrate/Glints2/dict_0005_0216" 7426
"../../../Engine/Content/EngineMaterials/Substrate/Glints2/dict_0005_0215.uasset" 7427
"/Engine/EngineMaterials/Substrate/Glints2/dict_0005_0226" 7428
"/Engine/EngineMaterials/Substrate/Glints2/dict_0005_0217" 7429
"/Engine/EngineMaterials/Substrate/Glints2/dict_0005_0218" 7430
"../../../Engine/Content/EngineMaterials/Substrate/Glints2/dict_0005_0213.uasset" 7431
"/Engine/EngineMaterials/Substrate/Glints2/dict_0005_0219" 7432
"/Engine/EngineMaterials/Substrate/Glints2/dict_0005_0220" 7433
"../../../Engine/Content/EngineMaterials/Substrate/Glints2/dict_0005_0211.uasset" 7434
"/Engine/EngineMaterials/Substrate/Glints2/dict_0005_0221" 7435
"../../../Engine/Content/EngineMaterials/Substrate/Glints2/dict_0005_0210.uasset" 7436
"../../../Engine/Content/EngineMaterials/Substrate/Glints2/dict_0005_0214.uasset" 7437
"/Engine/EngineMaterials/Substrate/Glints2/dict_0005_0222" 7438
"../../../Engine/Content/EngineMaterials/Substrate/Glints2/dict_0005_0212.uasset" 7439
"/Engine/EngineMaterials/Substrate/Glints2/dict_0005_0210" 7440
"../../../Engine/Content/EngineMaterials/Substrate/Glints2/dict_0005_0209.uasset" 7441
"../../../Engine/Content/EngineMaterials/Substrate/Glints2/dict_0005_0206.uasset" 7442
"/Engine/EngineMaterials/Substrate/Glints2/dict_0005_0211" 7443
"../../../Engine/Content/EngineMaterials/Substrate/Glints2/dict_0005_0207.uasset" 7444
"/Engine/EngineMaterials/Substrate/Glints2/dict_0005_0213" 7445
"/Engine/EngineMaterials/Substrate/Glints2/dict_0005_0214" 7446
"../../../Engine/Content/EngineMaterials/Substrate/Glints2/dict_0005_0208.uasset" 7447
"/Engine/EngineMaterials/Substrate/Glints2/dict_0005_0215" 7448
"/Engine/EngineMaterials/Substrate/Glints2/dict_0005_0209" 7449
"/Engine/EngineMaterials/Substrate/Glints2/dict_0005_0212" 7450
"/Engine/EngineMaterials/Substrate/Glints2/dict_0005_0206" 7451
"/Engine/EngineMaterials/Substrate/Glints2/dict_0005_0207" 7452
"/Engine/EngineMaterials/Substrate/Glints2/dict_0005_0208" 7453
"../../../Engine/Content/EngineMaterials/Substrate/Glints2/dict_0005_0203.uasset" 7454
"../../../Engine/Content/EngineMaterials/Substrate/Glints2/dict_0005_0238.uasset" 7455
"../../../Engine/Content/EngineMaterials/Substrate/Glints2/dict_0005_0205.uasset" 7456
"../../../Engine/Content/EngineMaterials/Substrate/Glints2/dict_0005_0202.uasset" 7457
"../../../Engine/Content/EngineMaterials/Substrate/Glints2/dict_0005_0204.uasset" 7458
"../../../Engine/Content/EngineMaterials/Substrate/Glints2/dict_0005_0199.uasset" 7459
"../../../Engine/Content/EngineMaterials/Substrate/Glints2/dict_0005_0201.uasset" 7460
"../../../Engine/Content/EngineMaterials/Substrate/Glints2/dict_0005_0200.uasset" 7461
"../../../Engine/Content/EngineMaterials/Substrate/Glints2/dict_0005_0198.uasset" 7462
"/Engine/EngineMaterials/Substrate/Glints2/dict_0005_0201" 7463
"../../../Engine/Content/EngineMaterials/Substrate/Glints2/dict_0005_0193.uasset" 7464
"../../../Engine/Content/EngineMaterials/Substrate/Glints2/dict_0005_0196.uasset" 7465
"../../../Engine/Content/EngineMaterials/Substrate/Glints2/dict_0005_0194.uasset" 7466
"../../../Engine/Content/EngineMaterials/Substrate/Glints2/dict_0005_0197.uasset" 7467
"/Engine/EngineMaterials/Substrate/Glints2/dict_0005_0202" 7468
"/Engine/EngineMaterials/Substrate/Glints2/dict_0005_0198" 7469
"../../../Engine/Content/EngineMaterials/Substrate/Glints2/dict_0005_0192.uasset" 7470
"../../../Engine/Content/EngineMaterials/Substrate/Glints2/dict_0005_0191.uasset" 7471
"../../../Engine/Content/EngineMaterials/Substrate/Glints2/dict_0005_0195.uasset" 7472
"/Engine/EngineMaterials/Substrate/Glints2/dict_0005_0199" 7473
"/Engine/EngineMaterials/Substrate/Glints2/dict_0005_0200" 7474
"../../../Engine/Content/EngineMaterials/Substrate/Glints2/dict_0005_0190.uasset" 7475
"../../../Engine/Content/EngineMaterials/Substrate/Glints2/dict_0005_0189.uasset" 7476
"../../../Engine/Content/EngineMaterials/Substrate/Glints2/dict_0005_0186.uasset" 7477
"/Engine/EngineMaterials/Substrate/Glints2/dict_0005_0203" 7478
"../../../Engine/Content/EngineMaterials/Substrate/Glints2/dict_0005_0184.uasset" 7479
"../../../Engine/Content/EngineMaterials/Substrate/Glints2/dict_0005_0188.uasset" 7480
"/Engine/EngineMaterials/Substrate/Glints2/dict_0005_0204" 7481
"../../../Engine/Content/EngineMaterials/Substrate/Glints2/dict_0005_0183.uasset" 7482
"/Engine/EngineMaterials/Substrate/Glints2/dict_0005_0205" 7483
"../../../Engine/Content/EngineMaterials/Substrate/Glints2/dict_0005_0181.uasset" 7484
"/Engine/EngineMaterials/Substrate/Glints2/dict_0005_0238" 7485
"../../../Engine/Content/EngineMaterials/Substrate/Glints2/dict_0005_0187.uasset" 7486
"/Engine/EngineMaterials/Substrate/Glints2/dict_0005_0193" 7487
"/Engine/EngineMaterials/Substrate/Glints2/dict_0005_0194" 7488
"/Engine/EngineMaterials/Substrate/Glints2/dict_0005_0195" 7489
"/Engine/EngineMaterials/Substrate/Glints2/dict_0005_0186" 7490
"../../../Engine/Content/EngineMaterials/Substrate/Glints2/dict_0005_0182.uasset" 7491
"/Engine/EngineMaterials/Substrate/Glints2/dict_0005_0196" 7492
"../../../Engine/Content/EngineMaterials/Substrate/Glints2/dict_0005_0185.uasset" 7493
"../../../Engine/Content/EngineMaterials/Substrate/Glints2/dict_0005_0177.uasset" 7494
"../../../Engine/Content/EngineMaterials/Substrate/Glints2/dict_0005_0178.uasset" 7495
"../../../Engine/Content/EngineMaterials/Substrate/Glints2/dict_0005_0176.uasset" 7496
"/Engine/EngineMaterials/Substrate/Glints2/dict_0005_0197" 7497
"/Engine/EngineMaterials/Substrate/Glints2/dict_0005_0181" 7498
"../../../Engine/Content/EngineMaterials/Substrate/Glints2/dict_0005_0180.uasset" 7499
"../../../Engine/Content/EngineMaterials/Substrate/Glints2/dict_0005_0175.uasset" 7500
"/Engine/EngineMaterials/Substrate/Glints2/dict_0005_0188" 7501
"../../../Engine/Content/EngineMaterials/Substrate/Glints2/dict_0005_0179.uasset" 7502
"../../../Engine/Content/EngineMaterials/Substrate/Glints2/dict_0005_0174.uasset" 7503
"/Engine/EngineMaterials/Substrate/Glints2/dict_0005_0189" 7504
"/Engine/EngineMaterials/Substrate/Glints2/dict_0005_0190" 7505
"/Engine/EngineMaterials/Substrate/Glints2/dict_0005_0191" 7506
"/Engine/EngineMaterials/Substrate/Glints2/dict_0005_0183" 7507
"/Engine/EngineMaterials/Substrate/Glints2/dict_0005_0192" 7508
"../../../Engine/Content/EngineMaterials/Substrate/Glints2/dict_0005_0173.uasset" 7509
"../../../Engine/Content/EngineMaterials/Substrate/Glints2/dict_0005_0171.uasset" 7510
"../../../Engine/Content/EngineMaterials/Substrate/Glints2/dict_0005_0169.uasset" 7511
"../../../Engine/Content/EngineMaterials/Substrate/Glints2/dict_0005_0168.uasset" 7512
"/Engine/EngineMaterials/Substrate/Glints2/dict_0005_0184" 7513
"/Engine/EngineMaterials/Substrate/Glints2/dict_0005_0175" 7514
"../../../Engine/Content/EngineMaterials/Substrate/Glints2/dict_0005_0170.uasset" 7515
"/Engine/EngineMaterials/Substrate/Glints2/dict_0005_0180" 7516
"../../../Engine/Content/EngineMaterials/Substrate/Glints2/dict_0005_0167.uasset" 7517
"/Engine/EngineMaterials/Substrate/Glints2/dict_0005_0185" 7518
"/Engine/EngineMaterials/Substrate/Glints2/dict_0005_0187" 7519
"/Engine/EngineMaterials/Substrate/Glints2/dict_0005_0176" 7520
"../../../Engine/Content/EngineMaterials/Substrate/Glints2/dict_0005_0166.uasset" 7521
"/Engine/EngineMaterials/Substrate/Glints2/dict_0005_0182" 7522
"/Engine/EngineMaterials/Substrate/Glints2/dict_0005_0168" 7523
"../../../Engine/Content/EngineMaterials/Substrate/Glints2/dict_0005_0172.uasset" 7524
"/Engine/EngineMaterials/Substrate/Glints2/dict_0005_0169" 7525
"/Engine/EngineMaterials/Substrate/Glints2/dict_0005_0171" 7526
"/Engine/EngineMaterials/Substrate/Glints2/dict_0005_0173" 7527
"/Engine/EngineMaterials/Substrate/Glints2/dict_0005_0177" 7528
"/Engine/EngineMaterials/Substrate/Glints2/dict_0005_0178" 7529
"/Engine/EngineMaterials/Substrate/Glints2/dict_0005_0179" 7530
"/Engine/EngineMaterials/Substrate/Glints2/dict_0005_0174" 7531
"/Engine/EngineMaterials/Substrate/Glints2/dict_0005_0166" 7532
"/Engine/EngineMaterials/Substrate/Glints2/dict_0005_0167" 7533
"/Engine/EngineMaterials/Substrate/Glints2/dict_0005_0170" 7534
"/Engine/EngineMaterials/Substrate/Glints2/dict_0005_0172" 7535
"../../../Engine/Content/EngineMaterials/Substrate/Glints2/dict_0005_0163.uasset" 7536
"../../../Engine/Content/EngineMaterials/Substrate/Glints2/dict_0005_0164.uasset" 7537
"../../../Engine/Content/EngineMaterials/Substrate/Glints2/dict_0005_0165.uasset" 7538
"../../../Engine/Content/EngineMaterials/Substrate/Glints2/dict_0005_0162.uasset" 7539
"../../../Engine/Content/EngineMaterials/Substrate/Glints2/dict_0005_0161.uasset" 7540
"/Engine/EngineMaterials/Substrate/Glints2/dict_0005_0161" 7541
"/Engine/EngineMaterials/Substrate/Glints2/dict_0005_0162" 7542
"../../../Engine/Content/EngineMaterials/Substrate/Glints2/dict_0005_0159.uasset" 7543
"../../../Engine/Content/EngineMaterials/Substrate/Glints2/dict_0005_0158.uasset" 7544
"../../../Engine/Content/EngineMaterials/Substrate/Glints2/dict_0005_0160.uasset" 7545
"/Engine/EngineMaterials/Substrate/Glints2/dict_0005_0163" 7546
"../../../Engine/Content/EngineMaterials/Substrate/Glints2/dict_0005_0157.uasset" 7547
"../../../Engine/Content/EngineMaterials/Substrate/Glints2/dict_0005_0156.uasset" 7548
"/Engine/EngineMaterials/Substrate/Glints2/dict_0005_0164" 7549
"/Engine/EngineMaterials/Substrate/Glints2/dict_0005_0165" 7550
"/Engine/EngineMaterials/Substrate/Glints2/dict_0005_0156" 7551
"/Engine/EngineMaterials/Substrate/Glints2/dict_0005_0157" 7552
"/Engine/EngineMaterials/Substrate/Glints2/dict_0005_0158" 7553
"/Engine/EngineMaterials/Substrate/Glints2/dict_0005_0159" 7554
"../../../Engine/Content/EngineMaterials/Substrate/Glints2/dict_0005_0155.uasset" 7555
"/Engine/EngineMaterials/Substrate/Glints2/dict_0005_0160" 7556
"C:/Users/Kiah/Documents/Unreal Projects/Nebula/DerivedDataCache/VT/TEXTURE_7C16439390E24F1F9468894FB4D4BC55_VTCHUNK2A5F9F60441DA258D18B46D59C64D5BAD50E8EE3" 7557
"../../../Engine/Content/EngineMaterials/Substrate/Glints2/dict_0005_0150.uasset" 7558
"/Engine/EngineMaterials/Substrate/Glints2/dict_0005_0155" 7559
"../../../Engine/Content/EngineMaterials/Substrate/Glints2/dict_0005_0154.uasset" 7560
"../../../Engine/Content/EngineMaterials/Substrate/Glints2/dict_0005_0152.uasset" 7561
"../../../Engine/Content/EngineMaterials/Substrate/Glints2/dict_0005_0151.uasset" 7562
"/Engine/EngineMaterials/Substrate/Glints2/dict_0005_0150" 7563
"../../../Engine/Content/EngineMaterials/Substrate/Glints2/dict_0005_0153.uasset" 7564
"/Engine/EngineMaterials/Substrate/Glints2/dict_0005_0152" 7565
"/Engine/EngineMaterials/Substrate/Glints2/dict_0005_0153" 7566
"/Engine/EngineMaterials/Substrate/Glints2/dict_0005_0154" 7567
"/Engine/EngineMaterials/Substrate/Glints2/dict_0005_0151" 7568
"../../../Engine/Content/EngineMaterials/Substrate/Glints2/dict_0005_0149.uasset" 7569
"../../../Engine/Content/EngineMaterials/Substrate/Glints2/dict_0005_0148.uasset" 7570
"../../../Engine/Content/EngineMaterials/Substrate/Glints2/dict_0005_0147.uasset" 7571
"../../../Engine/Content/EngineMaterials/Substrate/Glints2/dict_0005_0145.uasset" 7572
"C:/Users/Kiah/Documents/Unreal Projects/Nebula/DerivedDataCache/VT/TEXTURE_7C16439390E24F1F9468894FB4D4BC55_VTCHUNK38740DBD4108040D6985AA56705D97D46F27920C" 7573
"../../../Engine/Content/EngineMaterials/Substrate/Glints2/dict_0005_0143.uasset" 7574
"/Engine/EngineMaterials/Substrate/Glints2/dict_0005_0145" 7575
"../../../Engine/Content/EngineMaterials/Substrate/Glints2/dict_0005_0142.uasset" 7576
"../../../Engine/Content/EngineMaterials/Substrate/Glints2/dict_0005_0141.uasset" 7577
"/Engine/EngineMaterials/Substrate/Glints2/dict_0005_0147" 7578
"../../../Engine/Content/EngineMaterials/Substrate/Glints2/dict_0005_0146.uasset" 7579
"/Engine/EngineMaterials/Substrate/Glints2/dict_0005_0148" 7580
"/Engine/EngineMaterials/Substrate/Glints2/dict_0005_0149" 7581
"/Engine/EngineMaterials/Substrate/Glints2/dict_0005_0141" 7582
"../../../Engine/Content/EngineMaterials/Substrate/Glints2/dict_0005_0140.uasset" 7583
"../../../Engine/Content/EngineMaterials/Substrate/Glints2/dict_0005_0144.uasset" 7584
"/Engine/EngineMaterials/Substrate/Glints2/dict_0005_0142" 7585
"/Engine/EngineMaterials/Substrate/Glints2/dict_0005_0143" 7586
"/Engine/EngineMaterials/Substrate/Glints2/dict_0005_0146" 7587
"/Engine/EngineMaterials/Substrate/Glints2/dict_0005_0140" 7588
"/Engine/EngineMaterials/Substrate/Glints2/dict_0005_0144" 7589
"../../../Engine/Content/EngineMaterials/Substrate/Glints2/dict_0005_0139.uasset" 7590
"../../../Engine/Content/EngineMaterials/Substrate/Glints2/dict_0005_0138.uasset" 7591
"../../../Engine/Content/EngineMaterials/Substrate/Glints2/dict_0005_0137.uasset" 7592
"../../../Engine/Content/EngineMaterials/Substrate/Glints2/dict_0005_0135.uasset" 7593
"../../../Engine/Content/EngineMaterials/Substrate/Glints2/dict_0005_0133.uasset" 7594
"../../../Engine/Content/EngineMaterials/Substrate/Glints2/dict_0005_0134.uasset" 7595
"../../../Engine/Content/EngineMaterials/Substrate/Glints2/dict_0005_0136.uasset" 7596
"/Engine/EngineMaterials/Substrate/Glints2/dict_0005_0138" 7597
"/Engine/EngineMaterials/Substrate/Glints2/dict_0005_0134" 7598
"/Engine/EngineMaterials/Substrate/Glints2/dict_0005_0139" 7599
"/Engine/EngineMaterials/Substrate/Glints2/dict_0005_0135" 7600
"../../../Engine/Content/EngineMaterials/Substrate/Glints2/dict_0005_0132.uasset" 7601
"../../../Engine/Content/EngineMaterials/Substrate/Glints2/dict_0005_0130.uasset" 7602
"../../../Engine/Content/EngineMaterials/Substrate/Glints2/dict_0005_0131.uasset" 7603
"/Engine/EngineMaterials/Substrate/Glints2/dict_0005_0136" 7604
"../../../Engine/Content/EngineMaterials/Substrate/Glints2/dict_0005_0128.uasset" 7605
"../../../Engine/Content/EngineMaterials/Substrate/Glints2/dict_0005_0127.uasset" 7606
"/Engine/EngineMaterials/Substrate/Glints2/dict_0005_0137" 7607
"../../../Engine/Content/EngineMaterials/Substrate/Glints2/dict_0005_0129.uasset" 7608
"/Engine/EngineMaterials/Substrate/Glints2/dict_0005_0133" 7609
"../../../Engine/Content/EngineMaterials/Substrate/Glints2/dict_0005_0123.uasset" 7610
"../../../Engine/Content/EngineMaterials/Substrate/Glints2/dict_0005_0124.uasset" 7611
"/Engine/EngineMaterials/Substrate/Glints2/dict_0005_0127" 7612
"../../../Engine/Content/EngineMaterials/Substrate/Glints2/dict_0005_0125.uasset" 7613
"/Engine/EngineMaterials/Substrate/Glints2/dict_0005_0128" 7614
"../../../Engine/Content/EngineMaterials/Substrate/Glints2/dict_0005_0121.uasset" 7615
"../../../Engine/Content/EngineMaterials/Substrate/Glints2/dict_0005_0122.uasset" 7616
"/Engine/EngineMaterials/Substrate/Glints2/dict_0005_0129" 7617
"/Engine/EngineMaterials/Substrate/Glints2/dict_0005_0130" 7618
"/Engine/EngineMaterials/Substrate/Glints2/dict_0005_0123" 7619
"/Engine/EngineMaterials/Substrate/Glints2/dict_0005_0131" 7620
"/Engine/EngineMaterials/Substrate/Glints2/dict_0005_0132" 7621
"/Engine/EngineMaterials/Substrate/Glints2/dict_0005_0122" 7622
"/Engine/EngineMaterials/Substrate/Glints2/dict_0005_0124" 7623
"../../../Engine/Content/EngineMaterials/Substrate/Glints2/dict_0005_0120.uasset" 7624
"/Engine/EngineMaterials/Substrate/Glints2/dict_0005_0125" 7625
"/Engine/EngineMaterials/Substrate/Glints2/dict_0005_0121" 7626
"../../../Engine/Content/EngineMaterials/Substrate/Glints2/dict_0005_0118.uasset" 7627
"../../../Engine/Content/EngineMaterials/Substrate/Glints2/dict_0005_0117.uasset" 7628
"/Engine/EngineMaterials/Substrate/Glints2/dict_0005_0118" 7629
"/Engine/EngineMaterials/Substrate/Glints2/dict_0005_0120" 7630
"/Engine/EngineMaterials/Substrate/Glints2/dict_0005_0117" 7631
"../../../Engine/Content/EngineMaterials/Substrate/Glints2/dict_0005_0119.uasset" 7632
"../../../Engine/Content/EngineMaterials/Substrate/Glints2/dict_0005_0116.uasset" 7633
"../../../Engine/Content/EngineMaterials/Substrate/Glints2/dict_0005_0115.uasset" 7634
"../../../Engine/Content/EngineMaterials/Substrate/Glints2/dict_0005_0114.uasset" 7635
"../../../Engine/Content/EngineMaterials/Substrate/Glints2/dict_0005_0113.uasset" 7636
"../../../Engine/Content/EngineMaterials/Substrate/Glints2/dict_0005_0111.uasset" 7637
"../../../Engine/Content/EngineMaterials/Substrate/Glints2/dict_0005_0110.uasset" 7638
"../../../Engine/Content/EngineMaterials/Substrate/Glints2/dict_0005_0112.uasset" 7639
"/Engine/EngineMaterials/Substrate/Glints2/dict_0005_0119" 7640
"../../../Engine/Content/EngineMaterials/Substrate/Glints2/dict_0005_0109.uasset" 7641
"/Engine/EngineMaterials/Substrate/Glints2/dict_0005_0110" 7642
"../../../Engine/Content/EngineMaterials/Substrate/Glints2/dict_0005_0107.uasset" 7643
"../../../Engine/Content/EngineMaterials/Substrate/Glints2/dict_0005_0108.uasset" 7644
"../../../Engine/Content/EngineMaterials/Substrate/Glints2/dict_0005_0106.uasset" 7645
"/Engine/EngineMaterials/Substrate/Glints2/dict_0005_0111" 7646
"../../../Engine/Content/EngineMaterials/Substrate/Glints2/dict_0005_0105.uasset" 7647
"../../../Engine/Content/EngineMaterials/Substrate/Glints2/dict_0005_0104.uasset" 7648
"../../../Engine/Content/EngineMaterials/Substrate/Glints2/dict_0005_0102.uasset" 7649
"../../../Engine/Content/EngineMaterials/Substrate/Glints2/dict_0005_0103.uasset" 7650
"/Engine/EngineMaterials/Substrate/Glints2/dict_0005_0112" 7651
"/Engine/EngineMaterials/Substrate/Glints2/dict_0005_0114" 7652
"/Engine/EngineMaterials/Substrate/Glints2/dict_0005_0113" 7653
"/Engine/EngineMaterials/Substrate/Glints2/dict_0005_0115" 7654
"/Engine/EngineMaterials/Substrate/Glints2/dict_0005_0116" 7655
"/Engine/EngineMaterials/Substrate/Glints2/dict_0005_0102" 7656
"/Engine/EngineMaterials/Substrate/Glints2/dict_0005_0103" 7657
"../../../Engine/Content/EngineMaterials/Substrate/Glints2/dict_0005_0100.uasset" 7658
"../../../Engine/Content/EngineMaterials/Substrate/Glints2/dict_0005_0096.uasset" 7659
"../../../Engine/Content/EngineMaterials/Substrate/Glints2/dict_0005_0098.uasset" 7660
"/Engine/EngineMaterials/Substrate/Glints2/dict_0005_0108" 7661
"../../../Engine/Content/EngineMaterials/Substrate/Glints2/dict_0005_0097.uasset" 7662
"../../../Engine/Content/EngineMaterials/Substrate/Glints2/dict_0005_0094.uasset" 7663
"../../../Engine/Content/EngineMaterials/Substrate/Glints2/dict_0005_0099.uasset" 7664
"/Engine/EngineMaterials/Substrate/Glints2/dict_0005_0104" 7665
"../../../Engine/Content/EngineMaterials/Substrate/Glints2/dict_0005_0101.uasset" 7666
"/Engine/EngineMaterials/Substrate/Glints2/dict_0005_0109" 7667
"/Engine/EngineMaterials/Substrate/Glints2/dict_0005_0105" 7668
"/Engine/EngineMaterials/Substrate/Glints2/dict_0005_0106" 7669
"C:/Users/Kiah/Documents/Unreal Projects/Nebula/DerivedDataCache/VT/TEXTURE_7C16439390E24F1F9468894FB4D4BC55_VTCHUNKC0393DE8C5B4673D99D1BECB92AA8C1F72FEB491" 7670
"/Engine/EngineMaterials/Substrate/Glints2/dict_0005_0107" 7671
"/Engine/EngineMaterials/Substrate/Glints2/dict_0005_0101" 7672
"../../../Engine/Content/EngineMaterials/Substrate/Glints2/dict_0005_0089.uasset" 7673
"/Engine/EngineMaterials/Substrate/Glints2/dict_0005_0094" 7674
"../../../Engine/Content/EngineMaterials/Substrate/Glints2/dict_0005_0126.uasset" 7675
"../../../Engine/Content/EngineMaterials/Substrate/Glints2/dict_0005_0091.uasset" 7676
"../../../Engine/Content/EngineMaterials/Substrate/Glints2/dict_0005_0095.uasset" 7677
"../../../Engine/Content/EngineMaterials/Substrate/Glints2/dict_0005_0092.uasset" 7678
"../../../Engine/Content/EngineMaterials/Substrate/Glints2/dict_0005_0088.uasset" 7679
"../../../Engine/Content/EngineMaterials/Substrate/Glints2/dict_0005_0093.uasset" 7680
"/Engine/EngineMaterials/Substrate/Glints2/dict_0005_0096" 7681
"../../../Engine/Content/EngineMaterials/Substrate/Glints2/dict_0005_0090.uasset" 7682
"/Engine/EngineMaterials/Substrate/Glints2/dict_0005_0097" 7683
"/Engine/EngineMaterials/Substrate/Glints2/dict_0005_0098" 7684
"/Engine/EngineMaterials/Substrate/Glints2/dict_0005_0099" 7685
"/Engine/EngineMaterials/Substrate/Glints2/dict_0005_0100" 7686
"/Engine/EngineMaterials/Substrate/Glints2/dict_0005_0088" 7687
"../../../Engine/Content/EngineMaterials/Substrate/Glints2/dict_0005_0082.uasset" 7688
"/Engine/EngineMaterials/Substrate/Glints2/dict_0005_0090" 7689
"../../../Engine/Content/EngineMaterials/Substrate/Glints2/dict_0005_0087.uasset" 7690
"../../../Engine/Content/EngineMaterials/Substrate/Glints2/dict_0005_0084.uasset" 7691
"../../../Engine/Content/EngineMaterials/Substrate/Glints2/dict_0005_0080.uasset" 7692
"/Engine/EngineMaterials/Substrate/Glints2/dict_0005_0091" 7693
"../../../Engine/Content/EngineMaterials/Substrate/Glints2/dict_0005_0081.uasset" 7694
"../../../Engine/Content/EngineMaterials/Substrate/Glints2/dict_0005_0086.uasset" 7695
"../../../Engine/Content/EngineMaterials/Substrate/Glints2/dict_0005_0079.uasset" 7696
"/Engine/EngineMaterials/Substrate/Glints2/dict_0005_0092" 7697
"/Engine/EngineMaterials/Substrate/Glints2/dict_0005_0126" 7698
"/Engine/EngineMaterials/Substrate/Glints2/dict_0005_0095" 7699
"/Engine/EngineMaterials/Substrate/Glints2/dict_0005_0089" 7700
"/Engine/EngineMaterials/Substrate/Glints2/dict_0005_0093" 7701
"/Engine/EngineMaterials/Substrate/Glints2/dict_0005_0087" 7702
"/Engine/EngineMaterials/Substrate/Glints2/dict_0005_0079" 7703
"/Engine/EngineMaterials/Substrate/Glints2/dict_0005_0080" 7704
"/Engine/EngineMaterials/Substrate/Glints2/dict_0005_0081" 7705
"/Engine/EngineMaterials/Substrate/Glints2/dict_0005_0082" 7706
"/Engine/EngineMaterials/Substrate/Glints2/dict_0005_0084" 7707
"/Engine/EngineMaterials/Substrate/Glints2/dict_0005_0086" 7708
"../../../Engine/Content/EngineMaterials/Substrate/Glints2/dict_0005_0083.uasset" 7709
"../../../Engine/Content/EngineMaterials/Substrate/Glints2/dict_0005_0074.uasset" 7710
"../../../Engine/Content/EngineMaterials/Substrate/Glints2/dict_0005_0078.uasset" 7711
"../../../Engine/Content/EngineMaterials/Substrate/Glints2/dict_0005_0076.uasset" 7712
"../../../Engine/Content/EngineMaterials/Substrate/Glints2/dict_0005_0073.uasset" 7713
"../../../Engine/Content/EngineMaterials/Substrate/Glints2/dict_0005_0077.uasset" 7714
"../../../Engine/Content/EngineMaterials/Substrate/Glints2/dict_0005_0075.uasset" 7715
"/Engine/EngineMaterials/Substrate/Glints2/dict_0005_0073" 7716
"../../../Engine/Content/EngineMaterials/Substrate/Glints2/dict_0005_0072.uasset" 7717
"../../../Engine/Content/EngineMaterials/Substrate/Glints2/dict_0005_0066.uasset" 7718
"../../../Engine/Content/EngineMaterials/Substrate/Glints2/dict_0005_0067.uasset" 7719
"/Engine/EngineMaterials/Substrate/Glints2/dict_0005_0074" 7720
"../../../Engine/Content/EngineMaterials/Substrate/Glints2/dict_0005_0070.uasset" 7721
"../../../Engine/Content/EngineMaterials/Substrate/Glints2/dict_0005_0069.uasset" 7722
"../../../Engine/Content/EngineMaterials/Substrate/Glints2/dict_0005_0065.uasset" 7723
"../../../Engine/Content/EngineMaterials/Substrate/Glints2/dict_0005_0068.uasset" 7724
"../../../Engine/Content/EngineMaterials/Substrate/Glints2/dict_0005_0071.uasset" 7725
"/Engine/EngineMaterials/Substrate/Glints2/dict_0005_0075" 7726
"/Engine/EngineMaterials/Substrate/Glints2/dict_0005_0083" 7727
"/Engine/EngineMaterials/Substrate/Glints2/dict_0005_0076" 7728
"/Engine/EngineMaterials/Substrate/Glints2/dict_0005_0077" 7729
"/Engine/EngineMaterials/Substrate/Glints2/dict_0005_0078" 7730
"/Engine/EngineMaterials/Substrate/Glints2/dict_0005_0071" 7731
"/Engine/EngineMaterials/Substrate/Glints2/dict_0005_0072" 7732
"/Engine/EngineMaterials/Substrate/Glints2/dict_0005_0065" 7733
"/Engine/EngineMaterials/Substrate/Glints2/dict_0005_0066" 7734
"/Engine/EngineMaterials/Substrate/Glints2/dict_0005_0067" 7735
"/Engine/EngineMaterials/Substrate/Glints2/dict_0005_0068" 7736
"../../../Engine/Content/EngineMaterials/Substrate/Glints2/dict_0005_0064.uasset" 7737
"../../../Engine/Content/EngineMaterials/Substrate/Glints2/dict_0005_0059.uasset" 7738
"/Engine/EngineMaterials/Substrate/Glints2/dict_0005_0069" 7739
"../../../Engine/Content/EngineMaterials/Substrate/Glints2/dict_0005_0062.uasset" 7740
"../../../Engine/Content/EngineMaterials/Substrate/Glints2/dict_0005_0060.uasset" 7741
"/Engine/EngineMaterials/Substrate/Glints2/dict_0005_0070" 7742
"../../../Engine/Content/EngineMaterials/Substrate/Glints2/dict_0005_0061.uasset" 7743
"/Engine/EngineMaterials/Substrate/Glints2/dict_0005_0064" 7744
"../../../Engine/Content/EngineMaterials/Substrate/Glints2/dict_0005_0057.uasset" 7745
"../../../Engine/Content/EngineMaterials/Substrate/Glints2/dict_0005_0063.uasset" 7746
"/Engine/EngineMaterials/Substrate/Glints2/dict_0005_0059" 7747
"/Engine/EngineMaterials/Substrate/Glints2/dict_0005_0060" 7748
"/Engine/EngineMaterials/Substrate/Glints2/dict_0005_0061" 7749
"/Engine/EngineMaterials/Substrate/Glints2/dict_0005_0062" 7750
"/Engine/EngineMaterials/Substrate/Glints2/dict_0005_0057" 7751
"/Engine/EngineMaterials/Substrate/Glints2/dict_0005_0063" 7752
"../../../Engine/Content/EngineMaterials/Substrate/Glints2/dict_0005_0085.uasset" 7753
"../../../Engine/Content/EngineMaterials/Substrate/Glints2/dict_0005_0054.uasset" 7754
"../../../Engine/Content/EngineMaterials/Substrate/Glints2/dict_0005_0058.uasset" 7755
"../../../Engine/Content/EngineMaterials/Substrate/Glints2/dict_0005_0052.uasset" 7756
"../../../Engine/Content/EngineMaterials/Substrate/Glints2/dict_0005_0055.uasset" 7757
"../../../Engine/Content/EngineMaterials/Substrate/Glints2/dict_0005_0051.uasset" 7758
"../../../Engine/Content/EngineMaterials/Substrate/Glints2/dict_0005_0053.uasset" 7759
"../../../Engine/Content/EngineMaterials/Substrate/Glints2/dict_0005_0056.uasset" 7760
"../../../Engine/Content/EngineMaterials/Substrate/Glints2/dict_0005_0050.uasset" 7761
"../../../Engine/Content/EngineMaterials/Substrate/Glints2/dict_0005_0047.uasset" 7762
"../../../Engine/Content/EngineMaterials/Substrate/Glints2/dict_0005_0045.uasset" 7763
"../../../Engine/Content/EngineMaterials/Substrate/Glints2/dict_0005_0044.uasset" 7764
"../../../Engine/Content/EngineMaterials/Substrate/Glints2/dict_0005_0048.uasset" 7765
"/Engine/EngineMaterials/Substrate/Glints2/dict_0005_0050" 7766
"../../../Engine/Content/EngineMaterials/Substrate/Glints2/dict_0005_0043.uasset" 7767
"../../../Engine/Content/EngineMaterials/Substrate/Glints2/dict_0005_0042.uasset" 7768
"../../../Engine/Content/EngineMaterials/Substrate/Glints2/dict_0005_0046.uasset" 7769
"/Engine/EngineMaterials/Substrate/Glints2/dict_0005_0056" 7770
"../../../Engine/Content/EngineMaterials/Substrate/Glints2/dict_0005_0040.uasset" 7771
"/Engine/EngineMaterials/Substrate/Glints2/dict_0005_0058" 7772
"../../../Engine/Content/EngineMaterials/Substrate/Glints2/dict_0005_0041.uasset" 7773
"/Engine/EngineMaterials/Substrate/Glints2/dict_0005_0051" 7774
"/Engine/EngineMaterials/Substrate/Glints2/dict_0005_0052" 7775
"../../../Engine/Content/EngineMaterials/Substrate/Glints2/dict_0005_0037.uasset" 7776
"../../../Engine/Content/EngineMaterials/Substrate/Glints2/dict_0005_0038.uasset" 7777
"../../../Engine/Content/EngineMaterials/Substrate/Glints2/dict_0005_0039.uasset" 7778
"/Engine/EngineMaterials/Substrate/Glints2/dict_0005_0053" 7779
"/Engine/EngineMaterials/Substrate/Glints2/dict_0005_0044" 7780
"../../../Engine/Content/EngineMaterials/Substrate/Glints2/dict_0005_0034.uasset" 7781
"../../../Engine/Content/EngineMaterials/Substrate/Glints2/dict_0005_0035.uasset" 7782
"/Engine/EngineMaterials/Substrate/Glints2/dict_0005_0045" 7783
"/Engine/EngineMaterials/Substrate/Glints2/dict_0005_0054" 7784
"/Engine/EngineMaterials/Substrate/Glints2/dict_0005_0047" 7785
"/Engine/EngineMaterials/Substrate/Glints2/dict_0005_0085" 7786
"../../../Engine/Content/EngineMaterials/Substrate/Glints2/dict_0005_0031.uasset" 7787
"../../../Engine/Content/EngineMaterials/Substrate/Glints2/dict_0005_0032.uasset" 7788
"../../../Engine/Content/EngineMaterials/Substrate/Glints2/dict_0005_0033.uasset" 7789
"/Engine/EngineMaterials/Substrate/Glints2/dict_0005_0055" 7790
"/Engine/EngineMaterials/Substrate/Glints2/dict_0005_0048" 7791
"../../../Engine/Content/EngineMaterials/Substrate/Glints2/dict_0005_0030.uasset" 7792
"../../../Engine/Content/EngineMaterials/Substrate/Glints2/dict_0005_0028.uasset" 7793
"/Engine/EngineMaterials/Substrate/Glints2/dict_0005_0034" 7794
"../../../Engine/Content/EngineMaterials/Substrate/Glints2/dict_0005_0029.uasset" 7795
"/Engine/EngineMaterials/Substrate/Glints2/dict_0005_0035" 7796
"/Engine/EngineMaterials/Substrate/Glints2/dict_0005_0042" 7797
"/Engine/EngineMaterials/Substrate/Glints2/dict_0005_0030" 7798
"/Engine/EngineMaterials/Substrate/Glints2/dict_0005_0031" 7799
"../../../Engine/Content/EngineMaterials/Substrate/Glints2/dict_0005_0049.uasset" 7800
"/Engine/EngineMaterials/Substrate/Glints2/dict_0005_0032" 7801
"/Engine/EngineMaterials/Substrate/Glints2/dict_0005_0043" 7802
"/Engine/EngineMaterials/Substrate/Glints2/dict_0005_0037" 7803
"/Engine/EngineMaterials/Substrate/Glints2/dict_0005_0038" 7804
"/Engine/EngineMaterials/Substrate/Glints2/dict_0005_0046" 7805
"../../../Engine/Content/EngineMaterials/Substrate/Glints2/dict_0005_0027.uasset" 7806
"/Engine/EngineMaterials/Substrate/Glints2/dict_0005_0033" 7807
"/Engine/EngineMaterials/Substrate/Glints2/dict_0005_0039" 7808
"/Engine/EngineMaterials/Substrate/Glints2/dict_0005_0040" 7809
"/Engine/EngineMaterials/Substrate/Glints2/dict_0005_0041" 7810
"/Engine/EngineMaterials/Substrate/Glints2/dict_0005_0029" 7811
"/Engine/EngineMaterials/Substrate/Glints2/dict_0005_0049" 7812
"/Engine/EngineMaterials/Substrate/Glints2/dict_0005_0027" 7813
"/Engine/EngineMaterials/Substrate/Glints2/dict_0005_0028" 7814
"../../../Engine/Content/EngineMaterials/Substrate/Glints2/dict_0005_0025.uasset" 7815
"../../../Engine/Content/EngineMaterials/Substrate/Glints2/dict_0005_0022.uasset" 7816
"../../../Engine/Content/EngineMaterials/Substrate/Glints2/dict_0005_0026.uasset" 7817
"../../../Engine/Content/EngineMaterials/Substrate/Glints2/dict_0005_0023.uasset" 7818
"../../../Engine/Content/EngineMaterials/Substrate/Glints2/dict_0005_0021.uasset" 7819
"/Engine/EngineMaterials/Substrate/Glints2/dict_0005_0021" 7820
"../../../Engine/Content/EngineMaterials/Substrate/Glints2/dict_0005_0019.uasset" 7821
"../../../Engine/Content/EngineMaterials/Substrate/Glints2/dict_0005_0016.uasset" 7822
"../../../Engine/Content/EngineMaterials/Substrate/Glints2/dict_0005_0014.uasset" 7823
"../../../Engine/Content/EngineMaterials/Substrate/Glints2/dict_0005_0017.uasset" 7824
"../../../Engine/Content/EngineMaterials/Substrate/Glints2/dict_0005_0015.uasset" 7825
"../../../Engine/Content/EngineMaterials/Substrate/Glints2/dict_0005_0018.uasset" 7826
"/Engine/EngineMaterials/Substrate/Glints2/dict_0005_0022" 7827
"/Engine/EngineMaterials/Substrate/Glints2/dict_0005_0023" 7828
"/Engine/EngineMaterials/Substrate/Glints2/dict_0005_0025" 7829
"/Engine/EngineMaterials/Substrate/Glints2/dict_0005_0026" 7830
"../../../Engine/Content/EngineMaterials/Substrate/Glints2/dict_0005_0013.uasset" 7831
"/Engine/EngineMaterials/Substrate/Glints2/dict_0005_0014" 7832
"/Engine/EngineMaterials/Substrate/Glints2/dict_0005_0015" 7833
"../../../Engine/Content/EngineMaterials/Substrate/Glints2/dict_0005_0009.uasset" 7834
"../../../Engine/Content/EngineMaterials/Substrate/Glints2/dict_0005_0011.uasset" 7835
"../../../Engine/Content/EngineMaterials/Substrate/Glints2/dict_0005_0010.uasset" 7836
"../../../Engine/Content/EngineMaterials/Substrate/Glints2/dict_0005_0012.uasset" 7837
"/Engine/EngineMaterials/Substrate/Glints2/dict_0005_0016" 7838
"/Engine/EngineMaterials/Substrate/Glints2/dict_0005_0017" 7839
"/Engine/EngineMaterials/Substrate/Glints2/dict_0005_0018" 7840
"../../../Engine/Content/EngineMaterials/Substrate/Glints2/dict_0005_0008.uasset" 7841
"/Engine/EngineMaterials/Substrate/Glints2/dict_0005_0019" 7842
"../../../Engine/Content/EngineMaterials/Substrate/Glints2/dict_0005_0024.uasset" 7843
"/Engine/EngineMaterials/Substrate/Glints2/dict_0005_0008" 7844
"/Engine/EngineMaterials/Substrate/Glints2/dict_0005_0009" 7845
"/Engine/EngineMaterials/Substrate/Glints2/dict_0005_0010" 7846
"/Engine/EngineMaterials/Substrate/Glints2/dict_0005_0011" 7847
"/Engine/EngineMaterials/Substrate/Glints2/dict_0005_0012" 7848
"../../../Engine/Content/EngineMaterials/Substrate/Glints2/dict_0005_0004.uasset" 7849
"../../../Engine/Content/EngineMaterials/Substrate/Glints2/dict_0005_0002.uasset" 7850
"/Engine/EngineMaterials/Substrate/Glints2/dict_0005_0013" 7851
"../../../Engine/Content/EngineMaterials/Substrate/Glints2/dict_0005_0006.uasset" 7852
"../../../Engine/Content/EngineMaterials/Substrate/Glints2/dict_0005_0003.uasset" 7853
"../../../Engine/Content/EngineMaterials/Substrate/Glints2/dict_0005_0005.uasset" 7854
"../../../Engine/Content/EngineMaterials/Substrate/Glints2/dict_0005_0007.uasset" 7855
"/Engine/EngineMaterials/Substrate/Glints2/dict_0005_0002" 7856
"/Engine/EngineMaterials/Substrate/Glints2/dict_0005_0003" 7857
"../../../Engine/Content/EngineMaterials/Substrate/Glints2/dict_0005_0001.uasset" 7858
"../../../Engine/Content/EngineMaterials/Substrate/Glints2/dict_0005_0000.uasset" 7859
"../../../Engine/Content/EngineMaterials/Substrate/Glints2/dict_0004_0255.uasset" 7860
"/Engine/EngineMaterials/Substrate/Glints2/dict_0005_0004" 7861
"../../../Engine/Content/EngineMaterials/Substrate/Glints2/dict_0004_0253.uasset" 7862
"../../../Engine/Content/EngineMaterials/Substrate/Glints2/dict_0004_0254.uasset" 7863
"/Engine/EngineMaterials/Substrate/Glints2/dict_0005_0005" 7864
"/Engine/EngineMaterials/Substrate/Glints2/dict_0005_0006" 7865
"/Engine/EngineMaterials/Substrate/Glints2/dict_0005_0024" 7866
"../../../Engine/Content/EngineMaterials/Substrate/Glints2/dict_0004_0250.uasset" 7867
"/Engine/EngineMaterials/Substrate/Glints2/dict_0004_0253" 7868
"/Engine/EngineMaterials/Substrate/Glints2/dict_0005_0000" 7869
"/Engine/EngineMaterials/Substrate/Glints2/dict_0005_0001" 7870
"/Engine/EngineMaterials/Substrate/Glints2/dict_0004_0254" 7871
"/Engine/EngineMaterials/Substrate/Glints2/dict_0005_0007" 7872
"/Engine/EngineMaterials/Substrate/Glints2/dict_0004_0255" 7873
"../../../Engine/Content/EngineMaterials/Substrate/Glints2/dict_0004_0252.uasset" 7874
"../../../Engine/Content/EngineMaterials/Substrate/Glints2/dict_0005_0020.uasset" 7875
"../../../Engine/Content/EngineMaterials/Substrate/Glints2/dict_0004_0251.uasset" 7876
"../../../Engine/Content/EngineMaterials/Substrate/Glints2/dict_0004_0248.uasset" 7877
"../../../Engine/Content/EngineMaterials/Substrate/Glints2/dict_0004_0247.uasset" 7878
"../../../Engine/Content/EngineMaterials/Substrate/Glints2/dict_0004_0246.uasset" 7879
"../../../Engine/Content/EngineMaterials/Substrate/Glints2/dict_0004_0245.uasset" 7880
"../../../Engine/Content/EngineMaterials/Substrate/Glints2/dict_0004_0249.uasset" 7881
"../../../Engine/Content/EngineMaterials/Substrate/Glints2/dict_0004_0241.uasset" 7882
"../../../Engine/Content/EngineMaterials/Substrate/Glints2/dict_0004_0242.uasset" 7883
"../../../Engine/Content/EngineMaterials/Substrate/Glints2/dict_0004_0237.uasset" 7884
"../../../Engine/Content/EngineMaterials/Substrate/Glints2/dict_0004_0244.uasset" 7885
"../../../Engine/Content/EngineMaterials/Substrate/Glints2/dict_0004_0239.uasset" 7886
"../../../Engine/Content/EngineMaterials/Substrate/Glints2/dict_0004_0238.uasset" 7887
"../../../Engine/Content/EngineMaterials/Substrate/Glints2/dict_0004_0236.uasset" 7888
"../../../Engine/Content/EngineMaterials/Substrate/Glints2/dict_0004_0240.uasset" 7889
"../../../Engine/Content/EngineMaterials/Substrate/Glints2/dict_0004_0230.uasset" 7890
"../../../Engine/Content/EngineMaterials/Substrate/Glints2/dict_0004_0235.uasset" 7891
"../../../Engine/Content/EngineMaterials/Substrate/Glints2/dict_0004_0234.uasset" 7892
"../../../Engine/Content/EngineMaterials/Substrate/Glints2/dict_0004_0233.uasset" 7893
"../../../Engine/Content/EngineMaterials/Substrate/Glints2/dict_0004_0231.uasset" 7894
"../../../Engine/Content/EngineMaterials/Substrate/Glints2/dict_0004_0232.uasset" 7895
"../../../Engine/Content/EngineMaterials/Substrate/Glints2/dict_0004_0229.uasset" 7896
"../../../Engine/Content/EngineMaterials/Substrate/Glints2/dict_0004_0226.uasset" 7897
"../../../Engine/Content/EngineMaterials/Substrate/Glints2/dict_0004_0224.uasset" 7898
"../../../Engine/Content/EngineMaterials/Substrate/Glints2/dict_0004_0225.uasset" 7899
"../../../Engine/Content/EngineMaterials/Substrate/Glints2/dict_0004_0223.uasset" 7900
"../../../Engine/Content/EngineMaterials/Substrate/Glints2/dict_0004_0227.uasset" 7901
"../../../Engine/Content/EngineMaterials/Substrate/Glints2/dict_0005_0036.uasset" 7902
"../../../Engine/Content/EngineMaterials/Substrate/Glints2/dict_0004_0243.uasset" 7903
"../../../Engine/Content/EngineMaterials/Substrate/Glints2/dict_0004_0228.uasset" 7904
"C:/Users/Kiah/Documents/Unreal Projects/Nebula/DerivedDataCache/VT/TEXTURE_7C16439390E24F1F9468894FB4D4BC55_VTCHUNK02D4C3BCAD7DFA48AB32B8281FB06B8B83DB6275" 7905
"C:/Users/Kiah/AppData/Local/Temp/UnrealShaderWorkingDir/B8B339DA452F8AE623E71EA1AB391BB2/8/WorkerOutputOnly.out" 7906
"/Engine/EngineMaterials/Substrate/Glints2/dict_0004_0252" 7907
"/Engine/EngineMaterials/Substrate/Glints2/dict_0004_0223" 7908
"/Engine/EngineMaterials/Substrate/Glints2/dict_0004_0224" 7909
"/Engine/EngineMaterials/Substrate/Glints2/dict_0004_0241" 7910
"/Engine/EngineMaterials/Substrate/Glints2/dict_0004_0225" 7911
"/Engine/EngineMaterials/Substrate/Glints2/dict_0004_0229" 7912
"/Engine/EngineMaterials/Substrate/Glints2/dict_0004_0242" 7913
"/Engine/EngineMaterials/Substrate/Glints2/dict_0004_0226" 7914
"/Engine/EngineMaterials/Substrate/Glints2/dict_0004_0243" 7915
"/Engine/EngineMaterials/Substrate/Glints2/dict_0004_0230" 7916
"/Engine/EngineMaterials/Substrate/Glints2/dict_0004_0244" 7917
"/Engine/EngineMaterials/Substrate/Glints2/dict_0004_0231" 7918
"/Engine/EngineMaterials/Substrate/Glints2/dict_0004_0245" 7919
"/Engine/EngineMaterials/Substrate/Glints2/dict_0005_0036" 7920
"/Engine/EngineMaterials/Substrate/Glints2/dict_0004_0232" 7921
"/Engine/EngineMaterials/Substrate/Glints2/dict_0004_0233" 7922
"/Engine/EngineMaterials/Substrate/Glints2/dict_0004_0246" 7923
"/Engine/EngineMaterials/Substrate/Glints2/dict_0004_0227" 7924
"/Engine/EngineMaterials/Substrate/Glints2/dict_0004_0235" 7925
"/Engine/EngineMaterials/Substrate/Glints2/dict_0005_0020" 7926
"/Engine/EngineMaterials/Substrate/Glints2/dict_0004_0247" 7927
"/Engine/EngineMaterials/Substrate/Glints2/dict_0004_0236" 7928
"/Engine/EngineMaterials/Substrate/Glints2/dict_0004_0248" 7929
"/Engine/EngineMaterials/Substrate/Glints2/dict_0004_0249" 7930
"/Engine/EngineMaterials/Substrate/Glints2/dict_0004_0234" 7931
"/Engine/EngineMaterials/Substrate/Glints2/dict_0004_0250" 7932
"/Engine/EngineMaterials/Substrate/Glints2/dict_0004_0237" 7933
"/Engine/EngineMaterials/Substrate/Glints2/dict_0004_0238" 7934
"/Engine/EngineMaterials/Substrate/Glints2/dict_0004_0228" 7935
"/Engine/EngineMaterials/Substrate/Glints2/dict_0004_0239" 7936
"/Engine/EngineMaterials/Substrate/Glints2/dict_0004_0240" 7937
"/Engine/EngineMaterials/Substrate/Glints2/dict_0004_0251" 7938
"../../../Engine/Content/EngineMaterials/Substrate/Glints2/dict_0004_0219.uasset" 7939
"../../../Engine/Content/EngineMaterials/Substrate/Glints2/dict_0004_0218.uasset" 7940
"../../../Engine/Content/EngineMaterials/Substrate/Glints2/dict_0004_0222.uasset" 7941
"../../../Engine/Content/EngineMaterials/Substrate/Glints2/dict_0004_0215.uasset" 7942
"../../../Engine/Content/EngineMaterials/Substrate/Glints2/dict_0004_0221.uasset" 7943
"../../../Engine/Content/EngineMaterials/Substrate/Glints2/dict_0004_0216.uasset" 7944
"../../../Engine/Content/EngineMaterials/Substrate/Glints2/dict_0004_0214.uasset" 7945
"../../../Engine/Content/EngineMaterials/Substrate/Glints2/dict_0004_0220.uasset" 7946
"/Engine/EngineMaterials/Substrate/Glints2/dict_0004_0214" 7947
"../../../Engine/Content/EngineMaterials/Substrate/Glints2/dict_0004_0210.uasset" 7948
"/Engine/EngineMaterials/Substrate/Glints2/dict_0004_0215" 7949
"../../../Engine/Content/EngineMaterials/Substrate/Glints2/dict_0004_0209.uasset" 7950
"../../../Engine/Content/EngineMaterials/Substrate/Glints2/dict_0004_0206.uasset" 7951
"../../../Engine/Content/EngineMaterials/Substrate/Glints2/dict_0004_0213.uasset" 7952
"../../../Engine/Content/EngineMaterials/Substrate/Glints2/dict_0004_0208.uasset" 7953
"../../../Engine/Content/EngineMaterials/Substrate/Glints2/dict_0004_0211.uasset" 7954
"/Engine/EngineMaterials/Substrate/Glints2/dict_0004_0216" 7955
"../../../Engine/Content/EngineMaterials/Substrate/Glints2/dict_0004_0212.uasset" 7956
"/Engine/EngineMaterials/Substrate/Glints2/dict_0004_0218" 7957
"/Engine/EngineMaterials/Substrate/Glints2/dict_0004_0219" 7958
"/Engine/EngineMaterials/Substrate/Glints2/dict_0004_0220" 7959
"/Engine/EngineMaterials/Substrate/Glints2/dict_0004_0221" 7960
"/Engine/EngineMaterials/Substrate/Glints2/dict_0004_0222" 7961
"../../../Engine/Content/EngineMaterials/Substrate/Glints2/dict_0004_0207.uasset" 7962
"/Engine/EngineMaterials/Substrate/Glints2/dict_0004_0206" 7963
"/Engine/EngineMaterials/Substrate/Glints2/dict_0004_0207" 7964
"/Engine/EngineMaterials/Substrate/Glints2/dict_0004_0208" 7965
"/Engine/EngineMaterials/Substrate/Glints2/dict_0004_0209" 7966
"/Engine/EngineMaterials/Substrate/Glints2/dict_0004_0210" 7967
"/Engine/EngineMaterials/Substrate/Glints2/dict_0004_0211" 7968
"../../../Engine/Content/EngineMaterials/Substrate/Glints2/dict_0004_0202.uasset" 7969
"/Engine/EngineMaterials/Substrate/Glints2/dict_0004_0212" 7970
"/Engine/EngineMaterials/Substrate/Glints2/dict_0004_0213" 7971
"../../../Engine/Content/EngineMaterials/Substrate/Glints2/dict_0004_0200.uasset" 7972
"../../../Engine/Content/EngineMaterials/Substrate/Glints2/dict_0004_0204.uasset" 7973
"../../../Engine/Content/EngineMaterials/Substrate/Glints2/dict_0004_0203.uasset" 7974
"/Engine/EngineMaterials/Substrate/Glints2/dict_0004_0200" 7975
"../../../Engine/Content/EngineMaterials/Substrate/Glints2/dict_0004_0205.uasset" 7976
"/Engine/EngineMaterials/Substrate/Glints2/dict_0004_0202" 7977
"/Engine/EngineMaterials/Substrate/Glints2/dict_0004_0204" 7978
"/Engine/EngineMaterials/Substrate/Glints2/dict_0004_0203" 7979
"/Engine/EngineMaterials/Substrate/Glints2/dict_0004_0205" 7980
"../../../Engine/Content/EngineMaterials/Substrate/Glints2/dict_0004_0217.uasset" 7981
"../../../Engine/Content/EngineMaterials/Substrate/Glints2/dict_0004_0199.uasset" 7982
"../../../Engine/Content/EngineMaterials/Substrate/Glints2/dict_0004_0196.uasset" 7983
"../../../Engine/Content/EngineMaterials/Substrate/Glints2/dict_0004_0193.uasset" 7984
"../../../Engine/Content/EngineMaterials/Substrate/Glints2/dict_0004_0194.uasset" 7985
"../../../Engine/Content/EngineMaterials/Substrate/Glints2/dict_0004_0195.uasset" 7986
"../../../Engine/Content/EngineMaterials/Substrate/Glints2/dict_0004_0197.uasset" 7987
"../../../Engine/Content/EngineMaterials/Substrate/Glints2/dict_0004_0198.uasset" 7988
"../../../Engine/Content/EngineMaterials/Substrate/Glints2/dict_0004_0190.uasset" 7989
"../../../Engine/Content/EngineMaterials/Substrate/Glints2/dict_0004_0188.uasset" 7990
"../../../Engine/Content/EngineMaterials/Substrate/Glints2/dict_0004_0186.uasset" 7991
"../../../Engine/Content/EngineMaterials/Substrate/Glints2/dict_0004_0187.uasset" 7992
"/Engine/EngineMaterials/Substrate/Glints2/dict_0004_0193" 7993
"../../../Engine/Content/EngineMaterials/Substrate/Glints2/dict_0004_0191.uasset" 7994
"/Engine/EngineMaterials/Substrate/Glints2/dict_0004_0194" 7995
"../../../Engine/Content/EngineMaterials/Substrate/Glints2/dict_0004_0192.uasset" 7996
"/Engine/EngineMaterials/Substrate/Glints2/dict_0004_0195" 7997
"/Engine/EngineMaterials/Substrate/Glints2/dict_0004_0196" 7998
"../../../Engine/Content/EngineMaterials/Substrate/Glints2/dict_0004_0189.uasset" 7999
"/Engine/EngineMaterials/Substrate/Glints2/dict_0004_0197" 8000
"/Engine/EngineMaterials/Substrate/Glints2/dict_0004_0198" 8001
"/Engine/EngineMaterials/Substrate/Glints2/dict_0004_0199" 8002
"/Engine/EngineMaterials/Substrate/Glints2/dict_0004_0217" 8003
"../../../Engine/Content/EngineMaterials/Substrate/Glints2/dict_0004_0184.uasset" 8004
"../../../Engine/Content/EngineMaterials/Substrate/Glints2/dict_0004_0183.uasset" 8005
"../../../Engine/Content/EngineMaterials/Substrate/Glints2/dict_0004_0181.uasset" 8006
"/Engine/EngineMaterials/Substrate/Glints2/dict_0004_0186" 8007
"../../../Engine/Content/EngineMaterials/Substrate/Glints2/dict_0004_0185.uasset" 8008
"/Engine/EngineMaterials/Substrate/Glints2/dict_0004_0187" 8009
"../../../Engine/Content/EngineMaterials/Substrate/Glints2/dict_0004_0182.uasset" 8010
"/Engine/EngineMaterials/Substrate/Glints2/dict_0004_0188" 8011
"/Engine/EngineMaterials/Substrate/Glints2/dict_0004_0190" 8012
"../../../Engine/Content/EngineMaterials/Substrate/Glints2/dict_0004_0179.uasset" 8013
"/Engine/EngineMaterials/Substrate/Glints2/dict_0004_0191" 8014
"../../../Engine/Content/EngineMaterials/Substrate/Glints2/dict_0004_0176.uasset" 8015
"/Engine/EngineMaterials/Substrate/Glints2/dict_0004_0192" 8016
"/Engine/EngineMaterials/Substrate/Glints2/dict_0004_0179" 8017
"/Engine/EngineMaterials/Substrate/Glints2/dict_0004_0181" 8018
"/Engine/EngineMaterials/Substrate/Glints2/dict_0004_0182" 8019
"/Engine/EngineMaterials/Substrate/Glints2/dict_0004_0183" 8020
"/Engine/EngineMaterials/Substrate/Glints2/dict_0004_0184" 8021
"/Engine/EngineMaterials/Substrate/Glints2/dict_0004_0185" 8022
"/Engine/EngineMaterials/Substrate/Glints2/dict_0004_0189" 8023
"/Engine/EngineMaterials/Substrate/Glints2/dict_0004_0176" 8024
"../../../Engine/Content/EngineMaterials/Substrate/Glints2/dict_0004_0175.uasset" 8025
"../../../Engine/Content/EngineMaterials/Substrate/Glints2/dict_0004_0177.uasset" 8026
"../../../Engine/Content/EngineMaterials/Substrate/Glints2/dict_0004_0180.uasset" 8027
"../../../Engine/Content/EngineMaterials/Substrate/Glints2/dict_0004_0171.uasset" 8028
"../../../Engine/Content/EngineMaterials/Substrate/Glints2/dict_0004_0172.uasset" 8029
"/Engine/EngineMaterials/Substrate/Glints2/dict_0004_0172" 8030
"/Engine/EngineMaterials/Substrate/Glints2/dict_0004_0171" 8031
"../../../Engine/Content/EngineMaterials/Substrate/Glints2/dict_0004_0170.uasset" 8032
"../../../Engine/Content/EngineMaterials/Substrate/Glints2/dict_0004_0178.uasset" 8033
"/Engine/EngineMaterials/Substrate/Glints2/dict_0004_0175" 8034
"../../../Engine/Content/EngineMaterials/Substrate/Glints2/dict_0004_0201.uasset" 8035
"../../../Engine/Content/EngineMaterials/Substrate/Glints2/dict_0004_0167.uasset" 8036
"../../../Engine/Content/EngineMaterials/Substrate/Glints2/dict_0004_0168.uasset" 8037
"/Engine/EngineMaterials/Substrate/Glints2/dict_0004_0177" 8038
"../../../Engine/Content/EngineMaterials/Substrate/Glints2/dict_0004_0173.uasset" 8039
"/Engine/EngineMaterials/Substrate/Glints2/dict_0004_0180" 8040
"../../../Engine/Content/EngineMaterials/Substrate/Glints2/dict_0004_0166.uasset" 8041
"/Engine/EngineMaterials/Substrate/Glints2/dict_0004_0201" 8042
"../../../Engine/Content/EngineMaterials/Substrate/Glints2/dict_0004_0169.uasset" 8043
"/Engine/EngineMaterials/Substrate/Glints2/dict_0004_0173" 8044
"../../../Engine/Content/EngineMaterials/Substrate/Glints2/dict_0004_0165.uasset" 8045
"/Engine/EngineMaterials/Substrate/Glints2/dict_0004_0170" 8046
"/Engine/EngineMaterials/Substrate/Glints2/dict_0004_0178" 8047
"/Engine/EngineMaterials/Substrate/Glints2/dict_0004_0166" 8048
"/Engine/EngineMaterials/Substrate/Glints2/dict_0004_0167" 8049
"/Engine/EngineMaterials/Substrate/Glints2/dict_0004_0168" 8050
"/Engine/EngineMaterials/Substrate/Glints2/dict_0004_0165" 8051
"../../../Engine/Content/EngineMaterials/Substrate/Glints2/dict_0004_0163.uasset" 8052
"/Engine/EngineMaterials/Substrate/Glints2/dict_0004_0169" 8053
"/Engine/EngineMaterials/Substrate/Glints2/dict_0004_0163" 8054
"../../../Engine/Content/EngineMaterials/Substrate/Glints2/dict_0004_0164.uasset" 8055
"../../../Engine/Content/EngineMaterials/Substrate/Glints2/dict_0004_0161.uasset" 8056
"../../../Engine/Content/EngineMaterials/Substrate/Glints2/dict_0004_0157.uasset" 8057
"../../../Engine/Content/EngineMaterials/Substrate/Glints2/dict_0004_0159.uasset" 8058
"../../../Engine/Content/EngineMaterials/Substrate/Glints2/dict_0004_0162.uasset" 8059
"../../../Engine/Content/EngineMaterials/Substrate/Glints2/dict_0004_0155.uasset" 8060
"/Engine/EngineMaterials/Substrate/Glints2/dict_0004_0159" 8061
"../../../Engine/Content/EngineMaterials/Substrate/Glints2/dict_0004_0154.uasset" 8062
"../../../Engine/Content/EngineMaterials/Substrate/Glints2/dict_0004_0153.uasset" 8063
"../../../Engine/Content/EngineMaterials/Substrate/Glints2/dict_0004_0156.uasset" 8064
"/Engine/EngineMaterials/Substrate/Glints2/dict_0004_0161" 8065
"/Engine/EngineMaterials/Substrate/Glints2/dict_0004_0162" 8066
"/Engine/EngineMaterials/Substrate/Glints2/dict_0004_0164" 8067
"/Engine/EngineMaterials/Substrate/Glints2/dict_0004_0157" 8068
"/Engine/EngineMaterials/Substrate/Glints2/dict_0004_0153" 8069
"/Engine/EngineMaterials/Substrate/Glints2/dict_0004_0154" 8070
"/Engine/EngineMaterials/Substrate/Glints2/dict_0004_0155" 8071
"/Engine/EngineMaterials/Substrate/Glints2/dict_0004_0156" 8072
"../../../Engine/Content/EngineMaterials/Substrate/Glints2/dict_0004_0151.uasset" 8073
"../../../Engine/Content/EngineMaterials/Substrate/Glints2/dict_0004_0150.uasset" 8074
"../../../Engine/Content/EngineMaterials/Substrate/Glints2/dict_0004_0158.uasset" 8075
"../../../Engine/Content/EngineMaterials/Substrate/Glints2/dict_0004_0148.uasset" 8076
"../../../Engine/Content/EngineMaterials/Substrate/Glints2/dict_0004_0149.uasset" 8077
"../../../Engine/Content/EngineMaterials/Substrate/Glints2/dict_0004_0147.uasset" 8078
"/Engine/EngineMaterials/Substrate/Glints2/dict_0004_0149" 8079
"/Engine/EngineMaterials/Substrate/Glints2/dict_0004_0150" 8080
"/Engine/EngineMaterials/Substrate/Glints2/dict_0004_0158" 8081
"../../../Engine/Content/EngineMaterials/Substrate/Glints2/dict_0004_0146.uasset" 8082
"../../../Engine/Content/EngineMaterials/Substrate/Glints2/dict_0004_0145.uasset" 8083
"/Engine/EngineMaterials/Substrate/Glints2/dict_0004_0148" 8084
"/Engine/EngineMaterials/Substrate/Glints2/dict_0004_0151" 8085
"/Engine/EngineMaterials/Substrate/Glints2/dict_0004_0147" 8086
"/Engine/EngineMaterials/Substrate/Glints2/dict_0004_0145" 8087
"/Engine/EngineMaterials/Substrate/Glints2/dict_0004_0146" 8088
"../../../Engine/Content/EngineMaterials/Substrate/Glints2/dict_0004_0143.uasset" 8089
"../../../Engine/Content/EngineMaterials/Substrate/Glints2/dict_0004_0141.uasset" 8090
"../../../Engine/Content/EngineMaterials/Substrate/Glints2/dict_0004_0142.uasset" 8091
"../../../Engine/Content/EngineMaterials/Substrate/Glints2/dict_0004_0144.uasset" 8092
"/Engine/EngineMaterials/Substrate/Glints2/dict_0004_0143" 8093
"../../../Engine/Content/EngineMaterials/Substrate/Glints2/dict_0004_0138.uasset" 8094
"/Engine/EngineMaterials/Substrate/Glints2/dict_0004_0144" 8095
"../../../Engine/Content/EngineMaterials/Substrate/Glints2/dict_0004_0139.uasset" 8096
"/Engine/EngineMaterials/Substrate/Glints2/dict_0004_0141" 8097
"/Engine/EngineMaterials/Substrate/Glints2/dict_0004_0142" 8098
"/Engine/EngineMaterials/Substrate/Glints2/dict_0004_0138" 8099
"../../../Engine/Content/EngineMaterials/Substrate/Glints2/dict_0004_0140.uasset" 8100
"../../../Engine/Content/EngineMaterials/Substrate/Glints2/dict_0004_0160.uasset" 8101
"/Engine/EngineMaterials/Substrate/Glints2/dict_0004_0139" 8102
"../../../Engine/Content/EngineMaterials/Substrate/Glints2/dict_0004_0137.uasset" 8103
"../../../Engine/Content/EngineMaterials/Substrate/Glints2/dict_0004_0136.uasset" 8104
"/Engine/EngineMaterials/Substrate/Glints2/dict_0004_0160" 8105
"/Engine/EngineMaterials/Substrate/Glints2/dict_0004_0136" 8106
"/Engine/EngineMaterials/Substrate/Glints2/dict_0004_0137" 8107
"../../../Engine/Content/EngineMaterials/Substrate/Glints2/dict_0004_0134.uasset" 8108
"/Engine/EngineMaterials/Substrate/Glints2/dict_0004_0140" 8109
"/Engine/EngineMaterials/Substrate/Glints2/dict_0004_0134" 8110
"../../../Engine/Content/EngineMaterials/Substrate/Glints2/dict_0004_0135.uasset" 8111
"../../../Engine/Content/EngineMaterials/Substrate/Glints2/dict_0004_0133.uasset" 8112
"../../../Engine/Content/EngineMaterials/Substrate/Glints2/dict_0004_0131.uasset" 8113
"../../../Engine/Content/EngineMaterials/Substrate/Glints2/dict_0004_0129.uasset" 8114
"../../../Engine/Content/EngineMaterials/Substrate/Glints2/dict_0004_0128.uasset" 8115
"/Engine/EngineMaterials/Substrate/Glints2/dict_0004_0129" 8116
"../../../Engine/Content/EngineMaterials/Substrate/Glints2/dict_0004_0174.uasset" 8117
"../../../Engine/Content/EngineMaterials/Substrate/Glints2/dict_0004_0127.uasset" 8118
"/Engine/EngineMaterials/Substrate/Glints2/dict_0004_0133" 8119
"../../../Engine/Content/EngineMaterials/Substrate/Glints2/dict_0004_0126.uasset" 8120
"/Engine/EngineMaterials/Substrate/Glints2/dict_0004_0131" 8121
"/Engine/EngineMaterials/Substrate/Glints2/dict_0004_0135" 8122
"/Engine/EngineMaterials/Substrate/Glints2/dict_0004_0128" 8123
"/Engine/EngineMaterials/Substrate/Glints2/dict_0004_0174" 8124
"/Engine/EngineMaterials/Substrate/Glints2/dict_0004_0126" 8125
"/Engine/EngineMaterials/Substrate/Glints2/dict_0004_0127" 8126
"../../../Engine/Content/EngineMaterials/Substrate/Glints2/dict_0004_0125.uasset" 8127
"/Engine/EngineMaterials/Substrate/Glints2/dict_0004_0125" 8128
"../../../Engine/Content/EngineMaterials/Substrate/Glints2/dict_0004_0152.uasset" 8129
"../../../Engine/Content/EngineMaterials/Substrate/Glints2/dict_0004_0132.uasset" 8130
"../../../Engine/Content/EngineMaterials/Substrate/Glints2/dict_0004_0124.uasset" 8131
"../../../Engine/Content/EngineMaterials/Substrate/Glints2/dict_0004_0122.uasset" 8132
"../../../Engine/Content/EngineMaterials/Substrate/Glints2/dict_0004_0123.uasset" 8133
"../../../Engine/Content/EngineMaterials/Substrate/Glints2/dict_0004_0121.uasset" 8134
"../../../Engine/Content/EngineMaterials/Substrate/Glints2/dict_0004_0119.uasset" 8135
"/Engine/EngineMaterials/Substrate/Glints2/dict_0004_0121" 8136
"/Engine/EngineMaterials/Substrate/Glints2/dict_0004_0122" 8137
"../../../Engine/Content/EngineMaterials/Substrate/Glints2/dict_0004_0113.uasset" 8138
"/Engine/EngineMaterials/Substrate/Glints2/dict_0004_0123" 8139
"../../../Engine/Content/EngineMaterials/Substrate/Glints2/dict_0004_0114.uasset" 8140
"../../../Engine/Content/EngineMaterials/Substrate/Glints2/dict_0004_0116.uasset" 8141
"/Engine/EngineMaterials/Substrate/Glints2/dict_0004_0152" 8142
"../../../Engine/Content/EngineMaterials/Substrate/Glints2/dict_0004_0117.uasset" 8143
"/Engine/EngineMaterials/Substrate/Glints2/dict_0004_0124" 8144
"/Engine/EngineMaterials/Substrate/Glints2/dict_0004_0132" 8145
"/Engine/EngineMaterials/Substrate/Glints2/dict_0004_0119" 8146
"../../../Engine/Content/EngineMaterials/Substrate/Glints2/dict_0004_0130.uasset" 8147
"../../../Engine/Content/EngineMaterials/Substrate/Glints2/dict_0004_0115.uasset" 8148
"/Engine/EngineMaterials/Substrate/Glints2/dict_0004_0113" 8149
"../../../Engine/Content/EngineMaterials/Substrate/Glints2/dict_0004_0112.uasset" 8150
"/Engine/EngineMaterials/Substrate/Glints2/dict_0004_0116" 8151
"../../../Engine/Content/EngineMaterials/Substrate/Glints2/dict_0004_0109.uasset" 8152
"../../../Engine/Content/EngineMaterials/Substrate/Glints2/dict_0004_0110.uasset" 8153
"/Engine/EngineMaterials/Substrate/Glints2/dict_0004_0117" 8154
"../../../Engine/Content/EngineMaterials/Substrate/Glints2/dict_0004_0111.uasset" 8155
"/Engine/EngineMaterials/Substrate/Glints2/dict_0004_0114" 8156
"/Engine/EngineMaterials/Substrate/Glints2/dict_0004_0130" 8157
"/Engine/EngineMaterials/Substrate/Glints2/dict_0004_0112" 8158
"/Engine/EngineMaterials/Substrate/Glints2/dict_0004_0110" 8159
"/Engine/EngineMaterials/Substrate/Glints2/dict_0004_0111" 8160
"../../../Engine/Content/EngineMaterials/Substrate/Glints2/dict_0004_0108.uasset" 8161
"/Engine/EngineMaterials/Substrate/Glints2/dict_0004_0109" 8162
"/Engine/EngineMaterials/Substrate/Glints2/dict_0004_0115" 8163
"/Engine/EngineMaterials/Substrate/Glints2/dict_0004_0108" 8164
"../../../Engine/Content/EngineMaterials/Substrate/Glints2/dict_0004_0103.uasset" 8165
"../../../Engine/Content/EngineMaterials/Substrate/Glints2/dict_0004_0107.uasset" 8166
"../../../Engine/Content/EngineMaterials/Substrate/Glints2/dict_0004_0105.uasset" 8167
"../../../Engine/Content/EngineMaterials/Substrate/Glints2/dict_0004_0104.uasset" 8168
"../../../Engine/Content/EngineMaterials/Substrate/Glints2/dict_0004_0106.uasset" 8169
"../../../Engine/Content/EngineMaterials/Substrate/Glints2/dict_0004_0102.uasset" 8170
"../../../Engine/Content/EngineMaterials/Substrate/Glints2/dict_0004_0099.uasset" 8171
"/Engine/EngineMaterials/Substrate/Glints2/dict_0004_0106" 8172
"../../../Engine/Content/EngineMaterials/Substrate/Glints2/dict_0004_0101.uasset" 8173
"/Engine/EngineMaterials/Substrate/Glints2/dict_0004_0102" 8174
"../../../Engine/Content/EngineMaterials/Substrate/Glints2/dict_0004_0097.uasset" 8175
"../../../Engine/Content/EngineMaterials/Substrate/Glints2/dict_0004_0096.uasset" 8176
"/Engine/EngineMaterials/Substrate/Glints2/dict_0004_0103" 8177
"/Engine/EngineMaterials/Substrate/Glints2/dict_0004_0107" 8178
"../../../Engine/Content/EngineMaterials/Substrate/Glints2/dict_0004_0100.uasset" 8179
"../../../Engine/Content/EngineMaterials/Substrate/Glints2/dict_0004_0098.uasset" 8180
"/Engine/EngineMaterials/Substrate/Glints2/dict_0004_0105" 8181
"../../../Engine/Content/EngineMaterials/Substrate/Glints2/dict_0004_0092.uasset" 8182
"../../../Engine/Content/EngineMaterials/Substrate/Glints2/dict_0004_0091.uasset" 8183
"/Engine/EngineMaterials/Substrate/Glints2/dict_0004_0104" 8184
"/Engine/EngineMaterials/Substrate/Glints2/dict_0004_0097" 8185
"../../../Engine/Content/EngineMaterials/Substrate/Glints2/dict_0004_0095.uasset" 8186
"/Engine/EngineMaterials/Substrate/Glints2/dict_0004_0101" 8187
"/Engine/EngineMaterials/Substrate/Glints2/dict_0004_0098" 8188
"../../../Engine/Content/EngineMaterials/Substrate/Glints2/dict_0004_0093.uasset" 8189
"/Engine/EngineMaterials/Substrate/Glints2/dict_0004_0091" 8190
"/Engine/EngineMaterials/Substrate/Glints2/dict_0004_0092" 8191
"../../../Engine/Content/EngineMaterials/Substrate/Glints2/dict_0004_0090.uasset" 8192
"../../../Engine/Content/EngineMaterials/Substrate/Glints2/dict_0004_0088.uasset" 8193
"/Engine/EngineMaterials/Substrate/Glints2/dict_0004_0096" 8194
"../../../Engine/Content/EngineMaterials/Substrate/Glints2/dict_0004_0089.uasset" 8195
"/Engine/EngineMaterials/Substrate/Glints2/dict_0004_0099" 8196
"../../../Engine/Content/EngineMaterials/Substrate/Glints2/dict_0004_0094.uasset" 8197
"/Engine/EngineMaterials/Substrate/Glints2/dict_0004_0100" 8198
"/Engine/EngineMaterials/Substrate/Glints2/dict_0004_0090" 8199
"/Engine/EngineMaterials/Substrate/Glints2/dict_0004_0088" 8200
"/Engine/EngineMaterials/Substrate/Glints2/dict_0004_0093" 8201
"/Engine/EngineMaterials/Substrate/Glints2/dict_0004_0094" 8202
"/Engine/EngineMaterials/Substrate/Glints2/dict_0004_0089" 8203
"../../../Engine/Content/EngineMaterials/Substrate/Glints2/dict_0004_0087.uasset" 8204
"/Engine/EngineMaterials/Substrate/Glints2/dict_0004_0095" 8205
"/Engine/EngineMaterials/Substrate/Glints2/dict_0004_0087" 8206
"../../../Engine/Content/EngineMaterials/Substrate/Glints2/dict_0004_0118.uasset" 8207
"../../../Engine/Content/EngineMaterials/Substrate/Glints2/dict_0004_0086.uasset" 8208
"../../../Engine/Content/EngineMaterials/Substrate/Glints2/dict_0004_0082.uasset" 8209
"../../../Engine/Content/EngineMaterials/Substrate/Glints2/dict_0004_0083.uasset" 8210
"../../../Engine/Content/EngineMaterials/Substrate/Glints2/dict_0004_0085.uasset" 8211
"/Engine/EngineMaterials/Substrate/Glints2/dict_0004_0118" 8212
"../../../Engine/Content/EngineMaterials/Substrate/Glints2/dict_0004_0081.uasset" 8213
"/Engine/EngineMaterials/Substrate/Glints2/dict_0004_0085" 8214
"/Engine/EngineMaterials/Substrate/Glints2/dict_0004_0086" 8215
"/Engine/EngineMaterials/Substrate/Glints2/dict_0004_0082" 8216
"/Engine/EngineMaterials/Substrate/Glints2/dict_0004_0083" 8217
"/Engine/EngineMaterials/Substrate/Glints2/dict_0004_0081" 8218
"../../../Engine/Content/EngineMaterials/Substrate/Glints2/dict_0004_0084.uasset" 8219
"/Engine/EngineMaterials/Substrate/Glints2/dict_0004_0084" 8220
"../../../Engine/Content/EngineMaterials/Substrate/Glints2/dict_0004_0120.uasset" 8221
"../../../Engine/Content/EngineMaterials/Substrate/Glints2/dict_0004_0076.uasset" 8222
"../../../Engine/Content/EngineMaterials/Substrate/Glints2/dict_0004_0077.uasset" 8223
"../../../Engine/Content/EngineMaterials/Substrate/Glints2/dict_0004_0078.uasset" 8224
"../../../Engine/Content/EngineMaterials/Substrate/Glints2/dict_0004_0079.uasset" 8225
"../../../Engine/Content/EngineMaterials/Substrate/Glints2/dict_0004_0080.uasset" 8226
"../../../Engine/Content/EngineMaterials/Substrate/Glints2/dict_0004_0073.uasset" 8227
"../../../Engine/Content/EngineMaterials/Substrate/Glints2/dict_0004_0074.uasset" 8228
"../../../Engine/Content/EngineMaterials/Substrate/Glints2/dict_0004_0075.uasset" 8229
"/Engine/EngineMaterials/Substrate/Glints2/dict_0004_0120" 8230
"../../../Engine/Content/EngineMaterials/Substrate/Glints2/dict_0004_0072.uasset" 8231
"/Engine/EngineMaterials/Substrate/Glints2/dict_0004_0079" 8232
"/Engine/EngineMaterials/Substrate/Glints2/dict_0004_0073" 8233
"/Engine/EngineMaterials/Substrate/Glints2/dict_0004_0080" 8234
"../../../Engine/Content/EngineMaterials/Substrate/Glints2/dict_0004_0070.uasset" 8235
"/Engine/EngineMaterials/Substrate/Glints2/dict_0004_0078" 8236
"/Engine/EngineMaterials/Substrate/Glints2/dict_0004_0076" 8237
"../../../Engine/Content/EngineMaterials/Substrate/Glints2/dict_0004_0069.uasset" 8238
"/Engine/EngineMaterials/Substrate/Glints2/dict_0004_0077" 8239
"../../../Engine/Content/EngineMaterials/Substrate/Glints2/dict_0004_0068.uasset" 8240
"/Engine/EngineMaterials/Substrate/Glints2/dict_0004_0072" 8241
"/Engine/EngineMaterials/Substrate/Glints2/dict_0004_0074" 8242
"../../../Engine/Content/EngineMaterials/Substrate/Glints2/dict_0004_0071.uasset" 8243
"/Engine/EngineMaterials/Substrate/Glints2/dict_0004_0075" 8244
"/Engine/EngineMaterials/Substrate/Glints2/dict_0004_0068" 8245
"/Engine/EngineMaterials/Substrate/Glints2/dict_0004_0069" 8246
"../../../Engine/Content/EngineMaterials/Substrate/Glints2/dict_0004_0067.uasset" 8247
"/Engine/EngineMaterials/Substrate/Glints2/dict_0004_0070" 8248
"/Engine/EngineMaterials/Substrate/Glints2/dict_0004_0067" 8249
"/Engine/EngineMaterials/Substrate/Glints2/dict_0004_0071" 8250
"../../../Engine/Content/EngineMaterials/Substrate/Glints2/dict_0004_0063.uasset" 8251
"../../../Engine/Content/EngineMaterials/Substrate/Glints2/dict_0004_0064.uasset" 8252
"../../../Engine/Content/EngineMaterials/Substrate/Glints2/dict_0004_0062.uasset" 8253
"../../../Engine/Content/EngineMaterials/Substrate/Glints2/dict_0004_0061.uasset" 8254
"../../../Engine/Content/EngineMaterials/Substrate/Glints2/dict_0004_0066.uasset" 8255
"../../../Engine/Content/EngineMaterials/Substrate/Glints2/dict_0004_0065.uasset" 8256
"/Engine/EngineMaterials/Substrate/Glints2/dict_0004_0064" 8257
"../../../Engine/Content/EngineMaterials/Substrate/Glints2/dict_0004_0060.uasset" 8258
"/Engine/EngineMaterials/Substrate/Glints2/dict_0004_0065" 8259
"/Engine/EngineMaterials/Substrate/Glints2/dict_0004_0066" 8260
"/Engine/EngineMaterials/Substrate/Glints2/dict_0004_0061" 8261
"/Engine/EngineMaterials/Substrate/Glints2/dict_0004_0062" 8262
"/Engine/EngineMaterials/Substrate/Glints2/dict_0004_0063" 8263
"/Engine/EngineMaterials/Substrate/Glints2/dict_0004_0060" 8264
"../../../Engine/Content/EngineMaterials/Substrate/Glints2/dict_0004_0056.uasset" 8265
"../../../Engine/Content/EngineMaterials/Substrate/Glints2/dict_0004_0059.uasset" 8266
"../../../Engine/Content/EngineMaterials/Substrate/Glints2/dict_0004_0058.uasset" 8267
"../../../Engine/Content/EngineMaterials/Substrate/Glints2/dict_0004_0057.uasset" 8268
"../../../Engine/Content/EngineMaterials/Substrate/Glints2/dict_0004_0052.uasset" 8269
"../../../Engine/Content/EngineMaterials/Substrate/Glints2/dict_0004_0055.uasset" 8270
"../../../Engine/Content/EngineMaterials/Substrate/Glints2/dict_0004_0053.uasset" 8271
"/Engine/EngineMaterials/Substrate/Glints2/dict_0004_0052" 8272
"../../../Engine/Content/EngineMaterials/Substrate/Glints2/dict_0004_0054.uasset" 8273
"/Engine/EngineMaterials/Substrate/Glints2/dict_0004_0053" 8274
"/Engine/EngineMaterials/Substrate/Glints2/dict_0004_0057" 8275
"../../../Engine/Content/EngineMaterials/Substrate/Glints2/dict_0004_0049.uasset" 8276
"/Engine/EngineMaterials/Substrate/Glints2/dict_0004_0058" 8277
"../../../Engine/Content/EngineMaterials/Substrate/Glints2/dict_0004_0050.uasset" 8278
"../../../Engine/Content/EngineMaterials/Substrate/Glints2/dict_0004_0051.uasset" 8279
"/Engine/EngineMaterials/Substrate/Glints2/dict_0004_0059" 8280
"../../../Engine/Content/EngineMaterials/Substrate/Glints2/dict_0004_0048.uasset" 8281
"/Engine/EngineMaterials/Substrate/Glints2/dict_0004_0055" 8282
"/Engine/EngineMaterials/Substrate/Glints2/dict_0004_0056" 8283
"/Engine/EngineMaterials/Substrate/Glints2/dict_0004_0051" 8284
"/Engine/EngineMaterials/Substrate/Glints2/dict_0004_0054" 8285
"/Engine/EngineMaterials/Substrate/Glints2/dict_0004_0048" 8286
"/Engine/EngineMaterials/Substrate/Glints2/dict_0004_0050" 8287
"/Engine/EngineMaterials/Substrate/Glints2/dict_0004_0049" 8288
"../../../Engine/Content/EngineMaterials/Substrate/Glints2/dict_0004_0046.uasset" 8289
"../../../Engine/Content/EngineMaterials/Substrate/Glints2/dict_0004_0047.uasset" 8290
"../../../Engine/Content/EngineMaterials/Substrate/Glints2/dict_0004_0045.uasset" 8291
"/Engine/EngineMaterials/Substrate/Glints2/dict_0004_0046" 8292
"/Engine/EngineMaterials/Substrate/Glints2/dict_0004_0047" 8293
"/Engine/EngineMaterials/Substrate/Glints2/dict_0004_0045" 8294
"../../../Engine/Content/EngineMaterials/Substrate/Glints2/dict_0004_0042.uasset" 8295
"../../../Engine/Content/EngineMaterials/Substrate/Glints2/dict_0004_0043.uasset" 8296
"../../../Engine/Content/EngineMaterials/Substrate/Glints2/dict_0004_0044.uasset" 8297
"../../../Engine/Content/EngineMaterials/Substrate/Glints2/dict_0004_0039.uasset" 8298
"../../../Engine/Content/EngineMaterials/Substrate/Glints2/dict_0004_0041.uasset" 8299
"../../../Engine/Content/EngineMaterials/Substrate/Glints2/dict_0004_0038.uasset" 8300
"../../../Engine/Content/EngineMaterials/Substrate/Glints2/dict_0004_0040.uasset" 8301
"../../../Engine/Content/EngineMaterials/Substrate/Glints2/dict_0004_0037.uasset" 8302
"../../../Engine/Content/EngineMaterials/Substrate/Glints2/dict_0004_0036.uasset" 8303
"/Engine/EngineMaterials/Substrate/Glints2/dict_0004_0043" 8304
"../../../Engine/Content/EngineMaterials/Substrate/Glints2/dict_0004_0034.uasset" 8305
"../../../Engine/Content/EngineMaterials/Substrate/Glints2/dict_0004_0035.uasset" 8306
"../../../Engine/Content/EngineMaterials/Substrate/Glints2/dict_0004_0033.uasset" 8307
"/Engine/EngineMaterials/Substrate/Glints2/dict_0004_0037" 8308
"/Engine/EngineMaterials/Substrate/Glints2/dict_0004_0044" 8309
"/Engine/EngineMaterials/Substrate/Glints2/dict_0004_0038" 8310
"../../../Engine/Content/EngineMaterials/Substrate/Glints2/dict_0004_0032.uasset" 8311
"../../../Engine/Content/EngineMaterials/Substrate/Glints2/dict_0004_0030.uasset" 8312
"/Engine/EngineMaterials/Substrate/Glints2/dict_0004_0039" 8313
"/Engine/EngineMaterials/Substrate/Glints2/dict_0004_0040" 8314
"/Engine/EngineMaterials/Substrate/Glints2/dict_0004_0041" 8315
"/Engine/EngineMaterials/Substrate/Glints2/dict_0004_0042" 8316
"/Engine/EngineMaterials/Substrate/Glints2/dict_0004_0036" 8317
"/Engine/EngineMaterials/Substrate/Glints2/dict_0004_0030" 8318
"/Engine/EngineMaterials/Substrate/Glints2/dict_0004_0035" 8319
"/Engine/EngineMaterials/Substrate/Glints2/dict_0004_0032" 8320
"/Engine/EngineMaterials/Substrate/Glints2/dict_0004_0033" 8321
"/Engine/EngineMaterials/Substrate/Glints2/dict_0004_0034" 8322
"../../../Engine/Content/EngineMaterials/Substrate/Glints2/dict_0004_0028.uasset" 8323
"../../../Engine/Content/EngineMaterials/Substrate/Glints2/dict_0004_0031.uasset" 8324
"../../../Engine/Content/EngineMaterials/Substrate/Glints2/dict_0004_0029.uasset" 8325
"../../../Engine/Content/EngineMaterials/Substrate/Glints2/dict_0004_0027.uasset" 8326
"../../../Engine/Content/EngineMaterials/Substrate/Glints2/dict_0004_0022.uasset" 8327
"../../../Engine/Content/EngineMaterials/Substrate/Glints2/dict_0004_0026.uasset" 8328
"../../../Engine/Content/EngineMaterials/Substrate/Glints2/dict_0004_0025.uasset" 8329
"../../../Engine/Content/EngineMaterials/Substrate/Glints2/dict_0004_0023.uasset" 8330
"../../../Engine/Content/EngineMaterials/Substrate/Glints2/dict_0004_0019.uasset" 8331
"/Engine/EngineMaterials/Substrate/Glints2/dict_0004_0022" 8332
"../../../Engine/Content/EngineMaterials/Substrate/Glints2/dict_0004_0018.uasset" 8333
"../../../Engine/Content/EngineMaterials/Substrate/Glints2/dict_0004_0024.uasset" 8334
"../../../Engine/Content/EngineMaterials/Substrate/Glints2/dict_0004_0016.uasset" 8335
"../../../Engine/Content/EngineMaterials/Substrate/Glints2/dict_0004_0021.uasset" 8336
"../../../Engine/Content/EngineMaterials/Substrate/Glints2/dict_0004_0020.uasset" 8337
"/Engine/EngineMaterials/Substrate/Glints2/dict_0004_0029" 8338
"/Engine/EngineMaterials/Substrate/Glints2/dict_0004_0031" 8339
"../../../Engine/Content/EngineMaterials/Substrate/Glints2/dict_0004_0017.uasset" 8340
"/Engine/EngineMaterials/Substrate/Glints2/dict_0004_0023" 8341
"/Engine/EngineMaterials/Substrate/Glints2/dict_0004_0025" 8342
"/Engine/EngineMaterials/Substrate/Glints2/dict_0004_0026" 8343
"/Engine/EngineMaterials/Substrate/Glints2/dict_0004_0028" 8344
"/Engine/EngineMaterials/Substrate/Glints2/dict_0004_0027" 8345
"/Engine/EngineMaterials/Substrate/Glints2/dict_0004_0021" 8346
"/Engine/EngineMaterials/Substrate/Glints2/dict_0004_0016" 8347
"/Engine/EngineMaterials/Substrate/Glints2/dict_0004_0017" 8348
"../../../Engine/Content/EngineMaterials/Substrate/Glints2/dict_0004_0015.uasset" 8349
"/Engine/EngineMaterials/Substrate/Glints2/dict_0004_0024" 8350
"/Engine/EngineMaterials/Substrate/Glints2/dict_0004_0018" 8351
"/Engine/EngineMaterials/Substrate/Glints2/dict_0004_0019" 8352
"/Engine/EngineMaterials/Substrate/Glints2/dict_0004_0020" 8353
"/Engine/EngineMaterials/Substrate/Glints2/dict_0004_0015" 8354
"../../../Engine/Content/EngineMaterials/Substrate/Glints2/dict_0004_0014.uasset" 8355
"../../../Engine/Content/EngineMaterials/Substrate/Glints2/dict_0004_0011.uasset" 8356
"../../../Engine/Content/EngineMaterials/Substrate/Glints2/dict_0004_0013.uasset" 8357
"../../../Engine/Content/EngineMaterials/Substrate/Glints2/dict_0004_0009.uasset" 8358
"../../../Engine/Content/EngineMaterials/Substrate/Glints2/dict_0004_0010.uasset" 8359
"../../../Engine/Content/EngineMaterials/Substrate/Glints2/dict_0004_0007.uasset" 8360
"../../../Engine/Content/EngineMaterials/Substrate/Glints2/dict_0004_0008.uasset" 8361
"../../../Engine/Content/EngineMaterials/Substrate/Glints2/dict_0004_0012.uasset" 8362
"../../../Engine/Content/EngineMaterials/Substrate/Glints2/dict_0004_0006.uasset" 8363
"/Engine/EngineMaterials/Substrate/Glints2/dict_0004_0006" 8364
"/Engine/EngineMaterials/Substrate/Glints2/dict_0004_0013" 8365
"../../../Engine/Content/EngineMaterials/Substrate/Glints2/dict_0004_0005.uasset" 8366
"/Engine/EngineMaterials/Substrate/Glints2/dict_0004_0007" 8367
"/Engine/EngineMaterials/Substrate/Glints2/dict_0004_0014" 8368
"/Engine/EngineMaterials/Substrate/Glints2/dict_0004_0008" 8369
"/Engine/EngineMaterials/Substrate/Glints2/dict_0004_0009" 8370
"/Engine/EngineMaterials/Substrate/Glints2/dict_0004_0010" 8371
"/Engine/EngineMaterials/Substrate/Glints2/dict_0004_0011" 8372
"/Engine/EngineMaterials/Substrate/Glints2/dict_0004_0012" 8373
"/Engine/EngineMaterials/Substrate/Glints2/dict_0004_0005" 8374
"../../../Engine/Content/EngineMaterials/Substrate/Glints2/dict_0004_0002.uasset" 8375
"../../../Engine/Content/EngineMaterials/Substrate/Glints2/dict_0004_0001.uasset" 8376
"../../../Engine/Content/EngineMaterials/Substrate/Glints2/dict_0004_0004.uasset" 8377
"../../../Engine/Content/EngineMaterials/Substrate/Glints2/dict_0004_0003.uasset" 8378
"../../../Engine/Content/EngineMaterials/Substrate/Glints2/dict_0004_0000.uasset" 8379
"../../../Engine/Content/EngineMaterials/Substrate/Glints2/dict_0003_0252.uasset" 8380
"../../../Engine/Content/EngineMaterials/Substrate/Glints2/dict_0003_0254.uasset" 8381
"/Engine/EngineMaterials/Substrate/Glints2/dict_0004_0004" 8382
"../../../Engine/Content/EngineMaterials/Substrate/Glints2/dict_0003_0255.uasset" 8383
"../../../Engine/Content/EngineMaterials/Substrate/Glints2/dict_0003_0248.uasset" 8384
"/Engine/EngineMaterials/Substrate/Glints2/dict_0003_0252" 8385
"/Engine/EngineMaterials/Substrate/Glints2/dict_0004_0000" 8386
"/Engine/EngineMaterials/Substrate/Glints2/dict_0004_0001" 8387
"../../../Engine/Content/EngineMaterials/Substrate/Glints2/dict_0003_0250.uasset" 8388
"/Engine/EngineMaterials/Substrate/Glints2/dict_0003_0254" 8389
"../../../Engine/Content/EngineMaterials/Substrate/Glints2/dict_0003_0247.uasset" 8390
"../../../Engine/Content/EngineMaterials/Substrate/Glints2/dict_0003_0253.uasset" 8391
"../../../Engine/Content/EngineMaterials/Substrate/Glints2/dict_0003_0251.uasset" 8392
"/Engine/EngineMaterials/Substrate/Glints2/dict_0004_0002" 8393
"/Engine/EngineMaterials/Substrate/Glints2/dict_0004_0003" 8394
"/Engine/EngineMaterials/Substrate/Glints2/dict_0003_0247" 8395
"/Engine/EngineMaterials/Substrate/Glints2/dict_0003_0248" 8396
"/Engine/EngineMaterials/Substrate/Glints2/dict_0003_0255" 8397
"../../../Engine/Content/EngineMaterials/Substrate/Glints2/dict_0003_0245.uasset" 8398
"/Engine/EngineMaterials/Substrate/Glints2/dict_0003_0250" 8399
"/Engine/EngineMaterials/Substrate/Glints2/dict_0003_0251" 8400
"../../../Engine/Content/EngineMaterials/Substrate/Glints2/dict_0003_0246.uasset" 8401
"/Engine/EngineMaterials/Substrate/Glints2/dict_0003_0253" 8402
"/Engine/EngineMaterials/Substrate/Glints2/dict_0003_0245" 8403
"/Engine/EngineMaterials/Substrate/Glints2/dict_0003_0246" 8404
"../../../Engine/Content/EngineMaterials/Substrate/Glints2/dict_0003_0239.uasset" 8405
"../../../Engine/Content/EngineMaterials/Substrate/Glints2/dict_0003_0242.uasset" 8406
"../../../Engine/Content/EngineMaterials/Substrate/Glints2/dict_0003_0241.uasset" 8407
"../../../Engine/Content/EngineMaterials/Substrate/Glints2/dict_0003_0243.uasset" 8408
"../../../Engine/Content/EngineMaterials/Substrate/Glints2/dict_0003_0240.uasset" 8409
"../../../Engine/Content/EngineMaterials/Substrate/Glints2/dict_0003_0238.uasset" 8410
"../../../Engine/Content/EngineMaterials/Substrate/Glints2/dict_0003_0237.uasset" 8411
"../../../Engine/Content/EngineMaterials/Substrate/Glints2/dict_0003_0244.uasset" 8412
"../../../Engine/Content/EngineMaterials/Substrate/Glints2/dict_0003_0236.uasset" 8413
"/Engine/EngineMaterials/Substrate/Glints2/dict_0003_0240" 8414
"/Engine/EngineMaterials/Substrate/Glints2/dict_0003_0239" 8415
"../../../Engine/Content/EngineMaterials/Substrate/Glints2/dict_0003_0232.uasset" 8416
"/Engine/EngineMaterials/Substrate/Glints2/dict_0003_0241" 8417
"../../../Engine/Content/EngineMaterials/Substrate/Glints2/dict_0003_0235.uasset" 8418
"../../../Engine/Content/EngineMaterials/Substrate/Glints2/dict_0003_0229.uasset" 8419
"/Engine/EngineMaterials/Substrate/Glints2/dict_0003_0242" 8420
"../../../Engine/Content/EngineMaterials/Substrate/Glints2/dict_0003_0234.uasset" 8421
"../../../Engine/Content/EngineMaterials/Substrate/Glints2/dict_0003_0233.uasset" 8422
"/Engine/EngineMaterials/Substrate/Glints2/dict_0003_0243" 8423
"/Engine/EngineMaterials/Substrate/Glints2/dict_0003_0237" 8424
"/Engine/EngineMaterials/Substrate/Glints2/dict_0003_0238" 8425
"/Engine/EngineMaterials/Substrate/Glints2/dict_0003_0244" 8426
"/Engine/EngineMaterials/Substrate/Glints2/dict_0003_0229" 8427
"/Engine/EngineMaterials/Substrate/Glints2/dict_0003_0232" 8428
"/Engine/EngineMaterials/Substrate/Glints2/dict_0003_0233" 8429
"/Engine/EngineMaterials/Substrate/Glints2/dict_0003_0234" 8430
"/Engine/EngineMaterials/Substrate/Glints2/dict_0003_0235" 8431
"/Engine/EngineMaterials/Substrate/Glints2/dict_0003_0236" 8432
"../../../Engine/Content/EngineMaterials/Substrate/Glints2/dict_0003_0230.uasset" 8433
"/Engine/EngineMaterials/Substrate/Glints2/dict_0003_0230" 8434
"../../../Engine/Content/EngineMaterials/Substrate/Glints2/dict_0003_0231.uasset" 8435
"/Engine/EngineMaterials/Substrate/Glints2/dict_0003_0231" 8436
"../../../Engine/Content/EngineMaterials/Substrate/Glints2/dict_0003_0228.uasset" 8437
"../../../Engine/Content/EngineMaterials/Substrate/Glints2/dict_0003_0226.uasset" 8438
"../../../Engine/Content/EngineMaterials/Substrate/Glints2/dict_0003_0227.uasset" 8439
"../../../Engine/Content/EngineMaterials/Substrate/Glints2/dict_0003_0225.uasset" 8440
"../../../Engine/Content/EngineMaterials/Substrate/Glints2/dict_0003_0224.uasset" 8441
"../../../Engine/Content/EngineMaterials/Substrate/Glints2/dict_0003_0222.uasset" 8442
"../../../Engine/Content/EngineMaterials/Substrate/Glints2/dict_0003_0220.uasset" 8443
"../../../Engine/Content/EngineMaterials/Substrate/Glints2/dict_0003_0223.uasset" 8444
"/Engine/EngineMaterials/Substrate/Glints2/dict_0003_0222" 8445
"/Engine/EngineMaterials/Substrate/Glints2/dict_0003_0220" 8446
"/Engine/EngineMaterials/Substrate/Glints2/dict_0003_0224" 8447
"/Engine/EngineMaterials/Substrate/Glints2/dict_0003_0225" 8448
"/Engine/EngineMaterials/Substrate/Glints2/dict_0003_0226" 8449
"/Engine/EngineMaterials/Substrate/Glints2/dict_0003_0227" 8450
"/Engine/EngineMaterials/Substrate/Glints2/dict_0003_0228" 8451
"../../../Engine/Content/EngineMaterials/Substrate/Glints2/dict_0003_0221.uasset" 8452
"/Engine/EngineMaterials/Substrate/Glints2/dict_0003_0223" 8453
"/Engine/EngineMaterials/Substrate/Glints2/dict_0003_0221" 8454
"../../../Engine/Content/EngineMaterials/Substrate/Glints2/dict_0003_0218.uasset" 8455
"../../../Engine/Content/EngineMaterials/Substrate/Glints2/dict_0003_0217.uasset" 8456
"../../../Engine/Content/EngineMaterials/Substrate/Glints2/dict_0003_0219.uasset" 8457
"../../../Engine/Content/EngineMaterials/Substrate/Glints2/dict_0003_0216.uasset" 8458
"../../../Engine/Content/EngineMaterials/Substrate/Glints2/dict_0003_0214.uasset" 8459
"../../../Engine/Content/EngineMaterials/Substrate/Glints2/dict_0003_0215.uasset" 8460
"../../../Engine/Content/EngineMaterials/Substrate/Glints2/dict_0003_0210.uasset" 8461
"../../../Engine/Content/EngineMaterials/Substrate/Glints2/dict_0003_0212.uasset" 8462
"../../../Engine/Content/EngineMaterials/Substrate/Glints2/dict_0003_0208.uasset" 8463
"/Engine/EngineMaterials/Substrate/Glints2/dict_0003_0216" 8464
"/Engine/EngineMaterials/Substrate/Glints2/dict_0003_0217" 8465
"../../../Engine/Content/EngineMaterials/Substrate/Glints2/dict_0003_0206.uasset" 8466
"../../../Engine/Content/EngineMaterials/Substrate/Glints2/dict_0003_0207.uasset" 8467
"../../../Engine/Content/EngineMaterials/Substrate/Glints2/dict_0003_0209.uasset" 8468
"/Engine/EngineMaterials/Substrate/Glints2/dict_0003_0218" 8469
"/Engine/EngineMaterials/Substrate/Glints2/dict_0003_0208" 8470
"../../../Engine/Content/EngineMaterials/Substrate/Glints2/dict_0003_0213.uasset" 8471
"../../../Engine/Content/EngineMaterials/Substrate/Glints2/dict_0003_0211.uasset" 8472
"/Engine/EngineMaterials/Substrate/Glints2/dict_0003_0219" 8473
"/Engine/EngineMaterials/Substrate/Glints2/dict_0003_0210" 8474
"/Engine/EngineMaterials/Substrate/Glints2/dict_0003_0212" 8475
"/Engine/EngineMaterials/Substrate/Glints2/dict_0003_0214" 8476
"/Engine/EngineMaterials/Substrate/Glints2/dict_0003_0215" 8477
"/Engine/EngineMaterials/Substrate/Glints2/dict_0003_0206" 8478
"/Engine/EngineMaterials/Substrate/Glints2/dict_0003_0207" 8479
"/Engine/EngineMaterials/Substrate/Glints2/dict_0003_0209" 8480
"/Engine/EngineMaterials/Substrate/Glints2/dict_0003_0211" 8481
"/Engine/EngineMaterials/Substrate/Glints2/dict_0003_0213" 8482
"../../../Engine/Content/EngineMaterials/Substrate/Glints2/dict_0003_0205.uasset" 8483
"../../../Engine/Content/EngineMaterials/Substrate/Glints2/dict_0003_0203.uasset" 8484
"../../../Engine/Content/EngineMaterials/Substrate/Glints2/dict_0003_0204.uasset" 8485
"../../../Engine/Content/EngineMaterials/Substrate/Glints2/dict_0003_0202.uasset" 8486
"../../../Engine/Content/EngineMaterials/Substrate/Glints2/dict_0003_0200.uasset" 8487
"../../../Engine/Content/EngineMaterials/Substrate/Glints2/dict_0003_0249.uasset" 8488
"../../../Engine/Content/EngineMaterials/Substrate/Glints2/dict_0003_0199.uasset" 8489
"/Engine/EngineMaterials/Substrate/Glints2/dict_0003_0200" 8490
"/Engine/EngineMaterials/Substrate/Glints2/dict_0003_0199" 8491
"/Engine/EngineMaterials/Substrate/Glints2/dict_0003_0202" 8492
"../../../Engine/Content/EngineMaterials/Substrate/Glints2/dict_0003_0197.uasset" 8493
"/Engine/EngineMaterials/Substrate/Glints2/dict_0003_0203" 8494
"/Engine/EngineMaterials/Substrate/Glints2/dict_0003_0249" 8495
"../../../Engine/Content/EngineMaterials/Substrate/Glints2/dict_0003_0196.uasset" 8496
"../../../Engine/Content/EngineMaterials/Substrate/Glints2/dict_0003_0198.uasset" 8497
"../../../Engine/Content/EngineMaterials/Substrate/Glints2/dict_0003_0195.uasset" 8498
"/Engine/EngineMaterials/Substrate/Glints2/dict_0003_0204" 8499
"../../../Engine/Content/EngineMaterials/Substrate/Glints2/dict_0003_0194.uasset" 8500
"/Engine/EngineMaterials/Substrate/Glints2/dict_0003_0205" 8501
"/Engine/EngineMaterials/Substrate/Glints2/dict_0003_0198" 8502
"/Engine/EngineMaterials/Substrate/Glints2/dict_0003_0194" 8503
"/Engine/EngineMaterials/Substrate/Glints2/dict_0003_0195" 8504
"/Engine/EngineMaterials/Substrate/Glints2/dict_0003_0196" 8505
"/Engine/EngineMaterials/Substrate/Glints2/dict_0003_0197" 8506
"../../../Engine/Content/EngineMaterials/Substrate/Glints2/dict_0003_0193.uasset" 8507
"../../../Engine/Content/EngineMaterials/Substrate/Glints2/dict_0003_0192.uasset" 8508
"../../../Engine/Content/EngineMaterials/Substrate/Glints2/dict_0003_0190.uasset" 8509
"../../../Engine/Content/EngineMaterials/Substrate/Glints2/dict_0003_0188.uasset" 8510
"../../../Engine/Content/EngineMaterials/Substrate/Glints2/dict_0003_0186.uasset" 8511
"../../../Engine/Content/EngineMaterials/Substrate/Glints2/dict_0003_0187.uasset" 8512
"../../../Engine/Content/EngineMaterials/Substrate/Glints2/dict_0003_0191.uasset" 8513
"/Engine/EngineMaterials/Substrate/Glints2/dict_0003_0191" 8514
"/Engine/EngineMaterials/Substrate/Glints2/dict_0003_0192" 8515
"../../../Engine/Content/EngineMaterials/Substrate/Glints2/dict_0003_0183.uasset" 8516
"../../../Engine/Content/EngineMaterials/Substrate/Glints2/dict_0003_0184.uasset" 8517
"/Engine/EngineMaterials/Substrate/Glints2/dict_0003_0190" 8518
"/Engine/EngineMaterials/Substrate/Glints2/dict_0003_0193" 8519
"../../../Engine/Content/EngineMaterials/Substrate/Glints2/dict_0003_0181.uasset" 8520
"/Engine/EngineMaterials/Substrate/Glints2/dict_0003_0186" 8521
"../../../Engine/Content/EngineMaterials/Substrate/Glints2/dict_0003_0185.uasset" 8522
"../../../Engine/Content/EngineMaterials/Substrate/Glints2/dict_0003_0189.uasset" 8523
"/Engine/EngineMaterials/Substrate/Glints2/dict_0003_0187" 8524
"/Engine/EngineMaterials/Substrate/Glints2/dict_0003_0188" 8525
"../../../Engine/Content/EngineMaterials/Substrate/Glints2/dict_0003_0180.uasset" 8526
"/Engine/EngineMaterials/Substrate/Glints2/dict_0003_0180" 8527
"../../../Engine/Content/EngineMaterials/Substrate/Glints2/dict_0003_0179.uasset" 8528
"/Engine/EngineMaterials/Substrate/Glints2/dict_0003_0181" 8529
"/Engine/EngineMaterials/Substrate/Glints2/dict_0003_0183" 8530
"/Engine/EngineMaterials/Substrate/Glints2/dict_0003_0184" 8531
"/Engine/EngineMaterials/Substrate/Glints2/dict_0003_0185" 8532
"../../../Engine/Content/EngineMaterials/Substrate/Glints2/dict_0003_0182.uasset" 8533
"../../../Engine/Content/EngineMaterials/Substrate/Glints2/dict_0003_0178.uasset" 8534
"/Engine/EngineMaterials/Substrate/Glints2/dict_0003_0189" 8535
"../../../Engine/Content/EngineMaterials/Substrate/Glints2/dict_0003_0177.uasset" 8536
"/Engine/EngineMaterials/Substrate/Glints2/dict_0003_0182" 8537
"/Engine/EngineMaterials/Substrate/Glints2/dict_0003_0177" 8538
"/Engine/EngineMaterials/Substrate/Glints2/dict_0003_0178" 8539
"../../../Engine/Content/EngineMaterials/Substrate/Glints2/dict_0003_0174.uasset" 8540
"/Engine/EngineMaterials/Substrate/Glints2/dict_0003_0179" 8541
"/Engine/EngineMaterials/Substrate/Glints2/dict_0003_0174" 8542
"../../../Engine/Content/EngineMaterials/Substrate/Glints2/dict_0003_0176.uasset" 8543
"../../../Engine/Content/EngineMaterials/Substrate/Glints2/dict_0003_0175.uasset" 8544
"../../../Engine/Content/EngineMaterials/Substrate/Glints2/dict_0003_0173.uasset" 8545
"/Engine/EngineMaterials/Substrate/Glints2/dict_0003_0175" 8546
"/Engine/EngineMaterials/Substrate/Glints2/dict_0003_0176" 8547
"/Engine/EngineMaterials/Substrate/Glints2/dict_0003_0173" 8548
"../../../Engine/Content/EngineMaterials/Substrate/Glints2/dict_0003_0170.uasset" 8549
"../../../Engine/Content/EngineMaterials/Substrate/Glints2/dict_0003_0169.uasset" 8550
"../../../Engine/Content/EngineMaterials/Substrate/Glints2/dict_0003_0168.uasset" 8551
"../../../Engine/Content/EngineMaterials/Substrate/Glints2/dict_0003_0167.uasset" 8552
"../../../Engine/Content/EngineMaterials/Substrate/Glints2/dict_0003_0171.uasset" 8553
"../../../Engine/Content/EngineMaterials/Substrate/Glints2/dict_0003_0172.uasset" 8554
"../../../Engine/Content/EngineMaterials/Substrate/Glints2/dict_0003_0164.uasset" 8555
"/Engine/EngineMaterials/Substrate/Glints2/dict_0003_0168" 8556
"../../../Engine/Content/EngineMaterials/Substrate/Glints2/dict_0003_0166.uasset" 8557
"/Engine/EngineMaterials/Substrate/Glints2/dict_0003_0169" 8558
"../../../Engine/Content/EngineMaterials/Substrate/Glints2/dict_0003_0165.uasset" 8559
"/Engine/EngineMaterials/Substrate/Glints2/dict_0003_0170" 8560
"/Engine/EngineMaterials/Substrate/Glints2/dict_0003_0171" 8561
"/Engine/EngineMaterials/Substrate/Glints2/dict_0003_0172" 8562
"../../../Engine/Content/EngineMaterials/Substrate/Glints2/dict_0003_0160.uasset" 8563
"../../../Engine/Content/EngineMaterials/Substrate/Glints2/dict_0003_0163.uasset" 8564
"../../../Engine/Content/EngineMaterials/Substrate/Glints2/dict_0003_0162.uasset" 8565
"/Engine/EngineMaterials/Substrate/Glints2/dict_0003_0164" 8566
"../../../Engine/Content/EngineMaterials/Substrate/Glints2/dict_0003_0161.uasset" 8567
"/Engine/EngineMaterials/Substrate/Glints2/dict_0003_0167" 8568
"/Engine/EngineMaterials/Substrate/Glints2/dict_0003_0163" 8569
"/Engine/EngineMaterials/Substrate/Glints2/dict_0003_0160" 8570
"/Engine/EngineMaterials/Substrate/Glints2/dict_0003_0165" 8571
"../../../Engine/Content/EngineMaterials/Substrate/Glints2/dict_0003_0158.uasset" 8572
"/Engine/EngineMaterials/Substrate/Glints2/dict_0003_0166" 8573
"../../../Engine/Content/EngineMaterials/Substrate/Glints2/dict_0003_0159.uasset" 8574
"/Engine/EngineMaterials/Substrate/Glints2/dict_0003_0161" 8575
"../../../Engine/Content/EngineMaterials/Substrate/Glints2/dict_0003_0157.uasset" 8576
"../../../Engine/Content/EngineMaterials/Substrate/Glints2/dict_0003_0152.uasset" 8577
"../../../Engine/Content/EngineMaterials/Substrate/Glints2/dict_0003_0154.uasset" 8578
"/Engine/EngineMaterials/Substrate/Glints2/dict_0003_0162" 8579
"/Engine/EngineMaterials/Substrate/Glints2/dict_0003_0152" 8580
"../../../Engine/Content/EngineMaterials/Substrate/Glints2/dict_0003_0201.uasset" 8581
"../../../Engine/Content/EngineMaterials/Substrate/Glints2/dict_0003_0156.uasset" 8582
"../../../Engine/Content/EngineMaterials/Substrate/Glints2/dict_0003_0155.uasset" 8583
"../../../Engine/Content/EngineMaterials/Substrate/Glints2/dict_0003_0153.uasset" 8584
"/Engine/EngineMaterials/Substrate/Glints2/dict_0003_0154" 8585
"/Engine/EngineMaterials/Substrate/Glints2/dict_0003_0157" 8586
"/Engine/EngineMaterials/Substrate/Glints2/dict_0003_0158" 8587
"../../../Engine/Content/EngineMaterials/Substrate/Glints2/dict_0003_0151.uasset" 8588
"../../../Engine/Content/EngineMaterials/Substrate/Glints2/dict_0003_0147.uasset" 8589
"/Engine/EngineMaterials/Substrate/Glints2/dict_0003_0159" 8590
"../../../Engine/Content/EngineMaterials/Substrate/Glints2/dict_0003_0149.uasset" 8591
"/Engine/EngineMaterials/Substrate/Glints2/dict_0003_0156" 8592
"/Engine/EngineMaterials/Substrate/Glints2/dict_0003_0151" 8593
"/Engine/EngineMaterials/Substrate/Glints2/dict_0003_0201" 8594
"/Engine/EngineMaterials/Substrate/Glints2/dict_0003_0147" 8595
"/Engine/EngineMaterials/Substrate/Glints2/dict_0003_0153" 8596
"/Engine/EngineMaterials/Substrate/Glints2/dict_0003_0155" 8597
"../../../Engine/Content/EngineMaterials/Substrate/Glints2/dict_0003_0148.uasset" 8598
"../../../Engine/Content/EngineMaterials/Substrate/Glints2/dict_0003_0150.uasset" 8599
"/Engine/EngineMaterials/Substrate/Glints2/dict_0003_0149" 8600
"/Engine/EngineMaterials/Substrate/Glints2/dict_0003_0148" 8601
"../../../Engine/Content/EngineMaterials/Substrate/Glints2/dict_0003_0146.uasset" 8602
"../../../Engine/Content/EngineMaterials/Substrate/Glints2/dict_0003_0142.uasset" 8603
"/Engine/EngineMaterials/Substrate/Glints2/dict_0003_0142" 8604
"../../../Engine/Content/EngineMaterials/Substrate/Glints2/dict_0003_0145.uasset" 8605
"../../../Engine/Content/EngineMaterials/Substrate/Glints2/dict_0003_0141.uasset" 8606
"/Engine/EngineMaterials/Substrate/Glints2/dict_0003_0150" 8607
"../../../Engine/Content/EngineMaterials/Substrate/Glints2/dict_0003_0140.uasset" 8608
"/Engine/EngineMaterials/Substrate/Glints2/dict_0003_0146" 8609
"../../../Engine/Content/EngineMaterials/Substrate/Glints2/dict_0003_0143.uasset" 8610
"/Engine/EngineMaterials/Substrate/Glints2/dict_0003_0143" 8611
"../../../Engine/Content/EngineMaterials/Substrate/Glints2/dict_0003_0144.uasset" 8612
"../../../Engine/Content/EngineMaterials/Substrate/Glints2/dict_0003_0139.uasset" 8613
"/Engine/EngineMaterials/Substrate/Glints2/dict_0003_0140" 8614
"/Engine/EngineMaterials/Substrate/Glints2/dict_0003_0145" 8615
"/Engine/EngineMaterials/Substrate/Glints2/dict_0003_0141" 8616
"/Engine/EngineMaterials/Substrate/Glints2/dict_0003_0139" 8617
"/Engine/EngineMaterials/Substrate/Glints2/dict_0003_0144" 8618
"../../../Engine/Content/EngineMaterials/Substrate/Glints2/dict_0003_0136.uasset" 8619
"../../../Engine/Content/EngineMaterials/Substrate/Glints2/dict_0003_0138.uasset" 8620
"../../../Engine/Content/EngineMaterials/Substrate/Glints2/dict_0003_0135.uasset" 8621
"../../../Engine/Content/EngineMaterials/Substrate/Glints2/dict_0003_0137.uasset" 8622
"../../../Engine/Content/EngineMaterials/Substrate/Glints2/dict_0003_0132.uasset" 8623
"../../../Engine/Content/EngineMaterials/Substrate/Glints2/dict_0003_0131.uasset" 8624
"/Engine/EngineMaterials/Substrate/Glints2/dict_0003_0135" 8625
"../../../Engine/Content/EngineMaterials/Substrate/Glints2/dict_0003_0134.uasset" 8626
"/Engine/EngineMaterials/Substrate/Glints2/dict_0003_0136" 8627
"/Engine/EngineMaterials/Substrate/Glints2/dict_0003_0137" 8628
"/Engine/EngineMaterials/Substrate/Glints2/dict_0003_0138" 8629
"/Engine/EngineMaterials/Substrate/Glints2/dict_0003_0132" 8630
"/Engine/EngineMaterials/Substrate/Glints2/dict_0003_0131" 8631
"/Engine/EngineMaterials/Substrate/Glints2/dict_0003_0134" 8632
"../../../Engine/Content/EngineMaterials/Substrate/Glints2/dict_0003_0130.uasset" 8633
"../../../Engine/Content/EngineMaterials/Substrate/Glints2/dict_0003_0128.uasset" 8634
"../../../Engine/Content/EngineMaterials/Substrate/Glints2/dict_0003_0129.uasset" 8635
"../../../Engine/Content/EngineMaterials/Substrate/Glints2/dict_0003_0133.uasset" 8636
"../../../Engine/Content/EngineMaterials/Substrate/Glints2/dict_0003_0127.uasset" 8637
"../../../Engine/Content/EngineMaterials/Substrate/Glints2/dict_0003_0124.uasset" 8638
"../../../Engine/Content/EngineMaterials/Substrate/Glints2/dict_0003_0125.uasset" 8639
"../../../Engine/Content/EngineMaterials/Substrate/Glints2/dict_0003_0126.uasset" 8640
"../../../Engine/Content/EngineMaterials/Substrate/Glints2/dict_0003_0123.uasset" 8641
"/Engine/EngineMaterials/Substrate/Glints2/dict_0003_0129" 8642
"/Engine/EngineMaterials/Substrate/Glints2/dict_0003_0124" 8643
"/Engine/EngineMaterials/Substrate/Glints2/dict_0003_0125" 8644
"../../../Engine/Content/EngineMaterials/Substrate/Glints2/dict_0003_0117.uasset" 8645
"../../../Engine/Content/EngineMaterials/Substrate/Glints2/dict_0003_0114.uasset" 8646
"/Engine/EngineMaterials/Substrate/Glints2/dict_0003_0126" 8647
"/Engine/EngineMaterials/Substrate/Glints2/dict_0003_0127" 8648
"../../../Engine/Content/EngineMaterials/Substrate/Glints2/dict_0003_0116.uasset" 8649
"/Engine/EngineMaterials/Substrate/Glints2/dict_0003_0128" 8650
"../../../Engine/Content/EngineMaterials/Substrate/Glints2/dict_0003_0118.uasset" 8651
"/Engine/EngineMaterials/Substrate/Glints2/dict_0003_0130" 8652
"../../../Engine/Content/EngineMaterials/Substrate/Glints2/dict_0003_0122.uasset" 8653
"/Engine/EngineMaterials/Substrate/Glints2/dict_0003_0123" 8654
"/Engine/EngineMaterials/Substrate/Glints2/dict_0003_0133" 8655
"/Engine/EngineMaterials/Substrate/Glints2/dict_0003_0114" 8656
"../../../Engine/Content/EngineMaterials/Substrate/Glints2/dict_0003_0120.uasset" 8657
"../../../Engine/Content/EngineMaterials/Substrate/Glints2/dict_0003_0115.uasset" 8658
"/Engine/EngineMaterials/Substrate/Glints2/dict_0003_0117" 8659
"../../../Engine/Content/EngineMaterials/Substrate/Glints2/dict_0003_0121.uasset" 8660
"../../../Engine/Content/EngineMaterials/Substrate/Glints2/dict_0003_0119.uasset" 8661
"/Engine/EngineMaterials/Substrate/Glints2/dict_0003_0118" 8662
"/Engine/EngineMaterials/Substrate/Glints2/dict_0003_0122" 8663
"/Engine/EngineMaterials/Substrate/Glints2/dict_0003_0116" 8664
"/Engine/EngineMaterials/Substrate/Glints2/dict_0003_0115" 8665
"/Engine/EngineMaterials/Substrate/Glints2/dict_0003_0119" 8666
"/Engine/EngineMaterials/Substrate/Glints2/dict_0003_0120" 8667
"../../../Engine/Content/EngineMaterials/Substrate/Glints2/dict_0003_0111.uasset" 8668
"../../../Engine/Content/EngineMaterials/Substrate/Glints2/dict_0003_0113.uasset" 8669
"../../../Engine/Content/EngineMaterials/Substrate/Glints2/dict_0003_0112.uasset" 8670
"../../../Engine/Content/EngineMaterials/Substrate/Glints2/dict_0003_0108.uasset" 8671
"../../../Engine/Content/EngineMaterials/Substrate/Glints2/dict_0003_0110.uasset" 8672
"../../../Engine/Content/EngineMaterials/Substrate/Glints2/dict_0003_0109.uasset" 8673
"/Engine/EngineMaterials/Substrate/Glints2/dict_0003_0113" 8674
"/Engine/EngineMaterials/Substrate/Glints2/dict_0003_0109" 8675
"../../../Engine/Content/EngineMaterials/Substrate/Glints2/dict_0003_0105.uasset" 8676
"../../../Engine/Content/EngineMaterials/Substrate/Glints2/dict_0003_0103.uasset" 8677
"/Engine/EngineMaterials/Substrate/Glints2/dict_0003_0108" 8678
"../../../Engine/Content/EngineMaterials/Substrate/Glints2/dict_0003_0104.uasset" 8679
"/Engine/EngineMaterials/Substrate/Glints2/dict_0003_0110" 8680
"/Engine/EngineMaterials/Substrate/Glints2/dict_0003_0111" 8681
"../../../Engine/Content/EngineMaterials/Substrate/Glints2/dict_0003_0107.uasset" 8682
"/Engine/EngineMaterials/Substrate/Glints2/dict_0003_0112" 8683
"../../../Engine/Content/EngineMaterials/Substrate/Glints2/dict_0003_0106.uasset" 8684
"/Engine/EngineMaterials/Substrate/Glints2/dict_0003_0103" 8685
"/Engine/EngineMaterials/Substrate/Glints2/dict_0003_0104" 8686
"/Engine/EngineMaterials/Substrate/Glints2/dict_0003_0105" 8687
"/Engine/EngineMaterials/Substrate/Glints2/dict_0003_0107" 8688
"/Engine/EngineMaterials/Substrate/Glints2/dict_0003_0106" 8689
"../../../Engine/Content/EngineMaterials/Substrate/Glints2/dict_0003_0102.uasset" 8690
"../../../Engine/Content/EngineMaterials/Substrate/Glints2/dict_0003_0101.uasset" 8691
"../../../Engine/Content/EngineMaterials/Substrate/Glints2/dict_0003_0098.uasset" 8692
"../../../Engine/Content/EngineMaterials/Substrate/Glints2/dict_0003_0097.uasset" 8693
"../../../Engine/Content/EngineMaterials/Substrate/Glints2/dict_0003_0100.uasset" 8694
"../../../Engine/Content/EngineMaterials/Substrate/Glints2/dict_0003_0099.uasset" 8695
"../../../Engine/Content/EngineMaterials/Substrate/Glints2/dict_0003_0095.uasset" 8696
"../../../Engine/Content/EngineMaterials/Substrate/Glints2/dict_0003_0096.uasset" 8697
"/Engine/EngineMaterials/Substrate/Glints2/dict_0003_0102" 8698
"/Engine/EngineMaterials/Substrate/Glints2/dict_0003_0121" 8699
"/Engine/EngineMaterials/Substrate/Glints2/dict_0003_0095" 8700
"/Engine/EngineMaterials/Substrate/Glints2/dict_0003_0097" 8701
"/Engine/EngineMaterials/Substrate/Glints2/dict_0003_0098" 8702
"/Engine/EngineMaterials/Substrate/Glints2/dict_0003_0100" 8703
"../../../Engine/Content/EngineMaterials/Substrate/Glints2/dict_0003_0093.uasset" 8704
"/Engine/EngineMaterials/Substrate/Glints2/dict_0003_0099" 8705
"/Engine/EngineMaterials/Substrate/Glints2/dict_0003_0101" 8706
"/Engine/EngineMaterials/Substrate/Glints2/dict_0003_0093" 8707
"../../../Engine/Content/EngineMaterials/Substrate/Glints2/dict_0003_0092.uasset" 8708
"/Engine/EngineMaterials/Substrate/Glints2/dict_0003_0096" 8709
"../../../Engine/Content/EngineMaterials/Substrate/Glints2/dict_0003_0089.uasset" 8710
"/Engine/EngineMaterials/Substrate/Glints2/dict_0003_0092" 8711
"/Engine/EngineMaterials/Substrate/Glints2/dict_0003_0089" 8712
"../../../Engine/Content/EngineMaterials/Substrate/Glints2/dict_0003_0090.uasset" 8713
"../../../Engine/Content/EngineMaterials/Substrate/Glints2/dict_0003_0091.uasset" 8714
"../../../Engine/Content/EngineMaterials/Substrate/Glints2/dict_0003_0088.uasset" 8715
"../../../Engine/Content/EngineMaterials/Substrate/Glints2/dict_0003_0085.uasset" 8716
"../../../Engine/Content/EngineMaterials/Substrate/Glints2/dict_0003_0087.uasset" 8717
"../../../Engine/Content/EngineMaterials/Substrate/Glints2/dict_0003_0084.uasset" 8718
"../../../Engine/Content/EngineMaterials/Substrate/Glints2/dict_0003_0086.uasset" 8719
"../../../Engine/Content/EngineMaterials/Substrate/Glints2/dict_0003_0083.uasset" 8720
"/Engine/EngineMaterials/Substrate/Glints2/dict_0003_0086" 8721
"../../../Engine/Content/EngineMaterials/Substrate/Glints2/dict_0003_0081.uasset" 8722
"/Engine/EngineMaterials/Substrate/Glints2/dict_0003_0087" 8723
"/Engine/EngineMaterials/Substrate/Glints2/dict_0003_0088" 8724
"/Engine/EngineMaterials/Substrate/Glints2/dict_0003_0083" 8725
"../../../Engine/Content/EngineMaterials/Substrate/Glints2/dict_0003_0082.uasset" 8726
"/Engine/EngineMaterials/Substrate/Glints2/dict_0003_0091" 8727
"/Engine/EngineMaterials/Substrate/Glints2/dict_0003_0084" 8728
"/Engine/EngineMaterials/Substrate/Glints2/dict_0003_0085" 8729
"/Engine/EngineMaterials/Substrate/Glints2/dict_0003_0090" 8730
"../../../Engine/Content/EngineMaterials/Substrate/Glints2/dict_0003_0077.uasset" 8731
"/Engine/EngineMaterials/Substrate/Glints2/dict_0003_0081" 8732
"../../../Engine/Content/EngineMaterials/Substrate/Glints2/dict_0003_0079.uasset" 8733
"../../../Engine/Content/EngineMaterials/Substrate/Glints2/dict_0003_0076.uasset" 8734
"/Engine/EngineMaterials/Substrate/Glints2/dict_0003_0082" 8735
"../../../Engine/Content/EngineMaterials/Substrate/Glints2/dict_0003_0078.uasset" 8736
"/Engine/EngineMaterials/Substrate/Glints2/dict_0003_0077" 8737
"../../../Engine/Content/EngineMaterials/Substrate/Glints2/dict_0003_0080.uasset" 8738
"/Engine/EngineMaterials/Substrate/Glints2/dict_0003_0078" 8739
"/Engine/EngineMaterials/Substrate/Glints2/dict_0003_0079" 8740
"/Engine/EngineMaterials/Substrate/Glints2/dict_0003_0076" 8741
"/Engine/EngineMaterials/Substrate/Glints2/dict_0003_0080" 8742
"../../../Engine/Content/EngineMaterials/Substrate/Glints2/dict_0003_0074.uasset" 8743
"../../../Engine/Content/EngineMaterials/Substrate/Glints2/dict_0003_0068.uasset" 8744
"../../../Engine/Content/EngineMaterials/Substrate/Glints2/dict_0003_0073.uasset" 8745
"../../../Engine/Content/EngineMaterials/Substrate/Glints2/dict_0003_0070.uasset" 8746
"../../../Engine/Content/EngineMaterials/Substrate/Glints2/dict_0003_0072.uasset" 8747
"../../../Engine/Content/EngineMaterials/Substrate/Glints2/dict_0003_0075.uasset" 8748
"../../../Engine/Content/EngineMaterials/Substrate/Glints2/dict_0003_0094.uasset" 8749
"../../../Engine/Content/EngineMaterials/Substrate/Glints2/dict_0003_0069.uasset" 8750
"../../../Engine/Content/EngineMaterials/Substrate/Glints2/dict_0003_0071.uasset" 8751
"/Engine/EngineMaterials/Substrate/Glints2/dict_0003_0072" 8752
"../../../Engine/Content/EngineMaterials/Substrate/Glints2/dict_0003_0067.uasset" 8753
"/Engine/EngineMaterials/Substrate/Glints2/dict_0003_0073" 8754
"/Engine/EngineMaterials/Substrate/Glints2/dict_0003_0074" 8755
"/Engine/EngineMaterials/Substrate/Glints2/dict_0003_0075" 8756
"../../../Engine/Content/EngineMaterials/Substrate/Glints2/dict_0003_0065.uasset" 8757
"../../../Engine/Content/EngineMaterials/Substrate/Glints2/dict_0003_0063.uasset" 8758
"../../../Engine/Content/EngineMaterials/Substrate/Glints2/dict_0003_0066.uasset" 8759
"/Engine/EngineMaterials/Substrate/Glints2/dict_0003_0094" 8760
"/Engine/EngineMaterials/Substrate/Glints2/dict_0003_0068" 8761
"/Engine/EngineMaterials/Substrate/Glints2/dict_0003_0069" 8762
"/Engine/EngineMaterials/Substrate/Glints2/dict_0003_0070" 8763
"/Engine/EngineMaterials/Substrate/Glints2/dict_0003_0071" 8764
"/Engine/EngineMaterials/Substrate/Glints2/dict_0003_0065" 8765
"/Engine/EngineMaterials/Substrate/Glints2/dict_0003_0066" 8766
"/Engine/EngineMaterials/Substrate/Glints2/dict_0003_0063" 8767
"/Engine/EngineMaterials/Substrate/Glints2/dict_0003_0067" 8768
"../../../Engine/Content/EngineMaterials/Substrate/Glints2/dict_0003_0058.uasset" 8769
"../../../Engine/Content/EngineMaterials/Substrate/Glints2/dict_0003_0059.uasset" 8770
"../../../Engine/Content/EngineMaterials/Substrate/Glints2/dict_0003_0064.uasset" 8771
"../../../Engine/Content/EngineMaterials/Substrate/Glints2/dict_0003_0060.uasset" 8772
"../../../Engine/Content/EngineMaterials/Substrate/Glints2/dict_0003_0055.uasset" 8773
"../../../Engine/Content/EngineMaterials/Substrate/Glints2/dict_0003_0057.uasset" 8774
"../../../Engine/Content/EngineMaterials/Substrate/Glints2/dict_0003_0056.uasset" 8775
"../../../Engine/Content/EngineMaterials/Substrate/Glints2/dict_0003_0054.uasset" 8776
"/Engine/EngineMaterials/Substrate/Glints2/dict_0003_0054" 8777
"/Engine/EngineMaterials/Substrate/Glints2/dict_0003_0064" 8778
"../../../Engine/Content/EngineMaterials/Substrate/Glints2/dict_0003_0052.uasset" 8779
"../../../Engine/Content/EngineMaterials/Substrate/Glints2/dict_0003_0051.uasset" 8780
"../../../Engine/Content/EngineMaterials/Substrate/Glints2/dict_0003_0053.uasset" 8781
"/Engine/EngineMaterials/Substrate/Glints2/dict_0003_0055" 8782
"/Engine/EngineMaterials/Substrate/Glints2/dict_0003_0056" 8783
"../../../Engine/Content/EngineMaterials/Substrate/Glints2/dict_0003_0062.uasset" 8784
"/Engine/EngineMaterials/Substrate/Glints2/dict_0003_0057" 8785
"/Engine/EngineMaterials/Substrate/Glints2/dict_0003_0060" 8786
"/Engine/EngineMaterials/Substrate/Glints2/dict_0003_0058" 8787
"/Engine/EngineMaterials/Substrate/Glints2/dict_0003_0059" 8788
"/Engine/EngineMaterials/Substrate/Glints2/dict_0003_0052" 8789
"../../../Engine/Content/EngineMaterials/Substrate/Glints2/dict_0003_0049.uasset" 8790
"/Engine/EngineMaterials/Substrate/Glints2/dict_0003_0053" 8791
"../../../Engine/Content/EngineMaterials/Substrate/Glints2/dict_0003_0050.uasset" 8792
"/Engine/EngineMaterials/Substrate/Glints2/dict_0003_0062" 8793
"/Engine/EngineMaterials/Substrate/Glints2/dict_0003_0051" 8794
"../../../Engine/Content/EngineMaterials/Substrate/Glints2/dict_0003_0048.uasset" 8795
"/Engine/EngineMaterials/Substrate/Glints2/dict_0003_0048" 8796
"/Engine/EngineMaterials/Substrate/Glints2/dict_0003_0050" 8797
"/Engine/EngineMaterials/Substrate/Glints2/dict_0003_0049" 8798
"../../../Engine/Content/EngineMaterials/Substrate/Glints2/dict_0003_0044.uasset" 8799
"../../../Engine/Content/EngineMaterials/Substrate/Glints2/dict_0003_0047.uasset" 8800
"../../../Engine/Content/EngineMaterials/Substrate/Glints2/dict_0003_0046.uasset" 8801
"../../../Engine/Content/EngineMaterials/Substrate/Glints2/dict_0003_0043.uasset" 8802
"../../../Engine/Content/EngineMaterials/Substrate/Glints2/dict_0003_0045.uasset" 8803
"../../../Engine/Content/EngineMaterials/Substrate/Glints2/dict_0003_0040.uasset" 8804
"../../../Engine/Content/EngineMaterials/Substrate/Glints2/dict_0003_0041.uasset" 8805
"../../../Engine/Content/EngineMaterials/Substrate/Glints2/dict_0003_0042.uasset" 8806
"/Engine/EngineMaterials/Substrate/Glints2/dict_0003_0046" 8807
"/Engine/EngineMaterials/Substrate/Glints2/dict_0003_0047" 8808
"/Engine/EngineMaterials/Substrate/Glints2/dict_0003_0040" 8809
"/Engine/EngineMaterials/Substrate/Glints2/dict_0003_0045" 8810
"/Engine/EngineMaterials/Substrate/Glints2/dict_0003_0041" 8811
"/Engine/EngineMaterials/Substrate/Glints2/dict_0003_0042" 8812
"/Engine/EngineMaterials/Substrate/Glints2/dict_0003_0043" 8813
"/Engine/EngineMaterials/Substrate/Glints2/dict_0003_0044" 8814
"../../../Engine/Content/EngineMaterials/Substrate/Glints2/dict_0003_0038.uasset" 8815
"../../../Engine/Content/EngineMaterials/Substrate/Glints2/dict_0003_0037.uasset" 8816
"../../../Engine/Content/EngineMaterials/Substrate/Glints2/dict_0003_0036.uasset" 8817
"../../../Engine/Content/EngineMaterials/Substrate/Glints2/dict_0003_0034.uasset" 8818
"../../../Engine/Content/EngineMaterials/Substrate/Glints2/dict_0003_0061.uasset" 8819
"../../../Engine/Content/EngineMaterials/Substrate/Glints2/dict_0003_0032.uasset" 8820
"../../../Engine/Content/EngineMaterials/Substrate/Glints2/dict_0003_0039.uasset" 8821
"../../../Engine/Content/EngineMaterials/Substrate/Glints2/dict_0003_0033.uasset" 8822
"../../../Engine/Content/EngineMaterials/Substrate/Glints2/dict_0003_0035.uasset" 8823
"/Engine/EngineMaterials/Substrate/Glints2/dict_0003_0036" 8824
"../../../Engine/Content/EngineMaterials/Substrate/Glints2/dict_0003_0031.uasset" 8825
"../../../Engine/Content/EngineMaterials/Substrate/Glints2/dict_0003_0028.uasset" 8826
"../../../Engine/Content/EngineMaterials/Substrate/Glints2/dict_0003_0030.uasset" 8827
"/Engine/EngineMaterials/Substrate/Glints2/dict_0003_0037" 8828
"../../../Engine/Content/EngineMaterials/Substrate/Glints2/dict_0003_0024.uasset" 8829
"/Engine/EngineMaterials/Substrate/Glints2/dict_0003_0038" 8830
"/Engine/EngineMaterials/Substrate/Glints2/dict_0003_0039" 8831
"/Engine/EngineMaterials/Substrate/Glints2/dict_0003_0032" 8832
"../../../Engine/Content/EngineMaterials/Substrate/Glints2/dict_0003_0027.uasset" 8833
"../../../Engine/Content/EngineMaterials/Substrate/Glints2/dict_0003_0029.uasset" 8834
"/Engine/EngineMaterials/Substrate/Glints2/dict_0003_0033" 8835
"/Engine/EngineMaterials/Substrate/Glints2/dict_0003_0034" 8836
"/Engine/EngineMaterials/Substrate/Glints2/dict_0003_0061" 8837
"/Engine/EngineMaterials/Substrate/Glints2/dict_0003_0035" 8838
"/Engine/EngineMaterials/Substrate/Glints2/dict_0003_0024" 8839
"/Engine/EngineMaterials/Substrate/Glints2/dict_0003_0027" 8840
"/Engine/EngineMaterials/Substrate/Glints2/dict_0003_0028" 8841
"/Engine/EngineMaterials/Substrate/Glints2/dict_0003_0029" 8842
"../../../Engine/Content/EngineMaterials/Substrate/Glints2/dict_0003_0025.uasset" 8843
"/Engine/EngineMaterials/Substrate/Glints2/dict_0003_0030" 8844
"../../../Engine/Content/EngineMaterials/Substrate/Glints2/dict_0003_0026.uasset" 8845
"/Engine/EngineMaterials/Substrate/Glints2/dict_0003_0031" 8846
"/Engine/EngineMaterials/Substrate/Glints2/dict_0003_0025" 8847
"../../../Engine/Content/EngineMaterials/Substrate/Glints2/dict_0003_0021.uasset" 8848
"../../../Engine/Content/EngineMaterials/Substrate/Glints2/dict_0003_0019.uasset" 8849
"../../../Engine/Content/EngineMaterials/Substrate/Glints2/dict_0003_0020.uasset" 8850
"../../../Engine/Content/EngineMaterials/Substrate/Glints2/dict_0003_0017.uasset" 8851
"../../../Engine/Content/EngineMaterials/Substrate/Glints2/dict_0003_0023.uasset" 8852
"../../../Engine/Content/EngineMaterials/Substrate/Glints2/dict_0003_0018.uasset" 8853
"../../../Engine/Content/EngineMaterials/Substrate/Glints2/dict_0003_0022.uasset" 8854
"/Engine/EngineMaterials/Substrate/Glints2/dict_0003_0020" 8855
"../../../Engine/Content/EngineMaterials/Substrate/Glints2/dict_0003_0015.uasset" 8856
"../../../Engine/Content/EngineMaterials/Substrate/Glints2/dict_0003_0012.uasset" 8857
"../../../Engine/Content/EngineMaterials/Substrate/Glints2/dict_0003_0013.uasset" 8858
"/Engine/EngineMaterials/Substrate/Glints2/dict_0003_0021" 8859
"/Engine/EngineMaterials/Substrate/Glints2/dict_0003_0026" 8860
"/Engine/EngineMaterials/Substrate/Glints2/dict_0003_0022" 8861
"/Engine/EngineMaterials/Substrate/Glints2/dict_0003_0017" 8862
"../../../Engine/Content/EngineMaterials/Substrate/Glints2/dict_0003_0014.uasset" 8863
"../../../Engine/Content/EngineMaterials/Substrate/Glints2/dict_0003_0016.uasset" 8864
"../../../Engine/Content/EngineMaterials/Substrate/Glints2/dict_0003_0010.uasset" 8865
"/Engine/EngineMaterials/Substrate/Glints2/dict_0003_0018" 8866
"../../../Engine/Content/EngineMaterials/Substrate/Glints2/dict_0003_0009.uasset" 8867
"/Engine/EngineMaterials/Substrate/Glints2/dict_0003_0019" 8868
"/Engine/EngineMaterials/Substrate/Glints2/dict_0003_0023" 8869
"/Engine/EngineMaterials/Substrate/Glints2/dict_0003_0009" 8870
"/Engine/EngineMaterials/Substrate/Glints2/dict_0003_0010" 8871
"../../../Engine/Content/EngineMaterials/Substrate/Glints2/dict_0003_0011.uasset" 8872
"/Engine/EngineMaterials/Substrate/Glints2/dict_0003_0012" 8873
"/Engine/EngineMaterials/Substrate/Glints2/dict_0003_0013" 8874
"/Engine/EngineMaterials/Substrate/Glints2/dict_0003_0014" 8875
"/Engine/EngineMaterials/Substrate/Glints2/dict_0003_0015" 8876
"/Engine/EngineMaterials/Substrate/Glints2/dict_0003_0016" 8877
"/Engine/EngineMaterials/Substrate/Glints2/dict_0003_0011" 8878
"../../../Engine/Content/EngineMaterials/Substrate/Glints2/dict_0003_0004.uasset" 8879
"../../../Engine/Content/EngineMaterials/Substrate/Glints2/dict_0003_0005.uasset" 8880
"../../../Engine/Content/EngineMaterials/Substrate/Glints2/dict_0003_0008.uasset" 8881
"../../../Engine/Content/EngineMaterials/Substrate/Glints2/dict_0003_0006.uasset" 8882
"../../../Engine/Content/EngineMaterials/Substrate/Glints2/dict_0003_0007.uasset" 8883
"../../../Engine/Content/EngineMaterials/Substrate/Glints2/dict_0003_0001.uasset" 8884
"../../../Engine/Content/EngineMaterials/Substrate/Glints2/dict_0003_0003.uasset" 8885
"../../../Engine/Content/EngineMaterials/Substrate/Glints2/dict_0002_0255.uasset" 8886
"/Engine/EngineMaterials/Substrate/Glints2/dict_0003_0001" 8887
"../../../Engine/Content/EngineMaterials/Substrate/Glints2/dict_0002_0251.uasset" 8888
"../../../Engine/Content/EngineMaterials/Substrate/Glints2/dict_0003_0002.uasset" 8889
"/Engine/EngineMaterials/Substrate/Glints2/dict_0003_0003" 8890
"../../../Engine/Content/EngineMaterials/Substrate/Glints2/dict_0002_0253.uasset" 8891
"/Engine/EngineMaterials/Substrate/Glints2/dict_0003_0004" 8892
"../../../Engine/Content/EngineMaterials/Substrate/Glints2/dict_0002_0252.uasset" 8893
"/Engine/EngineMaterials/Substrate/Glints2/dict_0003_0005" 8894
"/Engine/EngineMaterials/Substrate/Glints2/dict_0003_0006" 8895
"/Engine/EngineMaterials/Substrate/Glints2/dict_0003_0007" 8896
"/Engine/EngineMaterials/Substrate/Glints2/dict_0002_0255" 8897
"/Engine/EngineMaterials/Substrate/Glints2/dict_0003_0008" 8898
"/Engine/EngineMaterials/Substrate/Glints2/dict_0002_0251" 8899
"/Engine/EngineMaterials/Substrate/Glints2/dict_0002_0252" 8900
"/Engine/EngineMaterials/Substrate/Glints2/dict_0003_0002" 8901
"/Engine/EngineMaterials/Substrate/Glints2/dict_0002_0253" 8902
"../../../Engine/Content/EngineMaterials/Substrate/Glints2/dict_0003_0000.uasset" 8903
"../../../Engine/Content/EngineMaterials/Substrate/Glints2/dict_0002_0254.uasset" 8904
"../../../Engine/Content/EngineMaterials/Substrate/Glints2/dict_0002_0250.uasset" 8905
"../../../Engine/Content/EngineMaterials/Substrate/Glints2/dict_0002_0248.uasset" 8906
"../../../Engine/Content/EngineMaterials/Substrate/Glints2/dict_0002_0247.uasset" 8907
"../../../Engine/Content/EngineMaterials/Substrate/Glints2/dict_0002_0249.uasset" 8908
"../../../Engine/Content/EngineMaterials/Substrate/Glints2/dict_0002_0245.uasset" 8909
"../../../Engine/Content/EngineMaterials/Substrate/Glints2/dict_0002_0244.uasset" 8910
"../../../Engine/Content/EngineMaterials/Substrate/Glints2/dict_0002_0246.uasset" 8911
"/Engine/EngineMaterials/Substrate/Glints2/dict_0002_0250" 8912
"../../../Engine/Content/EngineMaterials/Substrate/Glints2/dict_0002_0241.uasset" 8913
"/Engine/EngineMaterials/Substrate/Glints2/dict_0002_0249" 8914
"../../../Engine/Content/EngineMaterials/Substrate/Glints2/dict_0002_0240.uasset" 8915
"/Engine/EngineMaterials/Substrate/Glints2/dict_0003_0000" 8916
"/Engine/EngineMaterials/Substrate/Glints2/dict_0002_0254" 8917
"/Engine/EngineMaterials/Substrate/Glints2/dict_0002_0244" 8918
"/Engine/EngineMaterials/Substrate/Glints2/dict_0002_0245" 8919
"/Engine/EngineMaterials/Substrate/Glints2/dict_0002_0247" 8920
"/Engine/EngineMaterials/Substrate/Glints2/dict_0002_0248" 8921
"../../../Engine/Content/EngineMaterials/Substrate/Glints2/dict_0002_0243.uasset" 8922
"../../../Engine/Content/EngineMaterials/Substrate/Glints2/dict_0002_0242.uasset" 8923
"/Engine/EngineMaterials/Substrate/Glints2/dict_0002_0241" 8924
"/Engine/EngineMaterials/Substrate/Glints2/dict_0002_0242" 8925
"/Engine/EngineMaterials/Substrate/Glints2/dict_0002_0246" 8926
"/Engine/EngineMaterials/Substrate/Glints2/dict_0002_0240" 8927
"../../../Engine/Content/EngineMaterials/Substrate/Glints2/dict_0002_0238.uasset" 8928
"/Engine/EngineMaterials/Substrate/Glints2/dict_0002_0243" 8929
"/Engine/EngineMaterials/Substrate/Glints2/dict_0002_0238" 8930
"../../../Engine/Content/EngineMaterials/Substrate/Glints2/dict_0002_0236.uasset" 8931
"../../../Engine/Content/EngineMaterials/Substrate/Glints2/dict_0002_0239.uasset" 8932
"../../../Engine/Content/EngineMaterials/Substrate/Glints2/dict_0002_0237.uasset" 8933
"../../../Engine/Content/EngineMaterials/Substrate/Glints2/dict_0002_0233.uasset" 8934
"../../../Engine/Content/EngineMaterials/Substrate/Glints2/dict_0002_0231.uasset" 8935
"../../../Engine/Content/EngineMaterials/Substrate/Glints2/dict_0002_0230.uasset" 8936
"/Engine/EngineMaterials/Substrate/Glints2/dict_0002_0233" 8937
"../../../Engine/Content/EngineMaterials/Substrate/Glints2/dict_0002_0232.uasset" 8938
"/Engine/EngineMaterials/Substrate/Glints2/dict_0002_0230" 8939
"../../../Engine/Content/EngineMaterials/Substrate/Glints2/dict_0002_0227.uasset" 8940
"../../../Engine/Content/EngineMaterials/Substrate/Glints2/dict_0002_0235.uasset" 8941
"/Engine/EngineMaterials/Substrate/Glints2/dict_0002_0236" 8942
"/Engine/EngineMaterials/Substrate/Glints2/dict_0002_0231" 8943
"/Engine/EngineMaterials/Substrate/Glints2/dict_0002_0237" 8944
"/Engine/EngineMaterials/Substrate/Glints2/dict_0002_0239" 8945
"/Engine/EngineMaterials/Substrate/Glints2/dict_0002_0235" 8946
"../../../Engine/Content/EngineMaterials/Substrate/Glints2/dict_0002_0226.uasset" 8947
"../../../Engine/Content/EngineMaterials/Substrate/Glints2/dict_0002_0228.uasset" 8948
"/Engine/EngineMaterials/Substrate/Glints2/dict_0002_0227" 8949
"/Engine/EngineMaterials/Substrate/Glints2/dict_0002_0232" 8950
"../../../Engine/Content/EngineMaterials/Substrate/Glints2/dict_0002_0234.uasset" 8951
"../../../Engine/Content/EngineMaterials/Substrate/Glints2/dict_0002_0229.uasset" 8952
"/Engine/EngineMaterials/Substrate/Glints2/dict_0002_0234" 8953
"/Engine/EngineMaterials/Substrate/Glints2/dict_0002_0226" 8954
"/Engine/EngineMaterials/Substrate/Glints2/dict_0002_0228" 8955
"/Engine/EngineMaterials/Substrate/Glints2/dict_0002_0229" 8956
"../../../Engine/Content/EngineMaterials/Substrate/Glints2/dict_0002_0223.uasset" 8957
"../../../Engine/Content/EngineMaterials/Substrate/Glints2/dict_0002_0224.uasset" 8958
"/Engine/EngineMaterials/Substrate/Glints2/dict_0002_0223" 8959
"../../../Engine/Content/EngineMaterials/Substrate/Glints2/dict_0002_0222.uasset" 8960
"/Engine/EngineMaterials/Substrate/Glints2/dict_0002_0224" 8961
"/Engine/EngineMaterials/Substrate/Glints2/dict_0002_0222" 8962
"../../../Engine/Content/EngineMaterials/Substrate/Glints2/dict_0002_0220.uasset" 8963
"/Engine/EngineMaterials/Substrate/Glints2/dict_0002_0220" 8964
"../../../Engine/Content/EngineMaterials/Substrate/Glints2/dict_0002_0225.uasset" 8965
"../../../Engine/Content/EngineMaterials/Substrate/Glints2/dict_0002_0221.uasset" 8966
"../../../Engine/Content/EngineMaterials/Substrate/Glints2/dict_0002_0219.uasset" 8967
"../../../Engine/Content/EngineMaterials/Substrate/Glints2/dict_0002_0217.uasset" 8968
"../../../Engine/Content/EngineMaterials/Substrate/Glints2/dict_0002_0216.uasset" 8969
"../../../Engine/Content/EngineMaterials/Substrate/Glints2/dict_0002_0218.uasset" 8970
"../../../Engine/Content/EngineMaterials/Substrate/Glints2/dict_0002_0214.uasset" 8971
"../../../Engine/Content/EngineMaterials/Substrate/Glints2/dict_0002_0213.uasset" 8972
"../../../Engine/Content/EngineMaterials/Substrate/Glints2/dict_0002_0212.uasset" 8973
"../../../Engine/Content/EngineMaterials/Substrate/Glints2/dict_0002_0215.uasset" 8974
"/Engine/EngineMaterials/Substrate/Glints2/dict_0002_0213" 8975
"../../../Engine/Content/EngineMaterials/Substrate/Glints2/dict_0002_0211.uasset" 8976
"/Engine/EngineMaterials/Substrate/Glints2/dict_0002_0214" 8977
"../../../Engine/Content/EngineMaterials/Substrate/Glints2/dict_0002_0209.uasset" 8978
"../../../Engine/Content/EngineMaterials/Substrate/Glints2/dict_0002_0208.uasset" 8979
"/Engine/EngineMaterials/Substrate/Glints2/dict_0002_0221" 8980
"../../../Engine/Content/EngineMaterials/Substrate/Glints2/dict_0002_0204.uasset" 8981
"../../../Engine/Content/EngineMaterials/Substrate/Glints2/dict_0002_0206.uasset" 8982
"../../../Engine/Content/EngineMaterials/Substrate/Glints2/dict_0002_0210.uasset" 8983
"/Engine/EngineMaterials/Substrate/Glints2/dict_0002_0225" 8984
"../../../Engine/Content/EngineMaterials/Substrate/Glints2/dict_0002_0207.uasset" 8985
"/Engine/EngineMaterials/Substrate/Glints2/dict_0002_0216" 8986
"/Engine/EngineMaterials/Substrate/Glints2/dict_0002_0217" 8987
"../../../Engine/Content/EngineMaterials/Substrate/Glints2/dict_0002_0203.uasset" 8988
"/Engine/EngineMaterials/Substrate/Glints2/dict_0002_0218" 8989
"/Engine/EngineMaterials/Substrate/Glints2/dict_0002_0219" 8990
"/Engine/EngineMaterials/Substrate/Glints2/dict_0002_0212" 8991
"/Engine/EngineMaterials/Substrate/Glints2/dict_0002_0209" 8992
"/Engine/EngineMaterials/Substrate/Glints2/dict_0002_0210" 8993
"/Engine/EngineMaterials/Substrate/Glints2/dict_0002_0207" 8994
"/Engine/EngineMaterials/Substrate/Glints2/dict_0002_0215" 8995
"/Engine/EngineMaterials/Substrate/Glints2/dict_0002_0203" 8996
"/Engine/EngineMaterials/Substrate/Glints2/dict_0002_0211" 8997
"../../../Engine/Content/EngineMaterials/Substrate/Glints2/dict_0002_0201.uasset" 8998
"/Engine/EngineMaterials/Substrate/Glints2/dict_0002_0204" 8999
"../../../Engine/Content/EngineMaterials/Substrate/Glints2/dict_0002_0198.uasset" 9000
"/Engine/EngineMaterials/Substrate/Glints2/dict_0002_0208" 9001
"../../../Engine/Content/EngineMaterials/Substrate/Glints2/dict_0002_0200.uasset" 9002
"../../../Engine/Content/EngineMaterials/Substrate/Glints2/dict_0002_0202.uasset" 9003
"/Engine/EngineMaterials/Substrate/Glints2/dict_0002_0206" 9004
"../../../Engine/Content/EngineMaterials/Substrate/Glints2/dict_0002_0199.uasset" 9005
"/Engine/EngineMaterials/Substrate/Glints2/dict_0002_0198" 9006
"/Engine/EngineMaterials/Substrate/Glints2/dict_0002_0201" 9007
"../../../Engine/Content/EngineMaterials/Substrate/Glints2/dict_0002_0197.uasset" 9008
"/Engine/EngineMaterials/Substrate/Glints2/dict_0002_0202" 9009
"/Engine/EngineMaterials/Substrate/Glints2/dict_0002_0200" 9010
"/Engine/EngineMaterials/Substrate/Glints2/dict_0002_0199" 9011
"/Engine/EngineMaterials/Substrate/Glints2/dict_0002_0197" 9012
"../../../Engine/Content/EngineMaterials/Substrate/Glints2/dict_0002_0195.uasset" 9013
"../../../Engine/Content/EngineMaterials/Substrate/Glints2/dict_0002_0194.uasset" 9014
"../../../Engine/Content/EngineMaterials/Substrate/Glints2/dict_0002_0192.uasset" 9015
"../../../Engine/Content/EngineMaterials/Substrate/Glints2/dict_0002_0190.uasset" 9016
"../../../Engine/Content/EngineMaterials/Substrate/Glints2/dict_0002_0189.uasset" 9017
"../../../Engine/Content/EngineMaterials/Substrate/Glints2/dict_0002_0193.uasset" 9018
"../../../Engine/Content/EngineMaterials/Substrate/Glints2/dict_0002_0191.uasset" 9019
"/Engine/EngineMaterials/Substrate/Glints2/dict_0002_0195" 9020
"/Engine/EngineMaterials/Substrate/Glints2/dict_0002_0191" 9021
"/Engine/EngineMaterials/Substrate/Glints2/dict_0002_0192" 9022
"/Engine/EngineMaterials/Substrate/Glints2/dict_0002_0193" 9023
"../../../Engine/Content/EngineMaterials/Substrate/Glints2/dict_0002_0188.uasset" 9024
"/Engine/EngineMaterials/Substrate/Glints2/dict_0002_0194" 9025
"/Engine/EngineMaterials/Substrate/Glints2/dict_0002_0190" 9026
"/Engine/EngineMaterials/Substrate/Glints2/dict_0002_0189" 9027
"/Engine/EngineMaterials/Substrate/Glints2/dict_0002_0188" 9028
"../../../Engine/Content/EngineMaterials/Substrate/Glints2/dict_0002_0187.uasset" 9029
"../../../Engine/Content/EngineMaterials/Substrate/Glints2/dict_0002_0184.uasset" 9030
"../../../Engine/Content/EngineMaterials/Substrate/Glints2/dict_0002_0183.uasset" 9031
"../../../Engine/Content/EngineMaterials/Substrate/Glints2/dict_0002_0186.uasset" 9032
"../../../Engine/Content/EngineMaterials/Substrate/Glints2/dict_0002_0205.uasset" 9033
"../../../Engine/Content/EngineMaterials/Substrate/Glints2/dict_0002_0182.uasset" 9034
"../../../Engine/Content/EngineMaterials/Substrate/Glints2/dict_0002_0196.uasset" 9035
"../../../Engine/Content/EngineMaterials/Substrate/Glints2/dict_0002_0179.uasset" 9036
"../../../Engine/Content/EngineMaterials/Substrate/Glints2/dict_0002_0181.uasset" 9037
"../../../Engine/Content/EngineMaterials/Substrate/Glints2/dict_0002_0175.uasset" 9038
"../../../Engine/Content/EngineMaterials/Substrate/Glints2/dict_0002_0180.uasset" 9039
"../../../Engine/Content/EngineMaterials/Substrate/Glints2/dict_0002_0177.uasset" 9040
"../../../Engine/Content/EngineMaterials/Substrate/Glints2/dict_0002_0178.uasset" 9041
"/Engine/EngineMaterials/Substrate/Glints2/dict_0002_0181" 9042
"/Engine/EngineMaterials/Substrate/Glints2/dict_0002_0182" 9043
"/Engine/EngineMaterials/Substrate/Glints2/dict_0002_0183" 9044
"/Engine/EngineMaterials/Substrate/Glints2/dict_0002_0184" 9045
"/Engine/EngineMaterials/Substrate/Glints2/dict_0002_0196" 9046
"/Engine/EngineMaterials/Substrate/Glints2/dict_0002_0186" 9047
"/Engine/EngineMaterials/Substrate/Glints2/dict_0002_0187" 9048
"/Engine/EngineMaterials/Substrate/Glints2/dict_0002_0205" 9049
"/Engine/EngineMaterials/Substrate/Glints2/dict_0002_0179" 9050
"/Engine/EngineMaterials/Substrate/Glints2/dict_0002_0175" 9051
"/Engine/EngineMaterials/Substrate/Glints2/dict_0002_0177" 9052
"/Engine/EngineMaterials/Substrate/Glints2/dict_0002_0178" 9053
"/Engine/EngineMaterials/Substrate/Glints2/dict_0002_0180" 9054
"../../../Engine/Content/EngineMaterials/Substrate/Glints2/dict_0002_0169.uasset" 9055
"../../../Engine/Content/EngineMaterials/Substrate/Glints2/dict_0002_0185.uasset" 9056
"../../../Engine/Content/EngineMaterials/Substrate/Glints2/dict_0002_0174.uasset" 9057
"../../../Engine/Content/EngineMaterials/Substrate/Glints2/dict_0002_0176.uasset" 9058
"../../../Engine/Content/EngineMaterials/Substrate/Glints2/dict_0002_0173.uasset" 9059
"../../../Engine/Content/EngineMaterials/Substrate/Glints2/dict_0002_0172.uasset" 9060
"../../../Engine/Content/EngineMaterials/Substrate/Glints2/dict_0002_0170.uasset" 9061
"../../../Engine/Content/EngineMaterials/Substrate/Glints2/dict_0002_0171.uasset" 9062
"../../../Engine/Content/EngineMaterials/Substrate/Glints2/dict_0002_0164.uasset" 9063
"../../../Engine/Content/EngineMaterials/Substrate/Glints2/dict_0002_0162.uasset" 9064
"../../../Engine/Content/EngineMaterials/Substrate/Glints2/dict_0002_0168.uasset" 9065
"../../../Engine/Content/EngineMaterials/Substrate/Glints2/dict_0002_0165.uasset" 9066
"../../../Engine/Content/EngineMaterials/Substrate/Glints2/dict_0002_0167.uasset" 9067
"../../../Engine/Content/EngineMaterials/Substrate/Glints2/dict_0002_0166.uasset" 9068
"../../../Engine/Content/EngineMaterials/Substrate/Glints2/dict_0002_0163.uasset" 9069
"../../../Engine/Content/EngineMaterials/Substrate/Glints2/dict_0002_0161.uasset" 9070
"../../../Engine/Content/EngineMaterials/Substrate/Glints2/dict_0002_0160.uasset" 9071
"../../../Engine/Content/EngineMaterials/Substrate/Glints2/dict_0002_0154.uasset" 9072
"../../../Engine/Content/EngineMaterials/Substrate/Glints2/dict_0002_0157.uasset" 9073
"../../../Engine/Content/EngineMaterials/Substrate/Glints2/dict_0002_0158.uasset" 9074
"../../../Engine/Content/EngineMaterials/Substrate/Glints2/dict_0002_0155.uasset" 9075
"../../../Engine/Content/EngineMaterials/Substrate/Glints2/dict_0002_0159.uasset" 9076
"/Engine/EngineMaterials/Substrate/Glints2/dict_0002_0159" 9077
"/Engine/EngineMaterials/Substrate/Glints2/dict_0002_0172" 9078
"../../../Engine/Content/EngineMaterials/Substrate/Glints2/dict_0002_0153.uasset" 9079
"/Engine/EngineMaterials/Substrate/Glints2/dict_0002_0173" 9080
"/Engine/EngineMaterials/Substrate/Glints2/dict_0002_0174" 9081
"/Engine/EngineMaterials/Substrate/Glints2/dict_0002_0160" 9082
"/Engine/EngineMaterials/Substrate/Glints2/dict_0002_0161" 9083
"/Engine/EngineMaterials/Substrate/Glints2/dict_0002_0168" 9084
"/Engine/EngineMaterials/Substrate/Glints2/dict_0002_0162" 9085
"/Engine/EngineMaterials/Substrate/Glints2/dict_0002_0185" 9086
"/Engine/EngineMaterials/Substrate/Glints2/dict_0002_0166" 9087
"../../../Engine/Content/EngineMaterials/Substrate/Glints2/dict_0002_0156.uasset" 9088
"/Engine/EngineMaterials/Substrate/Glints2/dict_0002_0154" 9089
"../../../Engine/Content/EngineMaterials/Substrate/Glints2/dict_0002_0147.uasset" 9090
"/Engine/EngineMaterials/Substrate/Glints2/dict_0002_0169" 9091
"/Engine/EngineMaterials/Substrate/Glints2/dict_0002_0167" 9092
"../../../Engine/Content/EngineMaterials/Substrate/Glints2/dict_0002_0149.uasset" 9093
"../../../Engine/Content/EngineMaterials/Substrate/Glints2/dict_0002_0146.uasset" 9094
"/Engine/EngineMaterials/Substrate/Glints2/dict_0002_0163" 9095
"../../../Engine/Content/EngineMaterials/Substrate/Glints2/dict_0002_0148.uasset" 9096
"/Engine/EngineMaterials/Substrate/Glints2/dict_0002_0155" 9097
"../../../Engine/Content/EngineMaterials/Substrate/Glints2/dict_0002_0150.uasset" 9098
"/Engine/EngineMaterials/Substrate/Glints2/dict_0002_0170" 9099
"/Engine/EngineMaterials/Substrate/Glints2/dict_0002_0176" 9100
"/Engine/EngineMaterials/Substrate/Glints2/dict_0002_0171" 9101
"/Engine/EngineMaterials/Substrate/Glints2/dict_0002_0157" 9102
"/Engine/EngineMaterials/Substrate/Glints2/dict_0002_0158" 9103
"/Engine/EngineMaterials/Substrate/Glints2/dict_0002_0164" 9104
"/Engine/EngineMaterials/Substrate/Glints2/dict_0002_0165" 9105
"../../../Engine/Content/EngineMaterials/Substrate/Glints2/dict_0002_0151.uasset" 9106
"../../../Engine/Content/EngineMaterials/Substrate/Glints2/dict_0002_0152.uasset" 9107
"/Engine/EngineMaterials/Substrate/Glints2/dict_0002_0149" 9108
"/Engine/EngineMaterials/Substrate/Glints2/dict_0002_0150" 9109
"/Engine/EngineMaterials/Substrate/Glints2/dict_0002_0151" 9110
"/Engine/EngineMaterials/Substrate/Glints2/dict_0002_0152" 9111
"/Engine/EngineMaterials/Substrate/Glints2/dict_0002_0153" 9112
"/Engine/EngineMaterials/Substrate/Glints2/dict_0002_0146" 9113
"/Engine/EngineMaterials/Substrate/Glints2/dict_0002_0147" 9114
"/Engine/EngineMaterials/Substrate/Glints2/dict_0002_0156" 9115
"/Engine/EngineMaterials/Substrate/Glints2/dict_0002_0148" 9116
"../../../Engine/Content/EngineMaterials/Substrate/Glints2/dict_0002_0145.uasset" 9117
"../../../Engine/Content/EngineMaterials/Substrate/Glints2/dict_0002_0144.uasset" 9118
"../../../Engine/Content/EngineMaterials/Substrate/Glints2/dict_0002_0141.uasset" 9119
"../../../Engine/Content/EngineMaterials/Substrate/Glints2/dict_0002_0143.uasset" 9120
"../../../Engine/Content/EngineMaterials/Substrate/Glints2/dict_0002_0142.uasset" 9121
"/Engine/EngineMaterials/Substrate/Glints2/dict_0002_0145" 9122
"../../../Engine/Content/EngineMaterials/Substrate/Glints2/dict_0002_0140.uasset" 9123
"../../../Engine/Content/EngineMaterials/Substrate/Glints2/dict_0002_0139.uasset" 9124
"../../../Engine/Content/EngineMaterials/Substrate/Glints2/dict_0002_0137.uasset" 9125
"/Engine/EngineMaterials/Substrate/Glints2/dict_0002_0141" 9126
"../../../Engine/Content/EngineMaterials/Substrate/Glints2/dict_0002_0136.uasset" 9127
"/Engine/EngineMaterials/Substrate/Glints2/dict_0002_0142" 9128
"../../../Engine/Content/EngineMaterials/Substrate/Glints2/dict_0002_0138.uasset" 9129
"/Engine/EngineMaterials/Substrate/Glints2/dict_0002_0143" 9130
"/Engine/EngineMaterials/Substrate/Glints2/dict_0002_0144" 9131
"/Engine/EngineMaterials/Substrate/Glints2/dict_0002_0136" 9132
"/Engine/EngineMaterials/Substrate/Glints2/dict_0002_0137" 9133
"/Engine/EngineMaterials/Substrate/Glints2/dict_0002_0138" 9134
"/Engine/EngineMaterials/Substrate/Glints2/dict_0002_0139" 9135
"/Engine/EngineMaterials/Substrate/Glints2/dict_0002_0140" 9136
"../../../Engine/Content/EngineMaterials/Substrate/Glints2/dict_0002_0133.uasset" 9137
"../../../Engine/Content/EngineMaterials/Substrate/Glints2/dict_0002_0130.uasset" 9138
"../../../Engine/Content/EngineMaterials/Substrate/Glints2/dict_0002_0135.uasset" 9139
"../../../Engine/Content/EngineMaterials/Substrate/Glints2/dict_0002_0131.uasset" 9140
"../../../Engine/Content/EngineMaterials/Substrate/Glints2/dict_0002_0134.uasset" 9141
"../../../Engine/Content/EngineMaterials/Substrate/Glints2/dict_0002_0129.uasset" 9142
"../../../Engine/Content/EngineMaterials/Substrate/Glints2/dict_0002_0128.uasset" 9143
"/Engine/EngineMaterials/Substrate/Glints2/dict_0002_0128" 9144
"../../../Engine/Content/EngineMaterials/Substrate/Glints2/dict_0002_0126.uasset" 9145
"../../../Engine/Content/EngineMaterials/Substrate/Glints2/dict_0002_0123.uasset" 9146
"/Engine/EngineMaterials/Substrate/Glints2/dict_0002_0129" 9147
"../../../Engine/Content/EngineMaterials/Substrate/Glints2/dict_0002_0124.uasset" 9148
"../../../Engine/Content/EngineMaterials/Substrate/Glints2/dict_0002_0127.uasset" 9149
"../../../Engine/Content/EngineMaterials/Substrate/Glints2/dict_0002_0132.uasset" 9150
"/Engine/EngineMaterials/Substrate/Glints2/dict_0002_0130" 9151
"/Engine/EngineMaterials/Substrate/Glints2/dict_0002_0131" 9152
"/Engine/EngineMaterials/Substrate/Glints2/dict_0002_0133" 9153
"/Engine/EngineMaterials/Substrate/Glints2/dict_0002_0134" 9154
"/Engine/EngineMaterials/Substrate/Glints2/dict_0002_0135" 9155
"/Engine/EngineMaterials/Substrate/Glints2/dict_0002_0123" 9156
"../../../Engine/Content/EngineMaterials/Substrate/Glints2/dict_0002_0125.uasset" 9157
"/Engine/EngineMaterials/Substrate/Glints2/dict_0002_0124" 9158
"../../../Engine/Content/EngineMaterials/Substrate/Glints2/dict_0002_0122.uasset" 9159
"/Engine/EngineMaterials/Substrate/Glints2/dict_0002_0126" 9160
"../../../Engine/Content/EngineMaterials/Substrate/Glints2/dict_0002_0121.uasset" 9161
"/Engine/EngineMaterials/Substrate/Glints2/dict_0002_0127" 9162
"/Engine/EngineMaterials/Substrate/Glints2/dict_0002_0132" 9163
"/Engine/EngineMaterials/Substrate/Glints2/dict_0002_0125" 9164
"/Engine/EngineMaterials/Substrate/Glints2/dict_0002_0121" 9165
"/Engine/EngineMaterials/Substrate/Glints2/dict_0002_0122" 9166
"../../../Engine/Content/EngineMaterials/Substrate/Glints2/dict_0002_0119.uasset" 9167
"../../../Engine/Content/EngineMaterials/Substrate/Glints2/dict_0002_0118.uasset" 9168
"../../../Engine/Content/EngineMaterials/Substrate/Glints2/dict_0002_0117.uasset" 9169
"../../../Engine/Content/EngineMaterials/Substrate/Glints2/dict_0002_0115.uasset" 9170
"../../../Engine/Content/EngineMaterials/Substrate/Glints2/dict_0002_0120.uasset" 9171
"../../../Engine/Content/EngineMaterials/Substrate/Glints2/dict_0002_0114.uasset" 9172
"../../../Engine/Content/EngineMaterials/Substrate/Glints2/dict_0002_0113.uasset" 9173
"../../../Engine/Content/EngineMaterials/Substrate/Glints2/dict_0002_0112.uasset" 9174
"/Engine/EngineMaterials/Substrate/Glints2/dict_0002_0114" 9175
"../../../Engine/Content/EngineMaterials/Substrate/Glints2/dict_0002_0109.uasset" 9176
"../../../Engine/Content/EngineMaterials/Substrate/Glints2/dict_0002_0110.uasset" 9177
"../../../Engine/Content/EngineMaterials/Substrate/Glints2/dict_0002_0108.uasset" 9178
"../../../Engine/Content/EngineMaterials/Substrate/Glints2/dict_0002_0111.uasset" 9179
"/Engine/EngineMaterials/Substrate/Glints2/dict_0002_0115" 9180
"../../../Engine/Content/EngineMaterials/Substrate/Glints2/dict_0002_0107.uasset" 9181
"/Engine/EngineMaterials/Substrate/Glints2/dict_0002_0117" 9182
"/Engine/EngineMaterials/Substrate/Glints2/dict_0002_0118" 9183
"/Engine/EngineMaterials/Substrate/Glints2/dict_0002_0119" 9184
"../../../Engine/Content/EngineMaterials/Substrate/Glints2/dict_0002_0100.uasset" 9185
"../../../Engine/Content/EngineMaterials/Substrate/Glints2/dict_0002_0106.uasset" 9186
"/Engine/EngineMaterials/Substrate/Glints2/dict_0002_0120" 9187
"../../../Engine/Content/EngineMaterials/Substrate/Glints2/dict_0002_0104.uasset" 9188
"/Engine/EngineMaterials/Substrate/Glints2/dict_0002_0112" 9189
"/Engine/EngineMaterials/Substrate/Glints2/dict_0002_0113" 9190
"/Engine/EngineMaterials/Substrate/Glints2/dict_0002_0109" 9191
"/Engine/EngineMaterials/Substrate/Glints2/dict_0002_0108" 9192
"/Engine/EngineMaterials/Substrate/Glints2/dict_0002_0110" 9193
"/Engine/EngineMaterials/Substrate/Glints2/dict_0002_0111" 9194
"/Engine/EngineMaterials/Substrate/Glints2/dict_0002_0100" 9195
"../../../Engine/Content/EngineMaterials/Substrate/Glints2/dict_0002_0105.uasset" 9196
"../../../Engine/Content/EngineMaterials/Substrate/Glints2/dict_0002_0103.uasset" 9197
"../../../Engine/Content/EngineMaterials/Substrate/Glints2/dict_0002_0102.uasset" 9198
"../../../Engine/Content/EngineMaterials/Substrate/Glints2/dict_0002_0101.uasset" 9199
"../../../Engine/Content/EngineMaterials/Substrate/Glints2/dict_0002_0098.uasset" 9200
"../../../Engine/Content/EngineMaterials/Substrate/Glints2/dict_0002_0099.uasset" 9201
"../../../Engine/Content/EngineMaterials/Substrate/Glints2/dict_0002_0097.uasset" 9202
"../../../Engine/Content/EngineMaterials/Substrate/Glints2/dict_0002_0116.uasset" 9203
"../../../Engine/Content/EngineMaterials/Substrate/Glints2/dict_0002_0095.uasset" 9204
"../../../Engine/Content/EngineMaterials/Substrate/Glints2/dict_0002_0096.uasset" 9205
"../../../Engine/Content/EngineMaterials/Substrate/Glints2/dict_0002_0093.uasset" 9206
"../../../Engine/Content/EngineMaterials/Substrate/Glints2/dict_0002_0089.uasset" 9207
"../../../Engine/Content/EngineMaterials/Substrate/Glints2/dict_0002_0091.uasset" 9208
"../../../Engine/Content/EngineMaterials/Substrate/Glints2/dict_0002_0090.uasset" 9209
"../../../Engine/Content/EngineMaterials/Substrate/Glints2/dict_0002_0087.uasset" 9210
"../../../Engine/Content/EngineMaterials/Substrate/Glints2/dict_0002_0086.uasset" 9211
"../../../Engine/Content/EngineMaterials/Substrate/Glints2/dict_0002_0084.uasset" 9212
"../../../Engine/Content/EngineMaterials/Substrate/Glints2/dict_0002_0088.uasset" 9213
"../../../Engine/Content/EngineMaterials/Substrate/Glints2/dict_0002_0082.uasset" 9214
"../../../Engine/Content/EngineMaterials/Substrate/Glints2/dict_0002_0085.uasset" 9215
"../../../Engine/Content/EngineMaterials/Substrate/Glints2/dict_0002_0081.uasset" 9216
"../../../Engine/Content/EngineMaterials/Substrate/Glints2/dict_0002_0083.uasset" 9217
"../../../Engine/Content/EngineMaterials/Substrate/Glints2/dict_0002_0080.uasset" 9218
"../../../Engine/Content/EngineMaterials/Substrate/Glints2/dict_0002_0079.uasset" 9219
"../../../Engine/Content/EngineMaterials/Substrate/Glints2/dict_0002_0077.uasset" 9220
"../../../Engine/Content/EngineMaterials/Substrate/Glints2/dict_0002_0094.uasset" 9221
"../../../Engine/Content/EngineMaterials/Substrate/Glints2/dict_0002_0092.uasset" 9222
"../../../Engine/Content/EngineMaterials/Substrate/Glints2/dict_0002_0076.uasset" 9223
"../../../Engine/Content/EngineMaterials/Substrate/Glints2/dict_0002_0078.uasset" 9224
"/Engine/EngineMaterials/Substrate/Glints2/dict_0002_0092" 9225
"/Engine/EngineMaterials/Substrate/Glints2/dict_0002_0093" 9226
"/Engine/EngineMaterials/Substrate/Glints2/dict_0002_0089" 9227
"/Engine/EngineMaterials/Substrate/Glints2/dict_0002_0081" 9228
"/Engine/EngineMaterials/Substrate/Glints2/dict_0002_0082" 9229
"/Engine/EngineMaterials/Substrate/Glints2/dict_0002_0094" 9230
"/Engine/EngineMaterials/Substrate/Glints2/dict_0002_0077" 9231
"/Engine/EngineMaterials/Substrate/Glints2/dict_0002_0116" 9232
"/Engine/EngineMaterials/Substrate/Glints2/dict_0002_0095" 9233
"/Engine/EngineMaterials/Substrate/Glints2/dict_0002_0083" 9234
"/Engine/EngineMaterials/Substrate/Glints2/dict_0002_0097" 9235
"/Engine/EngineMaterials/Substrate/Glints2/dict_0002_0098" 9236
"/Engine/EngineMaterials/Substrate/Glints2/dict_0002_0099" 9237
"/Engine/EngineMaterials/Substrate/Glints2/dict_0002_0084" 9238
"/Engine/EngineMaterials/Substrate/Glints2/dict_0002_0076" 9239
"/Engine/EngineMaterials/Substrate/Glints2/dict_0002_0096" 9240
"/Engine/EngineMaterials/Substrate/Glints2/dict_0002_0101" 9241
"/Engine/EngineMaterials/Substrate/Glints2/dict_0002_0102" 9242
"/Engine/EngineMaterials/Substrate/Glints2/dict_0002_0103" 9243
"/Engine/EngineMaterials/Substrate/Glints2/dict_0002_0104" 9244
"/Engine/EngineMaterials/Substrate/Glints2/dict_0002_0105" 9245
"/Engine/EngineMaterials/Substrate/Glints2/dict_0002_0106" 9246
"/Engine/EngineMaterials/Substrate/Glints2/dict_0002_0107" 9247
"/Engine/EngineMaterials/Substrate/Glints2/dict_0002_0085" 9248
"/Engine/EngineMaterials/Substrate/Glints2/dict_0002_0086" 9249
"/Engine/EngineMaterials/Substrate/Glints2/dict_0002_0078" 9250
"/Engine/EngineMaterials/Substrate/Glints2/dict_0002_0090" 9251
"/Engine/EngineMaterials/Substrate/Glints2/dict_0002_0079" 9252
"/Engine/EngineMaterials/Substrate/Glints2/dict_0002_0080" 9253
"/Engine/EngineMaterials/Substrate/Glints2/dict_0002_0091" 9254
"/Engine/EngineMaterials/Substrate/Glints2/dict_0002_0087" 9255
"/Engine/EngineMaterials/Substrate/Glints2/dict_0002_0088" 9256
"../../../Engine/Content/EngineMaterials/Substrate/Glints2/dict_0002_0070.uasset" 9257
"../../../Engine/Content/EngineMaterials/Substrate/Glints2/dict_0002_0071.uasset" 9258
"../../../Engine/Content/EngineMaterials/Substrate/Glints2/dict_0002_0073.uasset" 9259
"../../../Engine/Content/EngineMaterials/Substrate/Glints2/dict_0002_0072.uasset" 9260
"../../../Engine/Content/EngineMaterials/Substrate/Glints2/dict_0002_0075.uasset" 9261
"../../../Engine/Content/EngineMaterials/Substrate/Glints2/dict_0002_0068.uasset" 9262
"../../../Engine/Content/EngineMaterials/Substrate/Glints2/dict_0002_0069.uasset" 9263
"../../../Engine/Content/EngineMaterials/Substrate/Glints2/dict_0002_0074.uasset" 9264
"../../../Engine/Content/EngineMaterials/Substrate/Glints2/dict_0002_0063.uasset" 9265
"../../../Engine/Content/EngineMaterials/Substrate/Glints2/dict_0002_0062.uasset" 9266
"../../../Engine/Content/EngineMaterials/Substrate/Glints2/dict_0002_0067.uasset" 9267
"../../../Engine/Content/EngineMaterials/Substrate/Glints2/dict_0002_0065.uasset" 9268
"../../../Engine/Content/EngineMaterials/Substrate/Glints2/dict_0002_0064.uasset" 9269
"../../../Engine/Content/EngineMaterials/Substrate/Glints2/dict_0002_0061.uasset" 9270
"../../../Engine/Content/EngineMaterials/Substrate/Glints2/dict_0002_0066.uasset" 9271
"/Engine/EngineMaterials/Substrate/Glints2/dict_0002_0061" 9272
"/Engine/EngineMaterials/Substrate/Glints2/dict_0002_0062" 9273
"/Engine/EngineMaterials/Substrate/Glints2/dict_0002_0063" 9274
"/Engine/EngineMaterials/Substrate/Glints2/dict_0002_0064" 9275
"/Engine/EngineMaterials/Substrate/Glints2/dict_0002_0065" 9276
"/Engine/EngineMaterials/Substrate/Glints2/dict_0002_0066" 9277
"/Engine/EngineMaterials/Substrate/Glints2/dict_0002_0067" 9278
"/Engine/EngineMaterials/Substrate/Glints2/dict_0002_0068" 9279
"../../../Engine/Content/EngineMaterials/Substrate/Glints2/dict_0002_0060.uasset" 9280
"/Engine/EngineMaterials/Substrate/Glints2/dict_0002_0069" 9281
"/Engine/EngineMaterials/Substrate/Glints2/dict_0002_0070" 9282
"/Engine/EngineMaterials/Substrate/Glints2/dict_0002_0071" 9283
"/Engine/EngineMaterials/Substrate/Glints2/dict_0002_0072" 9284
"/Engine/EngineMaterials/Substrate/Glints2/dict_0002_0073" 9285
"/Engine/EngineMaterials/Substrate/Glints2/dict_0002_0074" 9286
"/Engine/EngineMaterials/Substrate/Glints2/dict_0002_0075" 9287
"/Engine/EngineMaterials/Substrate/Glints2/dict_0002_0060" 9288
"../../../Engine/Content/EngineMaterials/Substrate/Glints2/dict_0002_0053.uasset" 9289
"../../../Engine/Content/EngineMaterials/Substrate/Glints2/dict_0002_0054.uasset" 9290
"../../../Engine/Content/EngineMaterials/Substrate/Glints2/dict_0002_0059.uasset" 9291
"../../../Engine/Content/EngineMaterials/Substrate/Glints2/dict_0002_0058.uasset" 9292
"../../../Engine/Content/EngineMaterials/Substrate/Glints2/dict_0002_0057.uasset" 9293
"../../../Engine/Content/EngineMaterials/Substrate/Glints2/dict_0002_0055.uasset" 9294
"../../../Engine/Content/EngineMaterials/Substrate/Glints2/dict_0002_0056.uasset" 9295
"../../../Engine/Content/EngineMaterials/Substrate/Glints2/dict_0002_0052.uasset" 9296
"/Engine/EngineMaterials/Substrate/Glints2/dict_0002_0053" 9297
"../../../Engine/Content/EngineMaterials/Substrate/Glints2/dict_0002_0050.uasset" 9298
"../../../Engine/Content/EngineMaterials/Substrate/Glints2/dict_0002_0051.uasset" 9299
"../../../Engine/Content/EngineMaterials/Substrate/Glints2/dict_0002_0046.uasset" 9300
"../../../Engine/Content/EngineMaterials/Substrate/Glints2/dict_0002_0048.uasset" 9301
"../../../Engine/Content/EngineMaterials/Substrate/Glints2/dict_0002_0049.uasset" 9302
"/Engine/EngineMaterials/Substrate/Glints2/dict_0002_0054" 9303
"../../../Engine/Content/EngineMaterials/Substrate/Glints2/dict_0002_0047.uasset" 9304
"/Engine/EngineMaterials/Substrate/Glints2/dict_0002_0055" 9305
"/Engine/EngineMaterials/Substrate/Glints2/dict_0002_0056" 9306
"/Engine/EngineMaterials/Substrate/Glints2/dict_0002_0057" 9307
"/Engine/EngineMaterials/Substrate/Glints2/dict_0002_0058" 9308
"/Engine/EngineMaterials/Substrate/Glints2/dict_0002_0059" 9309
"/Engine/EngineMaterials/Substrate/Glints2/dict_0002_0046" 9310
"/Engine/EngineMaterials/Substrate/Glints2/dict_0002_0047" 9311
"/Engine/EngineMaterials/Substrate/Glints2/dict_0002_0048" 9312
"/Engine/EngineMaterials/Substrate/Glints2/dict_0002_0049" 9313
"/Engine/EngineMaterials/Substrate/Glints2/dict_0002_0050" 9314
"/Engine/EngineMaterials/Substrate/Glints2/dict_0002_0051" 9315
"/Engine/EngineMaterials/Substrate/Glints2/dict_0002_0052" 9316
"../../../Engine/Content/EngineMaterials/Substrate/Glints2/dict_0002_0045.uasset" 9317
"../../../Engine/Content/EngineMaterials/Substrate/Glints2/dict_0002_0039.uasset" 9318
"../../../Engine/Content/EngineMaterials/Substrate/Glints2/dict_0002_0043.uasset" 9319
"../../../Engine/Content/EngineMaterials/Substrate/Glints2/dict_0002_0041.uasset" 9320
"../../../Engine/Content/EngineMaterials/Substrate/Glints2/dict_0002_0042.uasset" 9321
"../../../Engine/Content/EngineMaterials/Substrate/Glints2/dict_0002_0038.uasset" 9322
"../../../Engine/Content/EngineMaterials/Substrate/Glints2/dict_0002_0044.uasset" 9323
"/Engine/EngineMaterials/Substrate/Glints2/dict_0002_0044" 9324
"../../../Engine/Content/EngineMaterials/Substrate/Glints2/dict_0002_0037.uasset" 9325
"/Engine/EngineMaterials/Substrate/Glints2/dict_0002_0045" 9326
"../../../Engine/Content/EngineMaterials/Substrate/Glints2/dict_0002_0040.uasset" 9327
"/Engine/EngineMaterials/Substrate/Glints2/dict_0002_0038" 9328
"../../../Engine/Content/EngineMaterials/Substrate/Glints2/dict_0002_0031.uasset" 9329
"../../../Engine/Content/EngineMaterials/Substrate/Glints2/dict_0002_0032.uasset" 9330
"../../../Engine/Content/EngineMaterials/Substrate/Glints2/dict_0002_0033.uasset" 9331
"/Engine/EngineMaterials/Substrate/Glints2/dict_0002_0039" 9332
"../../../Engine/Content/EngineMaterials/Substrate/Glints2/dict_0002_0036.uasset" 9333
"../../../Engine/Content/EngineMaterials/Substrate/Glints2/dict_0002_0035.uasset" 9334
"/Engine/EngineMaterials/Substrate/Glints2/dict_0002_0041" 9335
"../../../Engine/Content/EngineMaterials/Substrate/Glints2/dict_0002_0034.uasset" 9336
"/Engine/EngineMaterials/Substrate/Glints2/dict_0002_0042" 9337
"/Engine/EngineMaterials/Substrate/Glints2/dict_0002_0043" 9338
"/Engine/EngineMaterials/Substrate/Glints2/dict_0002_0031" 9339
"/Engine/EngineMaterials/Substrate/Glints2/dict_0002_0032" 9340
"/Engine/EngineMaterials/Substrate/Glints2/dict_0002_0033" 9341
"/Engine/EngineMaterials/Substrate/Glints2/dict_0002_0034" 9342
"/Engine/EngineMaterials/Substrate/Glints2/dict_0002_0035" 9343
"/Engine/EngineMaterials/Substrate/Glints2/dict_0002_0036" 9344
"/Engine/EngineMaterials/Substrate/Glints2/dict_0002_0037" 9345
"/Engine/EngineMaterials/Substrate/Glints2/dict_0002_0040" 9346
"../../../Engine/Content/EngineMaterials/Substrate/Glints2/dict_0002_0024.uasset" 9347
"../../../Engine/Content/EngineMaterials/Substrate/Glints2/dict_0002_0026.uasset" 9348
"../../../Engine/Content/EngineMaterials/Substrate/Glints2/dict_0002_0027.uasset" 9349
"../../../Engine/Content/EngineMaterials/Substrate/Glints2/dict_0002_0029.uasset" 9350
"../../../Engine/Content/EngineMaterials/Substrate/Glints2/dict_0002_0028.uasset" 9351
"../../../Engine/Content/EngineMaterials/Substrate/Glints2/dict_0002_0030.uasset" 9352
"../../../Engine/Content/EngineMaterials/Substrate/Glints2/dict_0002_0025.uasset" 9353
"../../../Engine/Content/EngineMaterials/Substrate/Glints2/dict_0002_0023.uasset" 9354
"/Engine/EngineMaterials/Substrate/Glints2/dict_0002_0023" 9355
"/Engine/EngineMaterials/Substrate/Glints2/dict_0002_0024" 9356
"/Engine/EngineMaterials/Substrate/Glints2/dict_0002_0025" 9357
"/Engine/EngineMaterials/Substrate/Glints2/dict_0002_0026" 9358
"/Engine/EngineMaterials/Substrate/Glints2/dict_0002_0027" 9359
"/Engine/EngineMaterials/Substrate/Glints2/dict_0002_0028" 9360
"/Engine/EngineMaterials/Substrate/Glints2/dict_0002_0029" 9361
"/Engine/EngineMaterials/Substrate/Glints2/dict_0002_0030" 9362
"../../../Engine/Content/EngineMaterials/Substrate/Glints2/dict_0002_0016.uasset" 9363
"../../../Engine/Content/EngineMaterials/Substrate/Glints2/dict_0002_0022.uasset" 9364
"../../../Engine/Content/EngineMaterials/Substrate/Glints2/dict_0002_0019.uasset" 9365
"/Engine/EngineMaterials/Substrate/Glints2/dict_0002_0016" 9366
"../../../Engine/Content/EngineMaterials/Substrate/Glints2/dict_0002_0017.uasset" 9367
"../../../Engine/Content/EngineMaterials/Substrate/Glints2/dict_0002_0021.uasset" 9368
"/Engine/EngineMaterials/Substrate/Glints2/dict_0002_0019" 9369
"/Engine/EngineMaterials/Substrate/Glints2/dict_0002_0022" 9370
"../../../Engine/Content/EngineMaterials/Substrate/Glints2/dict_0002_0020.uasset" 9371
"../../../Engine/Content/EngineMaterials/Substrate/Glints2/dict_0002_0018.uasset" 9372
"/Engine/EngineMaterials/Substrate/Glints2/dict_0002_0017" 9373
"/Engine/EngineMaterials/Substrate/Glints2/dict_0002_0020" 9374
"/Engine/EngineMaterials/Substrate/Glints2/dict_0002_0021" 9375
"/Engine/EngineMaterials/Substrate/Glints2/dict_0002_0018" 9376
"../../../Engine/Content/EngineMaterials/Substrate/Glints2/dict_0002_0013.uasset" 9377
"../../../Engine/Content/EngineMaterials/Substrate/Glints2/dict_0002_0011.uasset" 9378
"../../../Engine/Content/EngineMaterials/Substrate/Glints2/dict_0002_0012.uasset" 9379
"../../../Engine/Content/EngineMaterials/Substrate/Glints2/dict_0002_0009.uasset" 9380
"../../../Engine/Content/EngineMaterials/Substrate/Glints2/dict_0002_0015.uasset" 9381
"../../../Engine/Content/EngineMaterials/Substrate/Glints2/dict_0002_0014.uasset" 9382
"../../../Engine/Content/EngineMaterials/Substrate/Glints2/dict_0002_0010.uasset" 9383
"/Engine/EngineMaterials/Substrate/Glints2/dict_0002_0014" 9384
"../../../Engine/Content/EngineMaterials/Substrate/Glints2/dict_0002_0008.uasset" 9385
"/Engine/EngineMaterials/Substrate/Glints2/dict_0002_0015" 9386
"/Engine/EngineMaterials/Substrate/Glints2/dict_0002_0009" 9387
"../../../Engine/Content/EngineMaterials/Substrate/Glints2/dict_0002_0005.uasset" 9388
"../../../Engine/Content/EngineMaterials/Substrate/Glints2/dict_0002_0002.uasset" 9389
"../../../Engine/Content/EngineMaterials/Substrate/Glints2/dict_0002_0006.uasset" 9390
"../../../Engine/Content/EngineMaterials/Substrate/Glints2/dict_0002_0007.uasset" 9391
"/Engine/EngineMaterials/Substrate/Glints2/dict_0002_0010" 9392
"../../../Engine/Content/EngineMaterials/Substrate/Glints2/dict_0002_0003.uasset" 9393
"../../../Engine/Content/EngineMaterials/Substrate/Glints2/dict_0002_0004.uasset" 9394
"/Engine/EngineMaterials/Substrate/Glints2/dict_0002_0011" 9395
"/Engine/EngineMaterials/Substrate/Glints2/dict_0002_0012" 9396
"/Engine/EngineMaterials/Substrate/Glints2/dict_0002_0013" 9397
"/Engine/EngineMaterials/Substrate/Glints2/dict_0002_0007" 9398
"/Engine/EngineMaterials/Substrate/Glints2/dict_0002_0008" 9399
"/Engine/EngineMaterials/Substrate/Glints2/dict_0002_0002" 9400
"/Engine/EngineMaterials/Substrate/Glints2/dict_0002_0003" 9401
"/Engine/EngineMaterials/Substrate/Glints2/dict_0002_0004" 9402
"/Engine/EngineMaterials/Substrate/Glints2/dict_0002_0005" 9403
"/Engine/EngineMaterials/Substrate/Glints2/dict_0002_0006" 9404
"../../../Engine/Content/EngineMaterials/Substrate/Glints2/dict_0002_0001.uasset" 9405
"/Engine/EngineMaterials/Substrate/Glints2/dict_0002_0001" 9406
"../../../Engine/Content/EngineMaterials/Substrate/Glints2/dict_0001_0252.uasset" 9407
"../../../Engine/Content/EngineMaterials/Substrate/Glints2/dict_0001_0254.uasset" 9408
"../../../Engine/Content/EngineMaterials/Substrate/Glints2/dict_0001_0251.uasset" 9409
"../../../Engine/Content/EngineMaterials/Substrate/Glints2/dict_0002_0000.uasset" 9410
"../../../Engine/Content/EngineMaterials/Substrate/Glints2/dict_0001_0250.uasset" 9411
"../../../Engine/Content/EngineMaterials/Substrate/Glints2/dict_0001_0255.uasset" 9412
"../../../Engine/Content/EngineMaterials/Substrate/Glints2/dict_0001_0249.uasset" 9413
"../../../Engine/Content/EngineMaterials/Substrate/Glints2/dict_0001_0253.uasset" 9414
"/Engine/EngineMaterials/Substrate/Glints2/dict_0001_0249" 9415
"/Engine/EngineMaterials/Substrate/Glints2/dict_0001_0250" 9416
"/Engine/EngineMaterials/Substrate/Glints2/dict_0001_0251" 9417
"/Engine/EngineMaterials/Substrate/Glints2/dict_0001_0252" 9418
"/Engine/EngineMaterials/Substrate/Glints2/dict_0001_0253" 9419
"/Engine/EngineMaterials/Substrate/Glints2/dict_0001_0254" 9420
"/Engine/EngineMaterials/Substrate/Glints2/dict_0001_0255" 9421
"/Engine/EngineMaterials/Substrate/Glints2/dict_0002_0000" 9422
"../../../Engine/Content/EngineMaterials/Substrate/Glints2/dict_0001_0246.uasset" 9423
"/Engine/EngineMaterials/Substrate/Glints2/dict_0001_0246" 9424
"../../../Engine/Content/EngineMaterials/Substrate/Glints2/dict_0001_0248.uasset" 9425
"../../../Engine/Content/EngineMaterials/Substrate/Glints2/dict_0001_0245.uasset" 9426
"../../../Engine/Content/EngineMaterials/Substrate/Glints2/dict_0001_0247.uasset" 9427
"/Engine/EngineMaterials/Substrate/Glints2/dict_0001_0245" 9428
"/Engine/EngineMaterials/Substrate/Glints2/dict_0001_0247" 9429
"/Engine/EngineMaterials/Substrate/Glints2/dict_0001_0248" 9430
"../../../Engine/Content/EngineMaterials/Substrate/Glints2/dict_0001_0242.uasset" 9431
"../../../Engine/Content/EngineMaterials/Substrate/Glints2/dict_0001_0243.uasset" 9432
"../../../Engine/Content/EngineMaterials/Substrate/Glints2/dict_0001_0244.uasset" 9433
"../../../Engine/Content/EngineMaterials/Substrate/Glints2/dict_0001_0237.uasset" 9434
"../../../Engine/Content/EngineMaterials/Substrate/Glints2/dict_0001_0240.uasset" 9435
"../../../Engine/Content/EngineMaterials/Substrate/Glints2/dict_0001_0238.uasset" 9436
"../../../Engine/Content/EngineMaterials/Substrate/Glints2/dict_0001_0239.uasset" 9437
"../../../Engine/Content/EngineMaterials/Substrate/Glints2/dict_0001_0241.uasset" 9438
"/Engine/EngineMaterials/Substrate/Glints2/dict_0001_0244" 9439
"../../../Engine/Content/EngineMaterials/Substrate/Glints2/dict_0001_0234.uasset" 9440
"../../../Engine/Content/EngineMaterials/Substrate/Glints2/dict_0001_0236.uasset" 9441
"../../../Engine/Content/EngineMaterials/Substrate/Glints2/dict_0001_0235.uasset" 9442
"/Engine/EngineMaterials/Substrate/Glints2/dict_0001_0241" 9443
"/Engine/EngineMaterials/Substrate/Glints2/dict_0001_0240" 9444
"/Engine/EngineMaterials/Substrate/Glints2/dict_0001_0242" 9445
"/Engine/EngineMaterials/Substrate/Glints2/dict_0001_0243" 9446
"/Engine/EngineMaterials/Substrate/Glints2/dict_0001_0237" 9447
"/Engine/EngineMaterials/Substrate/Glints2/dict_0001_0238" 9448
"/Engine/EngineMaterials/Substrate/Glints2/dict_0001_0239" 9449
"/Engine/EngineMaterials/Substrate/Glints2/dict_0001_0234" 9450
"/Engine/EngineMaterials/Substrate/Glints2/dict_0001_0235" 9451
"/Engine/EngineMaterials/Substrate/Glints2/dict_0001_0236" 9452
"../../../Engine/Content/EngineMaterials/Substrate/Glints2/dict_0001_0229.uasset" 9453
"../../../Engine/Content/EngineMaterials/Substrate/Glints2/dict_0001_0233.uasset" 9454
"../../../Engine/Content/EngineMaterials/Substrate/Glints2/dict_0001_0230.uasset" 9455
"../../../Engine/Content/EngineMaterials/Substrate/Glints2/dict_0001_0232.uasset" 9456
"../../../Engine/Content/EngineMaterials/Substrate/Glints2/dict_0001_0231.uasset" 9457
"../../../Engine/Content/EngineMaterials/Substrate/Glints2/dict_0001_0227.uasset" 9458
"../../../Engine/Content/EngineMaterials/Substrate/Glints2/dict_0001_0226.uasset" 9459
"/Engine/EngineMaterials/Substrate/Glints2/dict_0001_0226" 9460
"../../../Engine/Content/EngineMaterials/Substrate/Glints2/dict_0001_0223.uasset" 9461
"../../../Engine/Content/EngineMaterials/Substrate/Glints2/dict_0001_0224.uasset" 9462
"../../../Engine/Content/EngineMaterials/Substrate/Glints2/dict_0001_0225.uasset" 9463
"/Engine/EngineMaterials/Substrate/Glints2/dict_0001_0227" 9464
"../../../Engine/Content/EngineMaterials/Substrate/Glints2/dict_0001_0221.uasset" 9465
"../../../Engine/Content/EngineMaterials/Substrate/Glints2/dict_0001_0222.uasset" 9466
"../../../Engine/Content/EngineMaterials/Substrate/Glints2/dict_0001_0228.uasset" 9467
"/Engine/EngineMaterials/Substrate/Glints2/dict_0001_0233" 9468
"/Engine/EngineMaterials/Substrate/Glints2/dict_0001_0229" 9469
"/Engine/EngineMaterials/Substrate/Glints2/dict_0001_0230" 9470
"/Engine/EngineMaterials/Substrate/Glints2/dict_0001_0231" 9471
"/Engine/EngineMaterials/Substrate/Glints2/dict_0001_0232" 9472
"/Engine/EngineMaterials/Substrate/Glints2/dict_0001_0221" 9473
"/Engine/EngineMaterials/Substrate/Glints2/dict_0001_0222" 9474
"/Engine/EngineMaterials/Substrate/Glints2/dict_0001_0223" 9475
"/Engine/EngineMaterials/Substrate/Glints2/dict_0001_0224" 9476
"/Engine/EngineMaterials/Substrate/Glints2/dict_0001_0225" 9477
"/Engine/EngineMaterials/Substrate/Glints2/dict_0001_0228" 9478
"../../../Engine/Content/EngineMaterials/Substrate/Glints2/dict_0001_0219.uasset" 9479
"../../../Engine/Content/EngineMaterials/Substrate/Glints2/dict_0001_0220.uasset" 9480
"../../../Engine/Content/EngineMaterials/Substrate/Glints2/dict_0001_0214.uasset" 9481
"../../../Engine/Content/EngineMaterials/Substrate/Glints2/dict_0001_0216.uasset" 9482
"../../../Engine/Content/EngineMaterials/Substrate/Glints2/dict_0001_0217.uasset" 9483
"../../../Engine/Content/EngineMaterials/Substrate/Glints2/dict_0001_0215.uasset" 9484
"../../../Engine/Content/EngineMaterials/Substrate/Glints2/dict_0001_0218.uasset" 9485
"../../../Engine/Content/EngineMaterials/Substrate/Glints2/dict_0001_0213.uasset" 9486
"/Engine/EngineMaterials/Substrate/Glints2/dict_0001_0213" 9487
"/Engine/EngineMaterials/Substrate/Glints2/dict_0001_0216" 9488
"../../../Engine/Content/EngineMaterials/Substrate/Glints2/dict_0001_0210.uasset" 9489
"../../../Engine/Content/EngineMaterials/Substrate/Glints2/dict_0001_0207.uasset" 9490
"/Engine/EngineMaterials/Substrate/Glints2/dict_0001_0214" 9491
"../../../Engine/Content/EngineMaterials/Substrate/Glints2/dict_0001_0209.uasset" 9492
"../../../Engine/Content/EngineMaterials/Substrate/Glints2/dict_0001_0211.uasset" 9493
"/Engine/EngineMaterials/Substrate/Glints2/dict_0001_0215" 9494
"../../../Engine/Content/EngineMaterials/Substrate/Glints2/dict_0001_0206.uasset" 9495
"../../../Engine/Content/EngineMaterials/Substrate/Glints2/dict_0001_0208.uasset" 9496
"/Engine/EngineMaterials/Substrate/Glints2/dict_0001_0217" 9497
"../../../Engine/Content/EngineMaterials/Substrate/Glints2/dict_0001_0212.uasset" 9498
"/Engine/EngineMaterials/Substrate/Glints2/dict_0001_0218" 9499
"/Engine/EngineMaterials/Substrate/Glints2/dict_0001_0219" 9500
"/Engine/EngineMaterials/Substrate/Glints2/dict_0001_0220" 9501
"/Engine/EngineMaterials/Substrate/Glints2/dict_0001_0206" 9502
"/Engine/EngineMaterials/Substrate/Glints2/dict_0001_0207" 9503
"../../../Engine/Content/EngineMaterials/Substrate/Glints2/dict_0001_0205.uasset" 9504
"/Engine/EngineMaterials/Substrate/Glints2/dict_0001_0208" 9505
"../../../Engine/Content/EngineMaterials/Substrate/Glints2/dict_0001_0203.uasset" 9506
"../../../Engine/Content/EngineMaterials/Substrate/Glints2/dict_0001_0201.uasset" 9507
"../../../Engine/Content/EngineMaterials/Substrate/Glints2/dict_0001_0200.uasset" 9508
"../../../Engine/Content/EngineMaterials/Substrate/Glints2/dict_0001_0202.uasset" 9509
"/Engine/EngineMaterials/Substrate/Glints2/dict_0001_0209" 9510
"../../../Engine/Content/EngineMaterials/Substrate/Glints2/dict_0001_0198.uasset" 9511
"/Engine/EngineMaterials/Substrate/Glints2/dict_0001_0210" 9512
"../../../Engine/Content/EngineMaterials/Substrate/Glints2/dict_0001_0199.uasset" 9513
"/Engine/EngineMaterials/Substrate/Glints2/dict_0001_0211" 9514
"/Engine/EngineMaterials/Substrate/Glints2/dict_0001_0212" 9515
"/Engine/EngineMaterials/Substrate/Glints2/dict_0001_0202" 9516
"../../../Engine/Content/EngineMaterials/Substrate/Glints2/dict_0001_0204.uasset" 9517
"/Engine/EngineMaterials/Substrate/Glints2/dict_0001_0205" 9518
"/Engine/EngineMaterials/Substrate/Glints2/dict_0001_0198" 9519
"/Engine/EngineMaterials/Substrate/Glints2/dict_0001_0199" 9520
"/Engine/EngineMaterials/Substrate/Glints2/dict_0001_0200" 9521
"/Engine/EngineMaterials/Substrate/Glints2/dict_0001_0201" 9522
"/Engine/EngineMaterials/Substrate/Glints2/dict_0001_0203" 9523
"/Engine/EngineMaterials/Substrate/Glints2/dict_0001_0204" 9524
"../../../Engine/Content/EngineMaterials/Substrate/Glints2/dict_0001_0193.uasset" 9525
"../../../Engine/Content/EngineMaterials/Substrate/Glints2/dict_0001_0197.uasset" 9526
"../../../Engine/Content/EngineMaterials/Substrate/Glints2/dict_0001_0192.uasset" 9527
"../../../Engine/Content/EngineMaterials/Substrate/Glints2/dict_0001_0194.uasset" 9528
"../../../Engine/Content/EngineMaterials/Substrate/Glints2/dict_0001_0195.uasset" 9529
"/Engine/EngineMaterials/Substrate/Glints2/dict_0001_0195" 9530
"../../../Engine/Content/EngineMaterials/Substrate/Glints2/dict_0001_0191.uasset" 9531
"../../../Engine/Content/EngineMaterials/Substrate/Glints2/dict_0001_0196.uasset" 9532
"/Engine/EngineMaterials/Substrate/Glints2/dict_0001_0197" 9533
"/Engine/EngineMaterials/Substrate/Glints2/dict_0001_0192" 9534
"/Engine/EngineMaterials/Substrate/Glints2/dict_0001_0193" 9535
"/Engine/EngineMaterials/Substrate/Glints2/dict_0001_0194" 9536
"/Engine/EngineMaterials/Substrate/Glints2/dict_0001_0196" 9537
"../../../Engine/Content/EngineMaterials/Substrate/Glints2/dict_0001_0187.uasset" 9538
"/Engine/EngineMaterials/Substrate/Glints2/dict_0001_0191" 9539
"../../../Engine/Content/EngineMaterials/Substrate/Glints2/dict_0001_0185.uasset" 9540
"../../../Engine/Content/EngineMaterials/Substrate/Glints2/dict_0001_0186.uasset" 9541
"/Engine/EngineMaterials/Substrate/Glints2/dict_0001_0185" 9542
"../../../Engine/Content/EngineMaterials/Substrate/Glints2/dict_0001_0190.uasset" 9543
"/Engine/EngineMaterials/Substrate/Glints2/dict_0001_0187" 9544
"/Engine/EngineMaterials/Substrate/Glints2/dict_0001_0186" 9545
"../../../Engine/Content/EngineMaterials/Substrate/Glints2/dict_0001_0189.uasset" 9546
"/Engine/EngineMaterials/Substrate/Glints2/dict_0001_0190" 9547
"/Engine/EngineMaterials/Substrate/Glints2/dict_0001_0189" 9548
"../../../Engine/Content/EngineMaterials/Substrate/Glints2/dict_0001_0188.uasset" 9549
"../../../Engine/Content/EngineMaterials/Substrate/Glints2/dict_0001_0183.uasset" 9550
"../../../Engine/Content/EngineMaterials/Substrate/Glints2/dict_0001_0182.uasset" 9551
"../../../Engine/Content/EngineMaterials/Substrate/Glints2/dict_0001_0184.uasset" 9552
"../../../Engine/Content/EngineMaterials/Substrate/Glints2/dict_0001_0181.uasset" 9553
"../../../Engine/Content/EngineMaterials/Substrate/Glints2/dict_0001_0179.uasset" 9554
"/Engine/EngineMaterials/Substrate/Glints2/dict_0001_0181" 9555
"../../../Engine/Content/EngineMaterials/Substrate/Glints2/dict_0001_0180.uasset" 9556
"/Engine/EngineMaterials/Substrate/Glints2/dict_0001_0182" 9557
"../../../Engine/Content/EngineMaterials/Substrate/Glints2/dict_0001_0178.uasset" 9558
"../../../Engine/Content/EngineMaterials/Substrate/Glints2/dict_0001_0177.uasset" 9559
"/Engine/EngineMaterials/Substrate/Glints2/dict_0001_0183" 9560
"/Engine/EngineMaterials/Substrate/Glints2/dict_0001_0184" 9561
"/Engine/EngineMaterials/Substrate/Glints2/dict_0001_0188" 9562
"/Engine/EngineMaterials/Substrate/Glints2/dict_0001_0179" 9563
"/Engine/EngineMaterials/Substrate/Glints2/dict_0001_0177" 9564
"/Engine/EngineMaterials/Substrate/Glints2/dict_0001_0178" 9565
"/Engine/EngineMaterials/Substrate/Glints2/dict_0001_0180" 9566
"../../../Engine/Content/EngineMaterials/Substrate/Glints2/dict_0001_0173.uasset" 9567
"../../../Engine/Content/EngineMaterials/Substrate/Glints2/dict_0001_0176.uasset" 9568
"../../../Engine/Content/EngineMaterials/Substrate/Glints2/dict_0001_0175.uasset" 9569
"../../../Engine/Content/EngineMaterials/Substrate/Glints2/dict_0001_0172.uasset" 9570
"../../../Engine/Content/EngineMaterials/Substrate/Glints2/dict_0001_0174.uasset" 9571
"../../../Engine/Content/EngineMaterials/Substrate/Glints2/dict_0001_0171.uasset" 9572
"../../../Engine/Content/EngineMaterials/Substrate/Glints2/dict_0001_0170.uasset" 9573
"../../../Engine/Content/EngineMaterials/Substrate/Glints2/dict_0001_0169.uasset" 9574
"/Engine/EngineMaterials/Substrate/Glints2/dict_0001_0169" 9575
"../../../Engine/Content/EngineMaterials/Substrate/Glints2/dict_0001_0167.uasset" 9576
"/Engine/EngineMaterials/Substrate/Glints2/dict_0001_0174" 9577
"../../../Engine/Content/EngineMaterials/Substrate/Glints2/dict_0001_0164.uasset" 9578
"../../../Engine/Content/EngineMaterials/Substrate/Glints2/dict_0001_0166.uasset" 9579
"../../../Engine/Content/EngineMaterials/Substrate/Glints2/dict_0001_0168.uasset" 9580
"../../../Engine/Content/EngineMaterials/Substrate/Glints2/dict_0001_0165.uasset" 9581
"/Engine/EngineMaterials/Substrate/Glints2/dict_0001_0175" 9582
"/Engine/EngineMaterials/Substrate/Glints2/dict_0001_0176" 9583
"/Engine/EngineMaterials/Substrate/Glints2/dict_0001_0170" 9584
"/Engine/EngineMaterials/Substrate/Glints2/dict_0001_0171" 9585
"/Engine/EngineMaterials/Substrate/Glints2/dict_0001_0172" 9586
"../../../Engine/Content/EngineMaterials/Substrate/Glints2/dict_0001_0161.uasset" 9587
"/Engine/EngineMaterials/Substrate/Glints2/dict_0001_0173" 9588
"/Engine/EngineMaterials/Substrate/Glints2/dict_0001_0161" 9589
"../../../Engine/Content/EngineMaterials/Substrate/Glints2/dict_0001_0162.uasset" 9590
"/Engine/EngineMaterials/Substrate/Glints2/dict_0001_0168" 9591
"../../../Engine/Content/EngineMaterials/Substrate/Glints2/dict_0001_0163.uasset" 9592
"/Engine/EngineMaterials/Substrate/Glints2/dict_0001_0164" 9593
"/Engine/EngineMaterials/Substrate/Glints2/dict_0001_0165" 9594
"/Engine/EngineMaterials/Substrate/Glints2/dict_0001_0166" 9595
"/Engine/EngineMaterials/Substrate/Glints2/dict_0001_0167" 9596
"/Engine/EngineMaterials/Substrate/Glints2/dict_0001_0162" 9597
"/Engine/EngineMaterials/Substrate/Glints2/dict_0001_0163" 9598
"../../../Engine/Content/EngineMaterials/Substrate/Glints2/dict_0001_0158.uasset" 9599
"../../../Engine/Content/EngineMaterials/Substrate/Glints2/dict_0001_0160.uasset" 9600
"../../../Engine/Content/EngineMaterials/Substrate/Glints2/dict_0001_0156.uasset" 9601
"../../../Engine/Content/EngineMaterials/Substrate/Glints2/dict_0001_0157.uasset" 9602
"../../../Engine/Content/EngineMaterials/Substrate/Glints2/dict_0001_0159.uasset" 9603
"../../../Engine/Content/EngineMaterials/Substrate/Glints2/dict_0001_0155.uasset" 9604
"../../../Engine/Content/EngineMaterials/Substrate/Glints2/dict_0001_0153.uasset" 9605
"../../../Engine/Content/EngineMaterials/Substrate/Glints2/dict_0001_0154.uasset" 9606
"/Engine/EngineMaterials/Substrate/Glints2/dict_0001_0159" 9607
"../../../Engine/Content/EngineMaterials/Substrate/Glints2/dict_0001_0150.uasset" 9608
"../../../Engine/Content/EngineMaterials/Substrate/Glints2/dict_0001_0151.uasset" 9609
"../../../Engine/Content/EngineMaterials/Substrate/Glints2/dict_0001_0152.uasset" 9610
"../../../Engine/Content/EngineMaterials/Substrate/Glints2/dict_0001_0149.uasset" 9611
"../../../Engine/Content/EngineMaterials/Substrate/Glints2/dict_0001_0148.uasset" 9612
"/Engine/EngineMaterials/Substrate/Glints2/dict_0001_0157" 9613
"/Engine/EngineMaterials/Substrate/Glints2/dict_0001_0155" 9614
"../../../Engine/Content/EngineMaterials/Substrate/Glints2/dict_0001_0146.uasset" 9615
"/Engine/EngineMaterials/Substrate/Glints2/dict_0001_0158" 9616
"/Engine/EngineMaterials/Substrate/Glints2/dict_0001_0154" 9617
"/Engine/EngineMaterials/Substrate/Glints2/dict_0001_0156" 9618
"/Engine/EngineMaterials/Substrate/Glints2/dict_0001_0160" 9619
"/Engine/EngineMaterials/Substrate/Glints2/dict_0001_0153" 9620
"../../../Engine/Content/EngineMaterials/Substrate/Glints2/dict_0001_0147.uasset" 9621
"../../../Engine/Content/EngineMaterials/Substrate/Glints2/dict_0001_0145.uasset" 9622
"/Engine/EngineMaterials/Substrate/Glints2/dict_0001_0148" 9623
"../../../Engine/Content/EngineMaterials/Substrate/Glints2/dict_0001_0142.uasset" 9624
"/Engine/EngineMaterials/Substrate/Glints2/dict_0001_0149" 9625
"../../../Engine/Content/EngineMaterials/Substrate/Glints2/dict_0001_0143.uasset" 9626
"../../../Engine/Content/EngineMaterials/Substrate/Glints2/dict_0001_0144.uasset" 9627
"../../../Engine/Content/EngineMaterials/Substrate/Glints2/dict_0001_0140.uasset" 9628
"/Engine/EngineMaterials/Substrate/Glints2/dict_0001_0150" 9629
"/Engine/EngineMaterials/Substrate/Glints2/dict_0001_0151" 9630
"/Engine/EngineMaterials/Substrate/Glints2/dict_0001_0152" 9631
"../../../Engine/Content/EngineMaterials/Substrate/Glints2/dict_0001_0141.uasset" 9632
"/Engine/EngineMaterials/Substrate/Glints2/dict_0001_0146" 9633
"/Engine/EngineMaterials/Substrate/Glints2/dict_0001_0147" 9634
"/Engine/EngineMaterials/Substrate/Glints2/dict_0001_0140" 9635
"/Engine/EngineMaterials/Substrate/Glints2/dict_0001_0145" 9636
"../../../Engine/Content/EngineMaterials/Substrate/Glints2/dict_0001_0139.uasset" 9637
"/Engine/EngineMaterials/Substrate/Glints2/dict_0001_0141" 9638
"/Engine/EngineMaterials/Substrate/Glints2/dict_0001_0142" 9639
"/Engine/EngineMaterials/Substrate/Glints2/dict_0001_0143" 9640
"/Engine/EngineMaterials/Substrate/Glints2/dict_0001_0144" 9641
"/Engine/EngineMaterials/Substrate/Glints2/dict_0001_0139" 9642
"../../../Engine/Content/EngineMaterials/Substrate/Glints2/dict_0001_0137.uasset" 9643
"../../../Engine/Content/EngineMaterials/Substrate/Glints2/dict_0001_0135.uasset" 9644
"../../../Engine/Content/EngineMaterials/Substrate/Glints2/dict_0001_0134.uasset" 9645
"../../../Engine/Content/EngineMaterials/Substrate/Glints2/dict_0001_0138.uasset" 9646
"../../../Engine/Content/EngineMaterials/Substrate/Glints2/dict_0001_0136.uasset" 9647
"../../../Engine/Content/EngineMaterials/Substrate/Glints2/dict_0001_0133.uasset" 9648
"../../../Engine/Content/EngineMaterials/Substrate/Glints2/dict_0001_0132.uasset" 9649
"../../../Engine/Content/EngineMaterials/Substrate/Glints2/dict_0001_0131.uasset" 9650
"../../../Engine/Content/EngineMaterials/Substrate/Glints2/dict_0001_0128.uasset" 9651
"../../../Engine/Content/EngineMaterials/Substrate/Glints2/dict_0001_0129.uasset" 9652
"../../../Engine/Content/EngineMaterials/Substrate/Glints2/dict_0001_0127.uasset" 9653
"/Engine/EngineMaterials/Substrate/Glints2/dict_0001_0131" 9654
"../../../Engine/Content/EngineMaterials/Substrate/Glints2/dict_0001_0125.uasset" 9655
"/Engine/EngineMaterials/Substrate/Glints2/dict_0001_0132" 9656
"/Engine/EngineMaterials/Substrate/Glints2/dict_0001_0137" 9657
"../../../Engine/Content/EngineMaterials/Substrate/Glints2/dict_0001_0124.uasset" 9658
"../../../Engine/Content/EngineMaterials/Substrate/Glints2/dict_0001_0126.uasset" 9659
"/Engine/EngineMaterials/Substrate/Glints2/dict_0001_0138" 9660
"/Engine/EngineMaterials/Substrate/Glints2/dict_0001_0133" 9661
"/Engine/EngineMaterials/Substrate/Glints2/dict_0001_0134" 9662
"/Engine/EngineMaterials/Substrate/Glints2/dict_0001_0135" 9663
"/Engine/EngineMaterials/Substrate/Glints2/dict_0001_0136" 9664
"/Engine/EngineMaterials/Substrate/Glints2/dict_0001_0128" 9665
"/Engine/EngineMaterials/Substrate/Glints2/dict_0001_0129" 9666
"/Engine/EngineMaterials/Substrate/Glints2/dict_0001_0124" 9667
"/Engine/EngineMaterials/Substrate/Glints2/dict_0001_0125" 9668
"/Engine/EngineMaterials/Substrate/Glints2/dict_0001_0126" 9669
"../../../Engine/Content/EngineMaterials/Substrate/Glints2/dict_0001_0123.uasset" 9670
"/Engine/EngineMaterials/Substrate/Glints2/dict_0001_0127" 9671
"/Engine/EngineMaterials/Substrate/Glints2/dict_0001_0123" 9672
"../../../Engine/Content/EngineMaterials/Substrate/Glints2/dict_0001_0122.uasset" 9673
"../../../Engine/Content/EngineMaterials/Substrate/Glints2/dict_0001_0120.uasset" 9674
"../../../Engine/Content/EngineMaterials/Substrate/Glints2/dict_0001_0121.uasset" 9675
"../../../Engine/Content/EngineMaterials/Substrate/Glints2/dict_0001_0119.uasset" 9676
"../../../Engine/Content/EngineMaterials/Substrate/Glints2/dict_0001_0130.uasset" 9677
"../../../Engine/Content/EngineMaterials/Substrate/Glints2/dict_0001_0117.uasset" 9678
"../../../Engine/Content/EngineMaterials/Substrate/Glints2/dict_0001_0118.uasset" 9679
"../../../Engine/Content/EngineMaterials/Substrate/Glints2/dict_0001_0116.uasset" 9680
"../../../Engine/Content/EngineMaterials/Substrate/Glints2/dict_0001_0114.uasset" 9681
"/Engine/EngineMaterials/Substrate/Glints2/dict_0001_0121" 9682
"/Engine/EngineMaterials/Substrate/Glints2/dict_0001_0114" 9683
"../../../Engine/Content/EngineMaterials/Substrate/Glints2/dict_0001_0111.uasset" 9684
"/Engine/EngineMaterials/Substrate/Glints2/dict_0001_0116" 9685
"../../../Engine/Content/EngineMaterials/Substrate/Glints2/dict_0001_0115.uasset" 9686
"../../../Engine/Content/EngineMaterials/Substrate/Glints2/dict_0001_0112.uasset" 9687
"../../../Engine/Content/EngineMaterials/Substrate/Glints2/dict_0001_0110.uasset" 9688
"/Engine/EngineMaterials/Substrate/Glints2/dict_0001_0117" 9689
"../../../Engine/Content/EngineMaterials/Substrate/Glints2/dict_0001_0113.uasset" 9690
"/Engine/EngineMaterials/Substrate/Glints2/dict_0001_0122" 9691
"/Engine/EngineMaterials/Substrate/Glints2/dict_0001_0118" 9692
"/Engine/EngineMaterials/Substrate/Glints2/dict_0001_0130" 9693
"../../../Engine/Content/EngineMaterials/Substrate/Glints2/dict_0001_0109.uasset" 9694
"/Engine/EngineMaterials/Substrate/Glints2/dict_0001_0119" 9695
"/Engine/EngineMaterials/Substrate/Glints2/dict_0001_0120" 9696
"/Engine/EngineMaterials/Substrate/Glints2/dict_0001_0109" 9697
"/Engine/EngineMaterials/Substrate/Glints2/dict_0001_0115" 9698
"/Engine/EngineMaterials/Substrate/Glints2/dict_0001_0110" 9699
"/Engine/EngineMaterials/Substrate/Glints2/dict_0001_0111" 9700
"/Engine/EngineMaterials/Substrate/Glints2/dict_0001_0112" 9701
"/Engine/EngineMaterials/Substrate/Glints2/dict_0001_0113" 9702
"../../../Engine/Content/EngineMaterials/Substrate/Glints2/dict_0001_0108.uasset" 9703
"../../../Engine/Content/EngineMaterials/Substrate/Glints2/dict_0001_0107.uasset" 9704
"../../../Engine/Content/EngineMaterials/Substrate/Glints2/dict_0001_0106.uasset" 9705
"../../../Engine/Content/EngineMaterials/Substrate/Glints2/dict_0001_0105.uasset" 9706
"../../../Engine/Content/EngineMaterials/Substrate/Glints2/dict_0001_0101.uasset" 9707
"../../../Engine/Content/EngineMaterials/Substrate/Glints2/dict_0001_0103.uasset" 9708
"../../../Engine/Content/EngineMaterials/Substrate/Glints2/dict_0001_0104.uasset" 9709
"../../../Engine/Content/EngineMaterials/Substrate/Glints2/dict_0001_0102.uasset" 9710
"../../../Engine/Content/EngineMaterials/Substrate/Glints2/dict_0001_0099.uasset" 9711
"../../../Engine/Content/EngineMaterials/Substrate/Glints2/dict_0001_0100.uasset" 9712
"../../../Engine/Content/EngineMaterials/Substrate/Glints2/dict_0001_0098.uasset" 9713
"/Engine/EngineMaterials/Substrate/Glints2/dict_0001_0098" 9714
"/Engine/EngineMaterials/Substrate/Glints2/dict_0001_0099" 9715
"/Engine/EngineMaterials/Substrate/Glints2/dict_0001_0100" 9716
"/Engine/EngineMaterials/Substrate/Glints2/dict_0001_0101" 9717
"/Engine/EngineMaterials/Substrate/Glints2/dict_0001_0107" 9718
"../../../Engine/Content/EngineMaterials/Substrate/Glints2/dict_0001_0096.uasset" 9719
"/Engine/EngineMaterials/Substrate/Glints2/dict_0001_0108" 9720
"/Engine/EngineMaterials/Substrate/Glints2/dict_0001_0102" 9721
"/Engine/EngineMaterials/Substrate/Glints2/dict_0001_0103" 9722
"/Engine/EngineMaterials/Substrate/Glints2/dict_0001_0104" 9723
"/Engine/EngineMaterials/Substrate/Glints2/dict_0001_0105" 9724
"/Engine/EngineMaterials/Substrate/Glints2/dict_0001_0106" 9725
"/Engine/EngineMaterials/Substrate/Glints2/dict_0001_0096" 9726
"../../../Engine/Content/EngineMaterials/Substrate/Glints2/dict_0001_0095.uasset" 9727
"../../../Engine/Content/EngineMaterials/Substrate/Glints2/dict_0001_0093.uasset" 9728
"../../../Engine/Content/EngineMaterials/Substrate/Glints2/dict_0001_0097.uasset" 9729
"../../../Engine/Content/EngineMaterials/Substrate/Glints2/dict_0001_0092.uasset" 9730
"../../../Engine/Content/EngineMaterials/Substrate/Glints2/dict_0001_0094.uasset" 9731
"../../../Engine/Content/EngineMaterials/Substrate/Glints2/dict_0001_0091.uasset" 9732
"../../../Engine/Content/EngineMaterials/Substrate/Glints2/dict_0001_0090.uasset" 9733
"../../../Engine/Content/EngineMaterials/Substrate/Glints2/dict_0001_0089.uasset" 9734
"/Engine/EngineMaterials/Substrate/Glints2/dict_0001_0093" 9735
"../../../Engine/Content/EngineMaterials/Substrate/Glints2/dict_0001_0084.uasset" 9736
"../../../Engine/Content/EngineMaterials/Substrate/Glints2/dict_0001_0088.uasset" 9737
"../../../Engine/Content/EngineMaterials/Substrate/Glints2/dict_0001_0087.uasset" 9738
"/Engine/EngineMaterials/Substrate/Glints2/dict_0001_0092" 9739
"../../../Engine/Content/EngineMaterials/Substrate/Glints2/dict_0001_0085.uasset" 9740
"../../../Engine/Content/EngineMaterials/Substrate/Glints2/dict_0001_0083.uasset" 9741
"/Engine/EngineMaterials/Substrate/Glints2/dict_0001_0094" 9742
"/Engine/EngineMaterials/Substrate/Glints2/dict_0001_0095" 9743
"../../../Engine/Content/EngineMaterials/Substrate/Glints2/dict_0001_0082.uasset" 9744
"/Engine/EngineMaterials/Substrate/Glints2/dict_0001_0097" 9745
"/Engine/EngineMaterials/Substrate/Glints2/dict_0001_0089" 9746
"/Engine/EngineMaterials/Substrate/Glints2/dict_0001_0090" 9747
"/Engine/EngineMaterials/Substrate/Glints2/dict_0001_0091" 9748
"/Engine/EngineMaterials/Substrate/Glints2/dict_0001_0083" 9749
"/Engine/EngineMaterials/Substrate/Glints2/dict_0001_0084" 9750
"/Engine/EngineMaterials/Substrate/Glints2/dict_0001_0085" 9751
"/Engine/EngineMaterials/Substrate/Glints2/dict_0001_0087" 9752
"/Engine/EngineMaterials/Substrate/Glints2/dict_0001_0088" 9753
"/Engine/EngineMaterials/Substrate/Glints2/dict_0001_0082" 9754
"../../../Engine/Content/EngineMaterials/Substrate/Glints2/dict_0001_0081.uasset" 9755
"../../../Engine/Content/EngineMaterials/Substrate/Glints2/dict_0001_0086.uasset" 9756
"../../../Engine/Content/EngineMaterials/Substrate/Glints2/dict_0001_0077.uasset" 9757
"../../../Engine/Content/EngineMaterials/Substrate/Glints2/dict_0001_0076.uasset" 9758
"../../../Engine/Content/EngineMaterials/Substrate/Glints2/dict_0001_0079.uasset" 9759
"../../../Engine/Content/EngineMaterials/Substrate/Glints2/dict_0001_0080.uasset" 9760
"../../../Engine/Content/EngineMaterials/Substrate/Glints2/dict_0001_0078.uasset" 9761
"../../../Engine/Content/EngineMaterials/Substrate/Glints2/dict_0001_0075.uasset" 9762
"/Engine/EngineMaterials/Substrate/Glints2/dict_0001_0077" 9763
"../../../Engine/Content/EngineMaterials/Substrate/Glints2/dict_0001_0074.uasset" 9764
"../../../Engine/Content/EngineMaterials/Substrate/Glints2/dict_0001_0073.uasset" 9765
"/Engine/EngineMaterials/Substrate/Glints2/dict_0001_0078" 9766
"/Engine/EngineMaterials/Substrate/Glints2/dict_0001_0086" 9767
"/Engine/EngineMaterials/Substrate/Glints2/dict_0001_0079" 9768
"/Engine/EngineMaterials/Substrate/Glints2/dict_0001_0080" 9769
"/Engine/EngineMaterials/Substrate/Glints2/dict_0001_0081" 9770
"/Engine/EngineMaterials/Substrate/Glints2/dict_0001_0075" 9771
"/Engine/EngineMaterials/Substrate/Glints2/dict_0001_0076" 9772
"/Engine/EngineMaterials/Substrate/Glints2/dict_0001_0073" 9773
"../../../Engine/Content/EngineMaterials/Substrate/Glints2/dict_0001_0071.uasset" 9774
"../../../Engine/Content/EngineMaterials/Substrate/Glints2/dict_0001_0069.uasset" 9775
"../../../Engine/Content/EngineMaterials/Substrate/Glints2/dict_0001_0070.uasset" 9776
"/Engine/EngineMaterials/Substrate/Glints2/dict_0001_0074" 9777
"../../../Engine/Content/EngineMaterials/Substrate/Glints2/dict_0001_0068.uasset" 9778
"../../../Engine/Content/EngineMaterials/Substrate/Glints2/dict_0001_0072.uasset" 9779
"/Engine/EngineMaterials/Substrate/Glints2/dict_0001_0068" 9780
"/Engine/EngineMaterials/Substrate/Glints2/dict_0001_0069" 9781
"/Engine/EngineMaterials/Substrate/Glints2/dict_0001_0070" 9782
"/Engine/EngineMaterials/Substrate/Glints2/dict_0001_0071" 9783
"/Engine/EngineMaterials/Substrate/Glints2/dict_0001_0072" 9784
"../../../Engine/Content/EngineMaterials/Substrate/Glints2/dict_0001_0067.uasset" 9785
"../../../Engine/Content/EngineMaterials/Substrate/Glints2/dict_0001_0065.uasset" 9786
"../../../Engine/Content/EngineMaterials/Substrate/Glints2/dict_0001_0066.uasset" 9787
"../../../Engine/Content/EngineMaterials/Substrate/Glints2/dict_0001_0064.uasset" 9788
"../../../Engine/Content/EngineMaterials/Substrate/Glints2/dict_0001_0062.uasset" 9789
"../../../Engine/Content/EngineMaterials/Substrate/Glints2/dict_0001_0061.uasset" 9790
"../../../Engine/Content/EngineMaterials/Substrate/Glints2/dict_0001_0063.uasset" 9791
"../../../Engine/Content/EngineMaterials/Substrate/Glints2/dict_0001_0060.uasset" 9792
"/Engine/EngineMaterials/Substrate/Glints2/dict_0001_0066" 9793
"/Engine/EngineMaterials/Substrate/Glints2/dict_0001_0067" 9794
"../../../Engine/Content/EngineMaterials/Substrate/Glints2/dict_0001_0059.uasset" 9795
"/Engine/EngineMaterials/Substrate/Glints2/dict_0001_0065" 9796
"/Engine/EngineMaterials/Substrate/Glints2/dict_0001_0061" 9797
"/Engine/EngineMaterials/Substrate/Glints2/dict_0001_0062" 9798
"/Engine/EngineMaterials/Substrate/Glints2/dict_0001_0063" 9799
"/Engine/EngineMaterials/Substrate/Glints2/dict_0001_0064" 9800
"/Engine/EngineMaterials/Substrate/Glints2/dict_0001_0059" 9801
"/Engine/EngineMaterials/Substrate/Glints2/dict_0001_0060" 9802
"../../../Engine/Content/EngineMaterials/Substrate/Glints2/dict_0001_0057.uasset" 9803
"../../../Engine/Content/EngineMaterials/Substrate/Glints2/dict_0001_0058.uasset" 9804
"../../../Engine/Content/EngineMaterials/Substrate/Glints2/dict_0001_0056.uasset" 9805
"/Engine/EngineMaterials/Substrate/Glints2/dict_0001_0057" 9806
"../../../Engine/Content/EngineMaterials/Substrate/Glints2/dict_0001_0053.uasset" 9807
"../../../Engine/Content/EngineMaterials/Substrate/Glints2/dict_0001_0054.uasset" 9808
"../../../Engine/Content/EngineMaterials/Substrate/Glints2/dict_0001_0055.uasset" 9809
"../../../Engine/Content/EngineMaterials/Substrate/Glints2/dict_0001_0052.uasset" 9810
"/Engine/EngineMaterials/Substrate/Glints2/dict_0001_0058" 9811
"/Engine/EngineMaterials/Substrate/Glints2/dict_0001_0056" 9812
"/Engine/EngineMaterials/Substrate/Glints2/dict_0001_0052" 9813
"/Engine/EngineMaterials/Substrate/Glints2/dict_0001_0053" 9814
"/Engine/EngineMaterials/Substrate/Glints2/dict_0001_0054" 9815
"../../../Engine/Content/EngineMaterials/Substrate/Glints2/dict_0001_0048.uasset" 9816
"../../../Engine/Content/EngineMaterials/Substrate/Glints2/dict_0001_0049.uasset" 9817
"/Engine/EngineMaterials/Substrate/Glints2/dict_0001_0055" 9818
"../../../Engine/Content/EngineMaterials/Substrate/Glints2/dict_0001_0051.uasset" 9819
"../../../Engine/Content/EngineMaterials/Substrate/Glints2/dict_0001_0050.uasset" 9820
"/Engine/EngineMaterials/Substrate/Glints2/dict_0001_0051" 9821
"/Engine/EngineMaterials/Substrate/Glints2/dict_0001_0048" 9822
"/Engine/EngineMaterials/Substrate/Glints2/dict_0001_0049" 9823
"/Engine/EngineMaterials/Substrate/Glints2/dict_0001_0050" 9824
"../../../Engine/Content/EngineMaterials/Substrate/Glints2/dict_0001_0046.uasset" 9825
"../../../Engine/Content/EngineMaterials/Substrate/Glints2/dict_0001_0044.uasset" 9826
"../../../Engine/Content/EngineMaterials/Substrate/Glints2/dict_0001_0045.uasset" 9827
"../../../Engine/Content/EngineMaterials/Substrate/Glints2/dict_0001_0047.uasset" 9828
"/Engine/EngineMaterials/Substrate/Glints2/dict_0001_0044" 9829
"/Engine/EngineMaterials/Substrate/Glints2/dict_0001_0045" 9830
"/Engine/EngineMaterials/Substrate/Glints2/dict_0001_0046" 9831
"/Engine/EngineMaterials/Substrate/Glints2/dict_0001_0047" 9832
"../../../Engine/Content/EngineMaterials/Substrate/Glints2/dict_0001_0043.uasset" 9833
"../../../Engine/Content/EngineMaterials/Substrate/Glints2/dict_0001_0040.uasset" 9834
"../../../Engine/Content/EngineMaterials/Substrate/Glints2/dict_0001_0041.uasset" 9835
"../../../Engine/Content/EngineMaterials/Substrate/Glints2/dict_0001_0042.uasset" 9836
"../../../Engine/Content/EngineMaterials/Substrate/Glints2/dict_0001_0039.uasset" 9837
"../../../Engine/Content/EngineMaterials/Substrate/Glints2/dict_0001_0038.uasset" 9838
"../../../Engine/Content/EngineMaterials/Substrate/Glints2/dict_0001_0036.uasset" 9839
"/Engine/EngineMaterials/Substrate/Glints2/dict_0001_0038" 9840
"../../../Engine/Content/EngineMaterials/Substrate/Glints2/dict_0001_0033.uasset" 9841
"../../../Engine/Content/EngineMaterials/Substrate/Glints2/dict_0001_0037.uasset" 9842
"../../../Engine/Content/EngineMaterials/Substrate/Glints2/dict_0001_0035.uasset" 9843
"../../../Engine/Content/EngineMaterials/Substrate/Glints2/dict_0001_0034.uasset" 9844
"/Engine/EngineMaterials/Substrate/Glints2/dict_0001_0039" 9845
"../../../Engine/Content/EngineMaterials/Substrate/Glints2/dict_0001_0032.uasset" 9846
"/Engine/EngineMaterials/Substrate/Glints2/dict_0001_0040" 9847
"/Engine/EngineMaterials/Substrate/Glints2/dict_0001_0043" 9848
"/Engine/EngineMaterials/Substrate/Glints2/dict_0001_0036" 9849
"/Engine/EngineMaterials/Substrate/Glints2/dict_0001_0041" 9850
"/Engine/EngineMaterials/Substrate/Glints2/dict_0001_0042" 9851
"/Engine/EngineMaterials/Substrate/Glints2/dict_0001_0037" 9852
"/Engine/EngineMaterials/Substrate/Glints2/dict_0001_0032" 9853
"/Engine/EngineMaterials/Substrate/Glints2/dict_0001_0033" 9854
"/Engine/EngineMaterials/Substrate/Glints2/dict_0001_0034" 9855
"/Engine/EngineMaterials/Substrate/Glints2/dict_0001_0035" 9856
"../../../Engine/Content/EngineMaterials/Substrate/Glints2/dict_0001_0029.uasset" 9857
"../../../Engine/Content/EngineMaterials/Substrate/Glints2/dict_0001_0025.uasset" 9858
"../../../Engine/Content/EngineMaterials/Substrate/Glints2/dict_0001_0027.uasset" 9859
"../../../Engine/Content/EngineMaterials/Substrate/Glints2/dict_0001_0026.uasset" 9860
"../../../Engine/Content/EngineMaterials/Substrate/Glints2/dict_0001_0031.uasset" 9861
"../../../Engine/Content/EngineMaterials/Substrate/Glints2/dict_0001_0028.uasset" 9862
"../../../Engine/Content/EngineMaterials/Substrate/Glints2/dict_0001_0024.uasset" 9863
"../../../Engine/Content/EngineMaterials/Substrate/Glints2/dict_0001_0030.uasset" 9864
"../../../Engine/Content/EngineMaterials/Substrate/Glints2/dict_0001_0020.uasset" 9865
"../../../Engine/Content/EngineMaterials/Substrate/Glints2/dict_0001_0022.uasset" 9866
"../../../Engine/Content/EngineMaterials/Substrate/Glints2/dict_0001_0018.uasset" 9867
"../../../Engine/Content/EngineMaterials/Substrate/Glints2/dict_0001_0023.uasset" 9868
"../../../Engine/Content/EngineMaterials/Substrate/Glints2/dict_0001_0017.uasset" 9869
"../../../Engine/Content/EngineMaterials/Substrate/Glints2/dict_0001_0019.uasset" 9870
"../../../Engine/Content/EngineMaterials/Substrate/Glints2/dict_0001_0021.uasset" 9871
"/Engine/EngineMaterials/Substrate/Glints2/dict_0001_0029" 9872
"/Engine/EngineMaterials/Substrate/Glints2/dict_0001_0024" 9873
"/Engine/EngineMaterials/Substrate/Glints2/dict_0001_0030" 9874
"/Engine/EngineMaterials/Substrate/Glints2/dict_0001_0020" 9875
"/Engine/EngineMaterials/Substrate/Glints2/dict_0001_0021" 9876
"/Engine/EngineMaterials/Substrate/Glints2/dict_0001_0022" 9877
"/Engine/EngineMaterials/Substrate/Glints2/dict_0001_0025" 9878
"/Engine/EngineMaterials/Substrate/Glints2/dict_0001_0027" 9879
"/Engine/EngineMaterials/Substrate/Glints2/dict_0001_0023" 9880
"/Engine/EngineMaterials/Substrate/Glints2/dict_0001_0028" 9881
"/Engine/EngineMaterials/Substrate/Glints2/dict_0001_0031" 9882
"/Engine/EngineMaterials/Substrate/Glints2/dict_0001_0017" 9883
"/Engine/EngineMaterials/Substrate/Glints2/dict_0001_0018" 9884
"/Engine/EngineMaterials/Substrate/Glints2/dict_0001_0026" 9885
"/Engine/EngineMaterials/Substrate/Glints2/dict_0001_0019" 9886
"../../../Engine/Content/EngineMaterials/Substrate/Glints2/dict_0001_0011.uasset" 9887
"../../../Engine/Content/EngineMaterials/Substrate/Glints2/dict_0001_0009.uasset" 9888
"../../../Engine/Content/EngineMaterials/Substrate/Glints2/dict_0001_0015.uasset" 9889
"../../../Engine/Content/EngineMaterials/Substrate/Glints2/dict_0001_0012.uasset" 9890
"../../../Engine/Content/EngineMaterials/Substrate/Glints2/dict_0001_0016.uasset" 9891
"../../../Engine/Content/EngineMaterials/Substrate/Glints2/dict_0001_0010.uasset" 9892
"../../../Engine/Content/EngineMaterials/Substrate/Glints2/dict_0001_0014.uasset" 9893
"../../../Engine/Content/EngineMaterials/Substrate/Glints2/dict_0001_0013.uasset" 9894
"/Engine/EngineMaterials/Substrate/Glints2/dict_0001_0016" 9895
"/Engine/EngineMaterials/Substrate/Glints2/dict_0001_0012" 9896
"../../../Engine/Content/EngineMaterials/Substrate/Glints2/dict_0001_0006.uasset" 9897
"/Engine/EngineMaterials/Substrate/Glints2/dict_0001_0013" 9898
"../../../Engine/Content/EngineMaterials/Substrate/Glints2/dict_0001_0008.uasset" 9899
"../../../Engine/Content/EngineMaterials/Substrate/Glints2/dict_0001_0005.uasset" 9900
"/Engine/EngineMaterials/Substrate/Glints2/dict_0001_0009" 9901
"../../../Engine/Content/EngineMaterials/Substrate/Glints2/dict_0001_0007.uasset" 9902
"/Engine/EngineMaterials/Substrate/Glints2/dict_0001_0010" 9903
"/Engine/EngineMaterials/Substrate/Glints2/dict_0001_0014" 9904
"/Engine/EngineMaterials/Substrate/Glints2/dict_0001_0015" 9905
"/Engine/EngineMaterials/Substrate/Glints2/dict_0001_0011" 9906
"/Engine/EngineMaterials/Substrate/Glints2/dict_0001_0005" 9907
"/Engine/EngineMaterials/Substrate/Glints2/dict_0001_0006" 9908
"../../../Engine/Content/EngineMaterials/Substrate/Glints2/dict_0001_0003.uasset" 9909
"/Engine/EngineMaterials/Substrate/Glints2/dict_0001_0007" 9910
"/Engine/EngineMaterials/Substrate/Glints2/dict_0001_0008" 9911
"/Engine/EngineMaterials/Substrate/Glints2/dict_0001_0003" 9912
"../../../Engine/Content/EngineMaterials/Substrate/Glints2/dict_0001_0004.uasset" 9913
"../../../Engine/Content/EngineMaterials/Substrate/Glints2/dict_0001_0002.uasset" 9914
"../../../Engine/Content/EngineMaterials/Substrate/Glints2/dict_0001_0000.uasset" 9915
"../../../Engine/Content/EngineMaterials/Substrate/Glints2/dict_0001_0001.uasset" 9916
"/Engine/EngineMaterials/Substrate/Glints2/dict_0001_0000" 9917
"/Engine/EngineMaterials/Substrate/Glints2/dict_0001_0001" 9918
"/Engine/EngineMaterials/Substrate/Glints2/dict_0001_0002" 9919
"/Engine/EngineMaterials/Substrate/Glints2/dict_0001_0004" 9920
"../../../Engine/Content/EngineMaterials/Substrate/Glints2/dict_0000_0255.uasset" 9921
"/Engine/EngineMaterials/Substrate/Glints2/dict_0000_0255" 9922
"../../../Engine/Content/EngineMaterials/Substrate/Glints2/dict_0000_0254.uasset" 9923
"/Engine/EngineMaterials/Substrate/Glints2/dict_0000_0254" 9924
"../../../Engine/Content/EngineMaterials/Substrate/Glints2/dict_0000_0252.uasset" 9925
"../../../Engine/Content/EngineMaterials/Substrate/Glints2/dict_0000_0251.uasset" 9926
"../../../Engine/Content/EngineMaterials/Substrate/Glints2/dict_0000_0250.uasset" 9927
"/Engine/EngineMaterials/Substrate/Glints2/dict_0000_0250" 9928
"/Engine/EngineMaterials/Substrate/Glints2/dict_0000_0251" 9929
"/Engine/EngineMaterials/Substrate/Glints2/dict_0000_0252" 9930
"../../../Engine/Content/EngineMaterials/Substrate/Glints2/dict_0000_0247.uasset" 9931
"/Engine/EngineMaterials/Substrate/Glints2/dict_0000_0247" 9932
"../../../Engine/Content/EngineMaterials/Substrate/Glints2/dict_0000_0249.uasset" 9933
"/Engine/EngineMaterials/Substrate/Glints2/dict_0000_0249" 9934
"../../../Engine/Content/EngineMaterials/Substrate/Glints2/dict_0000_0246.uasset" 9935
"../../../Engine/Content/EngineMaterials/Substrate/Glints2/dict_0000_0244.uasset" 9936
"../../../Engine/Content/EngineMaterials/Substrate/Glints2/dict_0000_0245.uasset" 9937
"/Engine/EngineMaterials/Substrate/Glints2/dict_0000_0244" 9938
"/Engine/EngineMaterials/Substrate/Glints2/dict_0000_0245" 9939
"/Engine/EngineMaterials/Substrate/Glints2/dict_0000_0246" 9940
"../../../Engine/Content/EngineMaterials/Substrate/Glints2/dict_0000_0243.uasset" 9941
"../../../Engine/Content/EngineMaterials/Substrate/Glints2/dict_0000_0248.uasset" 9942
"../../../Engine/Content/EngineMaterials/Substrate/Glints2/dict_0000_0242.uasset" 9943
"../../../Engine/Content/EngineMaterials/Substrate/Glints2/dict_0000_0253.uasset" 9944
"../../../Engine/Content/EngineMaterials/Substrate/Glints2/dict_0000_0239.uasset" 9945
"../../../Engine/Content/EngineMaterials/Substrate/Glints2/dict_0000_0240.uasset" 9946
"../../../Engine/Content/EngineMaterials/Substrate/Glints2/dict_0000_0241.uasset" 9947
"/Engine/EngineMaterials/Substrate/Glints2/dict_0000_0241" 9948
"../../../Engine/Content/EngineMaterials/Substrate/Glints2/dict_0000_0238.uasset" 9949
"../../../Engine/Content/EngineMaterials/Substrate/Glints2/dict_0000_0236.uasset" 9950
"/Engine/EngineMaterials/Substrate/Glints2/dict_0000_0242" 9951
"/Engine/EngineMaterials/Substrate/Glints2/dict_0000_0243" 9952
"../../../Engine/Content/EngineMaterials/Substrate/Glints2/dict_0000_0237.uasset" 9953
"/Engine/EngineMaterials/Substrate/Glints2/dict_0000_0248" 9954
"../../../Engine/Content/EngineMaterials/Substrate/Glints2/dict_0000_0232.uasset" 9955
"/Engine/EngineMaterials/Substrate/Glints2/dict_0000_0239" 9956
"/Engine/EngineMaterials/Substrate/Glints2/dict_0000_0240" 9957
"/Engine/EngineMaterials/Substrate/Glints2/dict_0000_0253" 9958
"/Engine/EngineMaterials/Substrate/Glints2/dict_0000_0232" 9959
"/Engine/EngineMaterials/Substrate/Glints2/dict_0000_0236" 9960
"/Engine/EngineMaterials/Substrate/Glints2/dict_0000_0237" 9961
"/Engine/EngineMaterials/Substrate/Glints2/dict_0000_0238" 9962
"../../../Engine/Content/EngineMaterials/Substrate/Glints2/dict_0000_0233.uasset" 9963
"/Engine/EngineMaterials/Substrate/Glints2/dict_0000_0233" 9964
"../../../Engine/Content/EngineMaterials/Substrate/Glints2/dict_0000_0234.uasset" 9965
"../../../Engine/Content/EngineMaterials/Substrate/Glints2/dict_0000_0235.uasset" 9966
"/Engine/EngineMaterials/Substrate/Glints2/dict_0000_0234" 9967
"../../../Engine/Content/EngineMaterials/Substrate/Glints2/dict_0000_0228.uasset" 9968
"../../../Engine/Content/EngineMaterials/Substrate/Glints2/dict_0000_0226.uasset" 9969
"/Engine/EngineMaterials/Substrate/Glints2/dict_0000_0235" 9970
"/Engine/EngineMaterials/Substrate/Glints2/dict_0000_0226" 9971
"/Engine/EngineMaterials/Substrate/Glints2/dict_0000_0228" 9972
"../../../Engine/Content/EngineMaterials/Substrate/Glints2/dict_0000_0231.uasset" 9973
"../../../Engine/Content/EngineMaterials/Substrate/Glints2/dict_0000_0230.uasset" 9974
"../../../Engine/Content/EngineMaterials/Substrate/Glints2/dict_0000_0229.uasset" 9975
"../../../Engine/Content/EngineMaterials/Substrate/Glints2/dict_0000_0227.uasset" 9976
"../../../Engine/Content/EngineMaterials/Substrate/Glints2/dict_0000_0225.uasset" 9977
"../../../Engine/Content/EngineMaterials/Substrate/Glints2/dict_0000_0222.uasset" 9978
"../../../Engine/Content/EngineMaterials/Substrate/Glints2/dict_0000_0219.uasset" 9979
"../../../Engine/Content/EngineMaterials/Substrate/Glints2/dict_0000_0221.uasset" 9980
"../../../Engine/Content/EngineMaterials/Substrate/Glints2/dict_0000_0218.uasset" 9981
"../../../Engine/Content/EngineMaterials/Substrate/Glints2/dict_0000_0224.uasset" 9982
"/Engine/EngineMaterials/Substrate/Glints2/dict_0000_0229" 9983
"../../../Engine/Content/EngineMaterials/Substrate/Glints2/dict_0000_0223.uasset" 9984
"../../../Engine/Content/EngineMaterials/Substrate/Glints2/dict_0000_0217.uasset" 9985
"../../../Engine/Content/EngineMaterials/Substrate/Glints2/dict_0000_0220.uasset" 9986
"/Engine/EngineMaterials/Substrate/Glints2/dict_0000_0230" 9987
"/Engine/EngineMaterials/Substrate/Glints2/dict_0000_0231" 9988
"/Engine/EngineMaterials/Substrate/Glints2/dict_0000_0218" 9989
"/Engine/EngineMaterials/Substrate/Glints2/dict_0000_0219" 9990
"/Engine/EngineMaterials/Substrate/Glints2/dict_0000_0225" 9991
"/Engine/EngineMaterials/Substrate/Glints2/dict_0000_0221" 9992
"/Engine/EngineMaterials/Substrate/Glints2/dict_0000_0222" 9993
"/Engine/EngineMaterials/Substrate/Glints2/dict_0000_0227" 9994
"/Engine/EngineMaterials/Substrate/Glints2/dict_0000_0224" 9995
"/Engine/EngineMaterials/Substrate/Glints2/dict_0000_0217" 9996
"/Engine/EngineMaterials/Substrate/Glints2/dict_0000_0220" 9997
"/Engine/EngineMaterials/Substrate/Glints2/dict_0000_0223" 9998
"../../../Engine/Content/EngineMaterials/Substrate/Glints2/dict_0000_0216.uasset" 9999
"../../../Engine/Content/EngineMaterials/Substrate/Glints2/dict_0000_0210.uasset" 10000
"../../../Engine/Content/EngineMaterials/Substrate/Glints2/dict_0000_0212.uasset" 10001
"../../../Engine/Content/EngineMaterials/Substrate/Glints2/dict_0000_0215.uasset" 10002
"../../../Engine/Content/EngineMaterials/Substrate/Glints2/dict_0000_0214.uasset" 10003
"../../../Engine/Content/EngineMaterials/Substrate/Glints2/dict_0000_0213.uasset" 10004
"../../../Engine/Content/EngineMaterials/Substrate/Glints2/dict_0000_0209.uasset" 10005
"../../../Engine/Content/EngineMaterials/Substrate/Glints2/dict_0000_0211.uasset" 10006
"/Engine/EngineMaterials/Substrate/Glints2/dict_0000_0209" 10007
"/Engine/EngineMaterials/Substrate/Glints2/dict_0000_0214" 10008
"/Engine/EngineMaterials/Substrate/Glints2/dict_0000_0215" 10009
"../../../Engine/Content/EngineMaterials/Substrate/Glints2/dict_0000_0205.uasset" 10010
"../../../Engine/Content/EngineMaterials/Substrate/Glints2/dict_0000_0206.uasset" 10011
"/Engine/EngineMaterials/Substrate/Glints2/dict_0000_0216" 10012
"../../../Engine/Content/EngineMaterials/Substrate/Glints2/dict_0000_0203.uasset" 10013
"../../../Engine/Content/EngineMaterials/Substrate/Glints2/dict_0000_0204.uasset" 10014
"/Engine/EngineMaterials/Substrate/Glints2/dict_0000_0210" 10015
"../../../Engine/Content/EngineMaterials/Substrate/Glints2/dict_0000_0208.uasset" 10016
"../../../Engine/Content/EngineMaterials/Substrate/Glints2/dict_0000_0207.uasset" 10017
"../../../Engine/Content/EngineMaterials/Substrate/Glints2/dict_0000_0202.uasset" 10018
"/Engine/EngineMaterials/Substrate/Glints2/dict_0000_0211" 10019
"../../../Engine/Content/EngineMaterials/Substrate/Glints2/dict_0000_0201.uasset" 10020
"/Engine/EngineMaterials/Substrate/Glints2/dict_0000_0212" 10021
"/Engine/EngineMaterials/Substrate/Glints2/dict_0000_0213" 10022
"/Engine/EngineMaterials/Substrate/Glints2/dict_0000_0207" 10023
"/Engine/EngineMaterials/Substrate/Glints2/dict_0000_0202" 10024
"/Engine/EngineMaterials/Substrate/Glints2/dict_0000_0208" 10025
"/Engine/EngineMaterials/Substrate/Glints2/dict_0000_0203" 10026
"/Engine/EngineMaterials/Substrate/Glints2/dict_0000_0201" 10027
"/Engine/EngineMaterials/Substrate/Glints2/dict_0000_0204" 10028
"/Engine/EngineMaterials/Substrate/Glints2/dict_0000_0205" 10029
"/Engine/EngineMaterials/Substrate/Glints2/dict_0000_0206" 10030
"../../../Engine/Content/EngineMaterials/Substrate/Glints2/dict_0000_0197.uasset" 10031
"../../../Engine/Content/EngineMaterials/Substrate/Glints2/dict_0000_0199.uasset" 10032
"../../../Engine/Content/EngineMaterials/Substrate/Glints2/dict_0000_0195.uasset" 10033
"../../../Engine/Content/EngineMaterials/Substrate/Glints2/dict_0000_0196.uasset" 10034
"../../../Engine/Content/EngineMaterials/Substrate/Glints2/dict_0000_0193.uasset" 10035
"../../../Engine/Content/EngineMaterials/Substrate/Glints2/dict_0000_0194.uasset" 10036
"../../../Engine/Content/EngineMaterials/Substrate/Glints2/dict_0000_0198.uasset" 10037
"../../../Engine/Content/EngineMaterials/Substrate/Glints2/dict_0000_0200.uasset" 10038
"/Engine/EngineMaterials/Substrate/Glints2/dict_0000_0200" 10039
"/Engine/EngineMaterials/Substrate/Glints2/dict_0000_0193" 10040
"/Engine/EngineMaterials/Substrate/Glints2/dict_0000_0194" 10041
"/Engine/EngineMaterials/Substrate/Glints2/dict_0000_0198" 10042
"/Engine/EngineMaterials/Substrate/Glints2/dict_0000_0195" 10043
"/Engine/EngineMaterials/Substrate/Glints2/dict_0000_0196" 10044
"/Engine/EngineMaterials/Substrate/Glints2/dict_0000_0199" 10045
"/Engine/EngineMaterials/Substrate/Glints2/dict_0000_0197" 10046
"../../../Engine/Content/EngineMaterials/Substrate/Glints2/dict_0000_0187.uasset" 10047
"../../../Engine/Content/EngineMaterials/Substrate/Glints2/dict_0000_0191.uasset" 10048
"../../../Engine/Content/EngineMaterials/Substrate/Glints2/dict_0000_0189.uasset" 10049
"../../../Engine/Content/EngineMaterials/Substrate/Glints2/dict_0000_0192.uasset" 10050
"../../../Engine/Content/EngineMaterials/Substrate/Glints2/dict_0000_0185.uasset" 10051
"../../../Engine/Content/EngineMaterials/Substrate/Glints2/dict_0000_0188.uasset" 10052
"../../../Engine/Content/EngineMaterials/Substrate/Glints2/dict_0000_0186.uasset" 10053
"../../../Engine/Content/EngineMaterials/Substrate/Glints2/dict_0000_0190.uasset" 10054
"/Engine/EngineMaterials/Substrate/Glints2/dict_0000_0185" 10055
"/Engine/EngineMaterials/Substrate/Glints2/dict_0000_0189" 10056
"../../../Engine/Content/EngineMaterials/Substrate/Glints2/dict_0000_0178.uasset" 10057
"../../../Engine/Content/EngineMaterials/Substrate/Glints2/dict_0000_0184.uasset" 10058
"../../../Engine/Content/EngineMaterials/Substrate/Glints2/dict_0000_0182.uasset" 10059
"../../../Engine/Content/EngineMaterials/Substrate/Glints2/dict_0000_0181.uasset" 10060
"/Engine/EngineMaterials/Substrate/Glints2/dict_0000_0190" 10061
"../../../Engine/Content/EngineMaterials/Substrate/Glints2/dict_0000_0179.uasset" 10062
"../../../Engine/Content/EngineMaterials/Substrate/Glints2/dict_0000_0183.uasset" 10063
"/Engine/EngineMaterials/Substrate/Glints2/dict_0000_0191" 10064
"/Engine/EngineMaterials/Substrate/Glints2/dict_0000_0192" 10065
"/Engine/EngineMaterials/Substrate/Glints2/dict_0000_0186" 10066
"/Engine/EngineMaterials/Substrate/Glints2/dict_0000_0187" 10067
"../../../Engine/Content/EngineMaterials/Substrate/Glints2/dict_0000_0177.uasset" 10068
"/Engine/EngineMaterials/Substrate/Glints2/dict_0000_0188" 10069
"/Engine/EngineMaterials/Substrate/Glints2/dict_0000_0177" 10070
"/Engine/EngineMaterials/Substrate/Glints2/dict_0000_0178" 10071
"../../../Engine/Content/EngineMaterials/Substrate/Glints2/dict_0000_0180.uasset" 10072
"/Engine/EngineMaterials/Substrate/Glints2/dict_0000_0179" 10073
"/Engine/EngineMaterials/Substrate/Glints2/dict_0000_0181" 10074
"/Engine/EngineMaterials/Substrate/Glints2/dict_0000_0182" 10075
"/Engine/EngineMaterials/Substrate/Glints2/dict_0000_0183" 10076
"/Engine/EngineMaterials/Substrate/Glints2/dict_0000_0184" 10077
"/Engine/EngineMaterials/Substrate/Glints2/dict_0000_0180" 10078
"../../../Engine/Content/EngineMaterials/Substrate/Glints2/dict_0000_0172.uasset" 10079
"../../../Engine/Content/EngineMaterials/Substrate/Glints2/dict_0000_0173.uasset" 10080
"../../../Engine/Content/EngineMaterials/Substrate/Glints2/dict_0000_0176.uasset" 10081
"../../../Engine/Content/EngineMaterials/Substrate/Glints2/dict_0000_0174.uasset" 10082
"../../../Engine/Content/EngineMaterials/Substrate/Glints2/dict_0000_0175.uasset" 10083
"../../../Engine/Content/EngineMaterials/Substrate/Glints2/dict_0000_0170.uasset" 10084
"../../../Engine/Content/EngineMaterials/Substrate/Glints2/dict_0000_0171.uasset" 10085
"../../../Engine/Content/EngineMaterials/Substrate/Glints2/dict_0000_0169.uasset" 10086
"/Engine/EngineMaterials/Substrate/Glints2/dict_0000_0169" 10087
"/Engine/EngineMaterials/Substrate/Glints2/dict_0000_0170" 10088
"../../../Engine/Content/EngineMaterials/Substrate/Glints2/dict_0000_0164.uasset" 10089
"/Engine/EngineMaterials/Substrate/Glints2/dict_0000_0171" 10090
"../../../Engine/Content/EngineMaterials/Substrate/Glints2/dict_0000_0167.uasset" 10091
"../../../Engine/Content/EngineMaterials/Substrate/Glints2/dict_0000_0168.uasset" 10092
"../../../Engine/Content/EngineMaterials/Substrate/Glints2/dict_0000_0165.uasset" 10093
"/Engine/EngineMaterials/Substrate/Glints2/dict_0000_0172" 10094
"/Engine/EngineMaterials/Substrate/Glints2/dict_0000_0173" 10095
"../../../Engine/Content/EngineMaterials/Substrate/Glints2/dict_0000_0166.uasset" 10096
"/Engine/EngineMaterials/Substrate/Glints2/dict_0000_0174" 10097
"/Engine/EngineMaterials/Substrate/Glints2/dict_0000_0175" 10098
"/Engine/EngineMaterials/Substrate/Glints2/dict_0000_0176" 10099
"../../../Engine/Content/EngineMaterials/Substrate/Glints2/dict_0000_0163.uasset" 10100
"../../../Engine/Content/EngineMaterials/Substrate/Glints2/dict_0000_0162.uasset" 10101
"/Engine/EngineMaterials/Substrate/Glints2/dict_0000_0162" 10102
"/Engine/EngineMaterials/Substrate/Glints2/dict_0000_0163" 10103
"/Engine/EngineMaterials/Substrate/Glints2/dict_0000_0164" 10104
"/Engine/EngineMaterials/Substrate/Glints2/dict_0000_0165" 10105
"/Engine/EngineMaterials/Substrate/Glints2/dict_0000_0166" 10106
"/Engine/EngineMaterials/Substrate/Glints2/dict_0000_0167" 10107
"/Engine/EngineMaterials/Substrate/Glints2/dict_0000_0168" 10108
"../../../Engine/Content/EngineMaterials/Substrate/Glints2/dict_0000_0160.uasset" 10109
"../../../Engine/Content/EngineMaterials/Substrate/Glints2/dict_0000_0158.uasset" 10110
"../../../Engine/Content/EngineMaterials/Substrate/Glints2/dict_0000_0159.uasset" 10111
"../../../Engine/Content/EngineMaterials/Substrate/Glints2/dict_0000_0157.uasset" 10112
"../../../Engine/Content/EngineMaterials/Substrate/Glints2/dict_0000_0161.uasset" 10113
"../../../Engine/Content/EngineMaterials/Substrate/Glints2/dict_0000_0156.uasset" 10114
"../../../Engine/Content/EngineMaterials/Substrate/Glints2/dict_0000_0155.uasset" 10115
"../../../Engine/Content/EngineMaterials/Substrate/Glints2/dict_0000_0154.uasset" 10116
"/Engine/EngineMaterials/Substrate/Glints2/dict_0000_0154" 10117
"../../../Engine/Content/EngineMaterials/Substrate/Glints2/dict_0000_0151.uasset" 10118
"../../../Engine/Content/EngineMaterials/Substrate/Glints2/dict_0000_0152.uasset" 10119
"../../../Engine/Content/EngineMaterials/Substrate/Glints2/dict_0000_0149.uasset" 10120
"../../../Engine/Content/EngineMaterials/Substrate/Glints2/dict_0000_0150.uasset" 10121
"../../../Engine/Content/EngineMaterials/Substrate/Glints2/dict_0000_0153.uasset" 10122
"/Engine/EngineMaterials/Substrate/Glints2/dict_0000_0155" 10123
"../../../Engine/Content/EngineMaterials/Substrate/Glints2/dict_0000_0147.uasset" 10124
"/Engine/EngineMaterials/Substrate/Glints2/dict_0000_0156" 10125
"../../../Engine/Content/EngineMaterials/Substrate/Glints2/dict_0000_0146.uasset" 10126
"/Engine/EngineMaterials/Substrate/Glints2/dict_0000_0161" 10127
"/Engine/EngineMaterials/Substrate/Glints2/dict_0000_0157" 10128
"/Engine/EngineMaterials/Substrate/Glints2/dict_0000_0158" 10129
"/Engine/EngineMaterials/Substrate/Glints2/dict_0000_0159" 10130
"/Engine/EngineMaterials/Substrate/Glints2/dict_0000_0160" 10131
"/Engine/EngineMaterials/Substrate/Glints2/dict_0000_0146" 10132
"/Engine/EngineMaterials/Substrate/Glints2/dict_0000_0153" 10133
"/Engine/EngineMaterials/Substrate/Glints2/dict_0000_0147" 10134
"/Engine/EngineMaterials/Substrate/Glints2/dict_0000_0149" 10135
"/Engine/EngineMaterials/Substrate/Glints2/dict_0000_0150" 10136
"/Engine/EngineMaterials/Substrate/Glints2/dict_0000_0151" 10137
"/Engine/EngineMaterials/Substrate/Glints2/dict_0000_0152" 10138
"../../../Engine/Content/EngineMaterials/Substrate/Glints2/dict_0000_0148.uasset" 10139
"../../../Engine/Content/EngineMaterials/Substrate/Glints2/dict_0000_0145.uasset" 10140
"../../../Engine/Content/EngineMaterials/Substrate/Glints2/dict_0000_0142.uasset" 10141
"../../../Engine/Content/EngineMaterials/Substrate/Glints2/dict_0000_0143.uasset" 10142
"../../../Engine/Content/EngineMaterials/Substrate/Glints2/dict_0000_0140.uasset" 10143
"../../../Engine/Content/EngineMaterials/Substrate/Glints2/dict_0000_0139.uasset" 10144
"../../../Engine/Content/EngineMaterials/Substrate/Glints2/dict_0000_0141.uasset" 10145
"../../../Engine/Content/EngineMaterials/Substrate/Glints2/dict_0000_0144.uasset" 10146
"../../../Engine/Content/EngineMaterials/Substrate/Glints2/dict_0000_0135.uasset" 10147
"../../../Engine/Content/EngineMaterials/Substrate/Glints2/dict_0000_0136.uasset" 10148
"../../../Engine/Content/EngineMaterials/Substrate/Glints2/dict_0000_0134.uasset" 10149
"/Engine/EngineMaterials/Substrate/Glints2/dict_0000_0139" 10150
"../../../Engine/Content/EngineMaterials/Substrate/Glints2/dict_0000_0137.uasset" 10151
"/Engine/EngineMaterials/Substrate/Glints2/dict_0000_0140" 10152
"/Engine/EngineMaterials/Substrate/Glints2/dict_0000_0148" 10153
"/Engine/EngineMaterials/Substrate/Glints2/dict_0000_0141" 10154
"/Engine/EngineMaterials/Substrate/Glints2/dict_0000_0145" 10155
"/Engine/EngineMaterials/Substrate/Glints2/dict_0000_0142" 10156
"../../../Engine/Content/EngineMaterials/Substrate/Glints2/dict_0000_0138.uasset" 10157
"/Engine/EngineMaterials/Substrate/Glints2/dict_0000_0143" 10158
"/Engine/EngineMaterials/Substrate/Glints2/dict_0000_0144" 10159
"/Engine/EngineMaterials/Substrate/Glints2/dict_0000_0137" 10160
"../../../Engine/Content/EngineMaterials/Substrate/Glints2/dict_0000_0132.uasset" 10161
"../../../Engine/Content/EngineMaterials/Substrate/Glints2/dict_0000_0133.uasset" 10162
"../../../Engine/Content/EngineMaterials/Substrate/Glints2/dict_0000_0131.uasset" 10163
"/Engine/EngineMaterials/Substrate/Glints2/dict_0000_0138" 10164
"/Engine/EngineMaterials/Substrate/Glints2/dict_0000_0134" 10165
"/Engine/EngineMaterials/Substrate/Glints2/dict_0000_0135" 10166
"/Engine/EngineMaterials/Substrate/Glints2/dict_0000_0136" 10167
"/Engine/EngineMaterials/Substrate/Glints2/dict_0000_0131" 10168
"/Engine/EngineMaterials/Substrate/Glints2/dict_0000_0132" 10169
"/Engine/EngineMaterials/Substrate/Glints2/dict_0000_0133" 10170
"../../../Engine/Content/EngineMaterials/Substrate/Glints2/dict_0000_0129.uasset" 10171
"../../../Engine/Content/EngineMaterials/Substrate/Glints2/dict_0000_0130.uasset" 10172
"../../../Engine/Content/EngineMaterials/Substrate/Glints2/dict_0000_0128.uasset" 10173
"../../../Engine/Content/EngineMaterials/Substrate/Glints2/dict_0000_0127.uasset" 10174
"../../../Engine/Content/EngineMaterials/Substrate/Glints2/dict_0000_0125.uasset" 10175
"../../../Engine/Content/EngineMaterials/Substrate/Glints2/dict_0000_0126.uasset" 10176
"../../../Engine/Content/EngineMaterials/Substrate/Glints2/dict_0000_0124.uasset" 10177
"../../../Engine/Content/EngineMaterials/Substrate/Glints2/dict_0000_0123.uasset" 10178
"../../../Engine/Content/EngineMaterials/Substrate/Glints2/dict_0000_0121.uasset" 10179
"../../../Engine/Content/EngineMaterials/Substrate/Glints2/dict_0000_0120.uasset" 10180
"../../../Engine/Content/EngineMaterials/Substrate/Glints2/dict_0000_0122.uasset" 10181
"/Engine/EngineMaterials/Substrate/Glints2/dict_0000_0123" 10182
"../../../Engine/Content/EngineMaterials/Substrate/Glints2/dict_0000_0119.uasset" 10183
"/Engine/EngineMaterials/Substrate/Glints2/dict_0000_0124" 10184
"/Engine/EngineMaterials/Substrate/Glints2/dict_0000_0125" 10185
"/Engine/EngineMaterials/Substrate/Glints2/dict_0000_0126" 10186
"/Engine/EngineMaterials/Substrate/Glints2/dict_0000_0127" 10187
"/Engine/EngineMaterials/Substrate/Glints2/dict_0000_0130" 10188
"/Engine/EngineMaterials/Substrate/Glints2/dict_0000_0128" 10189
"../../../Engine/Content/EngineMaterials/Substrate/Glints2/dict_0000_0117.uasset" 10190
"../../../Engine/Content/EngineMaterials/Substrate/Glints2/dict_0000_0115.uasset" 10191
"/Engine/EngineMaterials/Substrate/Glints2/dict_0000_0121" 10192
"/Engine/EngineMaterials/Substrate/Glints2/dict_0000_0129" 10193
"/Engine/EngineMaterials/Substrate/Glints2/dict_0000_0115" 10194
"/Engine/EngineMaterials/Substrate/Glints2/dict_0000_0122" 10195
"../../../Engine/Content/EngineMaterials/Substrate/Glints2/dict_0000_0116.uasset" 10196
"/Engine/EngineMaterials/Substrate/Glints2/dict_0000_0117" 10197
"/Engine/EngineMaterials/Substrate/Glints2/dict_0000_0119" 10198
"../../../Engine/Content/EngineMaterials/Substrate/Glints2/dict_0000_0111.uasset" 10199
"/Engine/EngineMaterials/Substrate/Glints2/dict_0000_0120" 10200
"../../../Engine/Content/EngineMaterials/Substrate/Glints2/dict_0000_0113.uasset" 10201
"../../../Engine/Content/EngineMaterials/Substrate/Glints2/dict_0000_0112.uasset" 10202
"/Engine/EngineMaterials/Substrate/Glints2/dict_0000_0116" 10203
"../../../Engine/Content/EngineMaterials/Substrate/Glints2/dict_0000_0118.uasset" 10204
"/Engine/EngineMaterials/Substrate/Glints2/dict_0000_0111" 10205
"/Engine/EngineMaterials/Substrate/Glints2/dict_0000_0113" 10206
"../../../Engine/Content/EngineMaterials/Substrate/Glints2/dict_0000_0114.uasset" 10207
"/Engine/EngineMaterials/Substrate/Glints2/dict_0000_0118" 10208
"/Engine/EngineMaterials/Substrate/Glints2/dict_0000_0112" 10209
"/Engine/EngineMaterials/Substrate/Glints2/dict_0000_0114" 10210
"../../../Engine/Content/EngineMaterials/Substrate/Glints2/dict_0000_0109.uasset" 10211
"../../../Engine/Content/EngineMaterials/Substrate/Glints2/dict_0000_0110.uasset" 10212
"../../../Engine/Content/EngineMaterials/Substrate/Glints2/dict_0000_0108.uasset" 10213
"../../../Engine/Content/EngineMaterials/Substrate/Glints2/dict_0000_0106.uasset" 10214
"../../../Engine/Content/EngineMaterials/Substrate/Glints2/dict_0000_0107.uasset" 10215
"../../../Engine/Content/EngineMaterials/Substrate/Glints2/dict_0000_0105.uasset" 10216
"../../../Engine/Content/EngineMaterials/Substrate/Glints2/dict_0000_0104.uasset" 10217
"../../../Engine/Content/EngineMaterials/Substrate/Glints2/dict_0000_0103.uasset" 10218
"/Engine/EngineMaterials/Substrate/Glints2/dict_0000_0103" 10219
"/Engine/EngineMaterials/Substrate/Glints2/dict_0000_0107" 10220
"/Engine/EngineMaterials/Substrate/Glints2/dict_0000_0108" 10221
"../../../Engine/Content/EngineMaterials/Substrate/Glints2/dict_0000_0101.uasset" 10222
"../../../Engine/Content/EngineMaterials/Substrate/Glints2/dict_0000_0102.uasset" 10223
"/Engine/EngineMaterials/Substrate/Glints2/dict_0000_0109" 10224
"../../../Engine/Content/EngineMaterials/Substrate/Glints2/dict_0000_0098.uasset" 10225
"../../../Engine/Content/EngineMaterials/Substrate/Glints2/dict_0000_0099.uasset" 10226
"/Engine/EngineMaterials/Substrate/Glints2/dict_0000_0110" 10227
"../../../Engine/Content/EngineMaterials/Substrate/Glints2/dict_0000_0100.uasset" 10228
"../../../Engine/Content/EngineMaterials/Substrate/Glints2/dict_0000_0096.uasset" 10229
"../../../Engine/Content/EngineMaterials/Substrate/Glints2/dict_0000_0097.uasset" 10230
"/Engine/EngineMaterials/Substrate/Glints2/dict_0000_0104" 10231
"/Engine/EngineMaterials/Substrate/Glints2/dict_0000_0105" 10232
"/Engine/EngineMaterials/Substrate/Glints2/dict_0000_0106" 10233
"/Engine/EngineMaterials/Substrate/Glints2/dict_0000_0102" 10234
"/Engine/EngineMaterials/Substrate/Glints2/dict_0000_0096" 10235
"/Engine/EngineMaterials/Substrate/Glints2/dict_0000_0099" 10236
"/Engine/EngineMaterials/Substrate/Glints2/dict_0000_0100" 10237
"/Engine/EngineMaterials/Substrate/Glints2/dict_0000_0101" 10238
"../../../Engine/Content/EngineMaterials/Substrate/Glints2/dict_0000_0095.uasset" 10239
"/Engine/EngineMaterials/Substrate/Glints2/dict_0000_0097" 10240
"/Engine/EngineMaterials/Substrate/Glints2/dict_0000_0098" 10241
"/Engine/EngineMaterials/Substrate/Glints2/dict_0000_0095" 10242
"../../../Engine/Content/EngineMaterials/Substrate/Glints2/dict_0000_0088.uasset" 10243
"../../../Engine/Content/EngineMaterials/Substrate/Glints2/dict_0000_0090.uasset" 10244
"../../../Engine/Content/EngineMaterials/Substrate/Glints2/dict_0000_0094.uasset" 10245
"../../../Engine/Content/EngineMaterials/Substrate/Glints2/dict_0000_0093.uasset" 10246
"../../../Engine/Content/EngineMaterials/Substrate/Glints2/dict_0000_0092.uasset" 10247
"../../../Engine/Content/EngineMaterials/Substrate/Glints2/dict_0000_0089.uasset" 10248
"../../../Engine/Content/EngineMaterials/Substrate/Glints2/dict_0000_0084.uasset" 10249
"../../../Engine/Content/EngineMaterials/Substrate/Glints2/dict_0000_0087.uasset" 10250
"../../../Engine/Content/EngineMaterials/Substrate/Glints2/dict_0000_0086.uasset" 10251
"../../../Engine/Content/EngineMaterials/Substrate/Glints2/dict_0000_0085.uasset" 10252
"../../../Engine/Content/EngineMaterials/Substrate/Glints2/dict_0000_0091.uasset" 10253
"../../../Engine/Content/EngineMaterials/Substrate/Glints2/dict_0000_0082.uasset" 10254
"/Engine/EngineMaterials/Substrate/Glints2/dict_0000_0085" 10255
"../../../Engine/Content/EngineMaterials/Substrate/Glints2/dict_0000_0081.uasset" 10256
"../../../Engine/Content/EngineMaterials/Substrate/Glints2/dict_0000_0083.uasset" 10257
"/Engine/EngineMaterials/Substrate/Glints2/dict_0000_0082" 10258
"/Engine/EngineMaterials/Substrate/Glints2/dict_0000_0086" 10259
"/Engine/EngineMaterials/Substrate/Glints2/dict_0000_0090" 10260
"/Engine/EngineMaterials/Substrate/Glints2/dict_0000_0087" 10261
"/Engine/EngineMaterials/Substrate/Glints2/dict_0000_0091" 10262
"/Engine/EngineMaterials/Substrate/Glints2/dict_0000_0092" 10263
"/Engine/EngineMaterials/Substrate/Glints2/dict_0000_0093" 10264
"/Engine/EngineMaterials/Substrate/Glints2/dict_0000_0094" 10265
"/Engine/EngineMaterials/Substrate/Glints2/dict_0000_0084" 10266
"/Engine/EngineMaterials/Substrate/Glints2/dict_0000_0088" 10267
"/Engine/EngineMaterials/Substrate/Glints2/dict_0000_0089" 10268
"/Engine/EngineMaterials/Substrate/Glints2/dict_0000_0083" 10269
"/Engine/EngineMaterials/Substrate/Glints2/dict_0000_0081" 10270
"../../../Engine/Content/EngineMaterials/Substrate/Glints2/dict_0000_0080.uasset" 10271
"../../../Engine/Content/EngineMaterials/Substrate/Glints2/dict_0000_0077.uasset" 10272
"../../../Engine/Content/EngineMaterials/Substrate/Glints2/dict_0000_0076.uasset" 10273
"../../../Engine/Content/EngineMaterials/Substrate/Glints2/dict_0000_0078.uasset" 10274
"../../../Engine/Content/EngineMaterials/Substrate/Glints2/dict_0000_0075.uasset" 10275
"../../../Engine/Content/EngineMaterials/Substrate/Glints2/dict_0000_0079.uasset" 10276
"../../../Engine/Content/EngineMaterials/Substrate/Glints2/dict_0000_0074.uasset" 10277
"../../../Engine/Content/EngineMaterials/Substrate/Glints2/dict_0000_0073.uasset" 10278
"/Engine/EngineMaterials/Substrate/Glints2/dict_0000_0073" 10279
"/Engine/EngineMaterials/Substrate/Glints2/dict_0000_0074" 10280
"../../../Engine/Content/EngineMaterials/Substrate/Glints2/dict_0000_0070.uasset" 10281
"../../../Engine/Content/EngineMaterials/Substrate/Glints2/dict_0000_0067.uasset" 10282
"/Engine/EngineMaterials/Substrate/Glints2/dict_0000_0075" 10283
"../../../Engine/Content/EngineMaterials/Substrate/Glints2/dict_0000_0066.uasset" 10284
"../../../Engine/Content/EngineMaterials/Substrate/Glints2/dict_0000_0069.uasset" 10285
"../../../Engine/Content/EngineMaterials/Substrate/Glints2/dict_0000_0071.uasset" 10286
"../../../Engine/Content/EngineMaterials/Substrate/Glints2/dict_0000_0072.uasset" 10287
"../../../Engine/Content/EngineMaterials/Substrate/Glints2/dict_0000_0068.uasset" 10288
"/Engine/EngineMaterials/Substrate/Glints2/dict_0000_0079" 10289
"/Engine/EngineMaterials/Substrate/Glints2/dict_0000_0080" 10290
"/Engine/EngineMaterials/Substrate/Glints2/dict_0000_0076" 10291
"/Engine/EngineMaterials/Substrate/Glints2/dict_0000_0077" 10292
"/Engine/EngineMaterials/Substrate/Glints2/dict_0000_0078" 10293
"/Engine/EngineMaterials/Substrate/Glints2/dict_0000_0071" 10294
"/Engine/EngineMaterials/Substrate/Glints2/dict_0000_0072" 10295
"/Engine/EngineMaterials/Substrate/Glints2/dict_0000_0066" 10296
"/Engine/EngineMaterials/Substrate/Glints2/dict_0000_0067" 10297
"/Engine/EngineMaterials/Substrate/Glints2/dict_0000_0068" 10298
"/Engine/EngineMaterials/Substrate/Glints2/dict_0000_0069" 10299
"/Engine/EngineMaterials/Substrate/Glints2/dict_0000_0070" 10300
"../../../Engine/Content/EngineMaterials/Substrate/Glints2/dict_0000_0062.uasset" 10301
"../../../Engine/Content/EngineMaterials/Substrate/Glints2/dict_0000_0064.uasset" 10302
"../../../Engine/Content/EngineMaterials/Substrate/Glints2/dict_0000_0063.uasset" 10303
"../../../Engine/Content/EngineMaterials/Substrate/Glints2/dict_0000_0060.uasset" 10304
"../../../Engine/Content/EngineMaterials/Substrate/Glints2/dict_0000_0061.uasset" 10305
"../../../Engine/Content/EngineMaterials/Substrate/Glints2/dict_0000_0065.uasset" 10306
"../../../Engine/Content/EngineMaterials/Substrate/Glints2/dict_0000_0058.uasset" 10307
"../../../Engine/Content/EngineMaterials/Substrate/Glints2/dict_0000_0059.uasset" 10308
"/Engine/EngineMaterials/Substrate/Glints2/dict_0000_0064" 10309
"../../../Engine/Content/EngineMaterials/Substrate/Glints2/dict_0000_0055.uasset" 10310
"/Engine/EngineMaterials/Substrate/Glints2/dict_0000_0058" 10311
"../../../Engine/Content/EngineMaterials/Substrate/Glints2/dict_0000_0054.uasset" 10312
"../../../Engine/Content/EngineMaterials/Substrate/Glints2/dict_0000_0056.uasset" 10313
"../../../Engine/Content/EngineMaterials/Substrate/Glints2/dict_0000_0050.uasset" 10314
"/Engine/EngineMaterials/Substrate/Glints2/dict_0000_0059" 10315
"../../../Engine/Content/EngineMaterials/Substrate/Glints2/dict_0000_0052.uasset" 10316
"../../../Engine/Content/EngineMaterials/Substrate/Glints2/dict_0000_0057.uasset" 10317
"../../../Engine/Content/EngineMaterials/Substrate/Glints2/dict_0000_0053.uasset" 10318
"/Engine/EngineMaterials/Substrate/Glints2/dict_0000_0063" 10319
"/Engine/EngineMaterials/Substrate/Glints2/dict_0000_0065" 10320
"/Engine/EngineMaterials/Substrate/Glints2/dict_0000_0060" 10321
"/Engine/EngineMaterials/Substrate/Glints2/dict_0000_0061" 10322
"/Engine/EngineMaterials/Substrate/Glints2/dict_0000_0062" 10323
"../../../Engine/Content/EngineMaterials/Substrate/Glints2/dict_0000_0051.uasset" 10324
"/Engine/EngineMaterials/Substrate/Glints2/dict_0000_0052" 10325
"/Engine/EngineMaterials/Substrate/Glints2/dict_0000_0053" 10326
"/Engine/EngineMaterials/Substrate/Glints2/dict_0000_0054" 10327
"/Engine/EngineMaterials/Substrate/Glints2/dict_0000_0055" 10328
"/Engine/EngineMaterials/Substrate/Glints2/dict_0000_0056" 10329
"/Engine/EngineMaterials/Substrate/Glints2/dict_0000_0057" 10330
"/Engine/EngineMaterials/Substrate/Glints2/dict_0000_0050" 10331
"/Engine/EngineMaterials/Substrate/Glints2/dict_0000_0051" 10332
"../../../Engine/Content/EngineMaterials/Substrate/Glints2/dict_0000_0048.uasset" 10333
"../../../Engine/Content/EngineMaterials/Substrate/Glints2/dict_0000_0045.uasset" 10334
"../../../Engine/Content/EngineMaterials/Substrate/Glints2/dict_0000_0049.uasset" 10335
"../../../Engine/Content/EngineMaterials/Substrate/Glints2/dict_0000_0044.uasset" 10336
"../../../Engine/Content/EngineMaterials/Substrate/Glints2/dict_0000_0046.uasset" 10337
"../../../Engine/Content/EngineMaterials/Substrate/Glints2/dict_0000_0047.uasset" 10338
"../../../Engine/Content/EngineMaterials/Substrate/Glints2/dict_0000_0042.uasset" 10339
"../../../Engine/Content/EngineMaterials/Substrate/Glints2/dict_0000_0043.uasset" 10340
"/Engine/EngineMaterials/Substrate/Glints2/dict_0000_0042" 10341
"/Engine/EngineMaterials/Substrate/Glints2/dict_0000_0043" 10342
"/Engine/EngineMaterials/Substrate/Glints2/dict_0000_0049" 10343
"/Engine/EngineMaterials/Substrate/Glints2/dict_0000_0044" 10344
"/Engine/EngineMaterials/Substrate/Glints2/dict_0000_0045" 10345
"/Engine/EngineMaterials/Substrate/Glints2/dict_0000_0046" 10346
"/Engine/EngineMaterials/Substrate/Glints2/dict_0000_0047" 10347
"/Engine/EngineMaterials/Substrate/Glints2/dict_0000_0048" 10348
"../../../Engine/Content/EngineMaterials/Substrate/Glints2/dict_0000_0040.uasset" 10349
"/Engine/EngineMaterials/Substrate/Glints2/dict_0000_0040" 10350
"../../../Engine/Content/EngineMaterials/Substrate/Glints2/dict_0000_0041.uasset" 10351
"../../../Engine/Content/EngineMaterials/Substrate/Glints2/dict_0000_0036.uasset" 10352
"../../../Engine/Content/EngineMaterials/Substrate/Glints2/dict_0000_0038.uasset" 10353
"/Engine/EngineMaterials/Substrate/Glints2/dict_0000_0041" 10354
"../../../Engine/Content/EngineMaterials/Substrate/Glints2/dict_0000_0035.uasset" 10355
"../../../Engine/Content/EngineMaterials/Substrate/Glints2/dict_0000_0039.uasset" 10356
"../../../Engine/Content/EngineMaterials/Substrate/Glints2/dict_0000_0037.uasset" 10357
"/Engine/EngineMaterials/Substrate/Glints2/dict_0000_0036" 10358
"/Engine/EngineMaterials/Substrate/Glints2/dict_0000_0035" 10359
"/Engine/EngineMaterials/Substrate/Glints2/dict_0000_0037" 10360
"/Engine/EngineMaterials/Substrate/Glints2/dict_0000_0038" 10361
"/Engine/EngineMaterials/Substrate/Glints2/dict_0000_0039" 10362
"../../../Engine/Content/EngineMaterials/Substrate/Glints2/dict_0000_0034.uasset" 10363
"../../../Engine/Content/EngineMaterials/Substrate/Glints2/dict_0000_0028.uasset" 10364
"../../../Engine/Content/EngineMaterials/Substrate/Glints2/dict_0000_0032.uasset" 10365
"../../../Engine/Content/EngineMaterials/Substrate/Glints2/dict_0000_0030.uasset" 10366
"../../../Engine/Content/EngineMaterials/Substrate/Glints2/dict_0000_0029.uasset" 10367
"../../../Engine/Content/EngineMaterials/Substrate/Glints2/dict_0000_0031.uasset" 10368
"../../../Engine/Content/EngineMaterials/Substrate/Glints2/dict_0000_0033.uasset" 10369
"../../../Engine/Content/EngineMaterials/Substrate/Glints2/dict_0000_0027.uasset" 10370
"/Engine/EngineMaterials/Substrate/Glints2/dict_0000_0034" 10371
"/Engine/EngineMaterials/Substrate/Glints2/dict_0000_0027" 10372
"/Engine/EngineMaterials/Substrate/Glints2/dict_0000_0028" 10373
"/Engine/EngineMaterials/Substrate/Glints2/dict_0000_0029" 10374
"/Engine/EngineMaterials/Substrate/Glints2/dict_0000_0030" 10375
"/Engine/EngineMaterials/Substrate/Glints2/dict_0000_0031" 10376
"/Engine/EngineMaterials/Substrate/Glints2/dict_0000_0032" 10377
"/Engine/EngineMaterials/Substrate/Glints2/dict_0000_0033" 10378
"../../../Engine/Content/EngineMaterials/Substrate/Glints2/dict_0000_0025.uasset" 10379
"../../../Engine/Content/EngineMaterials/Substrate/Glints2/dict_0000_0023.uasset" 10380
"/Engine/EngineMaterials/Substrate/Glints2/dict_0000_0023" 10381
"../../../Engine/Content/EngineMaterials/Substrate/Glints2/dict_0000_0020.uasset" 10382
"../../../Engine/Content/EngineMaterials/Substrate/Glints2/dict_0000_0024.uasset" 10383
"../../../Engine/Content/EngineMaterials/Substrate/Glints2/dict_0000_0021.uasset" 10384
"../../../Engine/Content/EngineMaterials/Substrate/Glints2/dict_0000_0026.uasset" 10385
"../../../Engine/Content/EngineMaterials/Substrate/Glints2/dict_0000_0022.uasset" 10386
"/Engine/EngineMaterials/Substrate/Glints2/dict_0000_0025" 10387
"/Engine/EngineMaterials/Substrate/Glints2/dict_0000_0026" 10388
"/Engine/EngineMaterials/Substrate/Glints2/dict_0000_0020" 10389
"/Engine/EngineMaterials/Substrate/Glints2/dict_0000_0021" 10390
"../../../Engine/Content/EngineMaterials/Substrate/Glints2/dict_0000_0019.uasset" 10391
"/Engine/EngineMaterials/Substrate/Glints2/dict_0000_0022" 10392
"/Engine/EngineMaterials/Substrate/Glints2/dict_0000_0024" 10393
"/Engine/EngineMaterials/Substrate/Glints2/dict_0000_0019" 10394
"../../../Engine/Content/EngineMaterials/Substrate/Glints2/dict_0000_0016.uasset" 10395
"../../../Engine/Content/EngineMaterials/Substrate/Glints2/dict_0000_0014.uasset" 10396
"../../../Engine/Content/EngineMaterials/Substrate/Glints2/dict_0000_0018.uasset" 10397
"../../../Engine/Content/EngineMaterials/Substrate/Glints2/dict_0000_0013.uasset" 10398
"../../../Engine/Content/EngineMaterials/Substrate/Glints2/dict_0000_0017.uasset" 10399
"../../../Engine/Content/EngineMaterials/Substrate/Glints2/dict_0000_0015.uasset" 10400
"/Engine/EngineMaterials/Substrate/Glints2/dict_0000_0018" 10401
"../../../Engine/Content/EngineMaterials/Substrate/Glints2/dict_0000_0011.uasset" 10402
"/Engine/EngineMaterials/Substrate/Glints2/dict_0000_0013" 10403
"../../../Engine/Content/EngineMaterials/Substrate/Glints2/dict_0000_0012.uasset" 10404
"/Engine/EngineMaterials/Substrate/Glints2/dict_0000_0014" 10405
"/Engine/EngineMaterials/Substrate/Glints2/dict_0000_0015" 10406
"/Engine/EngineMaterials/Substrate/Glints2/dict_0000_0016" 10407
"/Engine/EngineMaterials/Substrate/Glints2/dict_0000_0017" 10408
"/Engine/EngineMaterials/Substrate/Glints2/dict_0000_0011" 10409
"../../../Engine/Content/EngineMaterials/Substrate/Glints2/dict_0000_0010.uasset" 10410
"/Engine/EngineMaterials/Substrate/Glints2/dict_0000_0012" 10411
"../../../Engine/Content/EngineMaterials/Substrate/Glints2/dict_0000_0008.uasset" 10412
"../../../Engine/Content/EngineMaterials/Substrate/Glints2/dict_0000_0005.uasset" 10413
"/Engine/EngineMaterials/Substrate/Glints2/dict_0000_0010" 10414
"../../../Engine/Content/EngineMaterials/Substrate/Glints2/dict_0000_0006.uasset" 10415
"../../../Engine/Content/EngineMaterials/Substrate/Glints2/dict_0000_0007.uasset" 10416
"../../../Engine/Content/EngineMaterials/Substrate/Volume/SubstrateSimpleVolumeLUT2D.uasset" 10417
"/Engine/EngineMaterials/Substrate/Glints2/dict_0000_0008" 10418
"../../../Engine/Content/EngineMaterials/Substrate/Volume/SubstrateSimpleVolumeLUT3D.uasset" 10419
"../../../Engine/Content/EngineMaterials/Substrate/Volume/SubstrateSimpleVolumeEnvLUT2D.uasset" 10420
"/Engine/EngineMaterials/Substrate/Glints2/dict_0000_0007" 10421
"../../../Engine/Content/EngineMaterials/Substrate/Volume/SubstrateSimpleVolumeEnvLUT3D.uasset" 10422
"/Engine/EngineMaterials/Substrate/Volume/SubstrateSimpleVolumeLUT3D" 10423
"../../../Engine/Content/EngineMaterials/Substrate/Glints2/dict_0000_0009.uasset" 10424
"/Engine/EngineMaterials/Substrate/Glints2/dict_0000_0005" 10425
"/Engine/EngineMaterials/Substrate/Glints2/dict_0000_0006" 10426
"/Engine/EngineMaterials/Substrate/Volume/SubstrateSimpleVolumeEnvLUT3D" 10427
"../../../Engine/Content/EngineMaterials/Substrate/Glints2/dict_0000_0004.uasset" 10428
"/Engine/EngineMaterials/Substrate/Glints2/dict_0000_0009" 10429
"../../../Engine/Content/MobileResources/HUD/DefaultVirtualJoysticks.uasset" 10430
"/Engine/EngineMaterials/Substrate/Glints2/dict_0000_0004" 10431
"../../../Engine/Content/EngineMaterials/Substrate/Glints2/dict_0000_0003.uasset" 10432
"../../../Engine/Content/EngineMaterials/Substrate/Glints2/dict_0000_0002.uasset" 10433
"../../../Engine/Content/EngineMaterials/Substrate/Glints2/dict_0000_0001.uasset" 10434
"../../../Engine/Content/MobileResources/HUD/VirtualJoystick_Thumb.uasset" 10435
"../../../Engine/Content/EngineMaterials/Substrate/Glints2/dict_0000_0000.uasset" 10436
"../../../Engine/Content/MobileResources/HUD/VirtualJoystick_Background.uasset" 10437
"../../../Engine/Content/EngineMaterials/DefaultCalibrationColor.uasset" 10438
"../../../Engine/Content/EngineMaterials/Substrate/Glints2/AGlintTex2dArray2.uasset" 10439
"/Engine/EngineMaterials/Substrate/Glints2/dict_0000_0003" 10440
"/Engine/EngineMaterials/DefaultCalibrationColor" 10441
"/Engine/MobileResources/HUD/VirtualJoystick_Background" 10442
"/Engine/MobileResources/HUD/DefaultVirtualJoysticks" 10443
"../../../Engine/Content/EngineMaterials/DefaultCalibrationGrayscale.uasset" 10444
"../../../Engine/Content/EngineMaterials/PPM_DefaultCalibrationColor.uasset" 10445
"../../../Engine/Content/EngineMaterials/PPM_DefaultCalibrationGrayscale.uasset" 10446
"/Engine/EngineMaterials/Substrate/Glints2/AGlintTex2dArray2" 10447
"../../../Engine/Plugins/Interchange/Assets/Content/Functions/MX_Surface.uasset" 10448
"../../../Engine/Content/Functions/Engine_MaterialFunctions02/Utility/BlendAngleCorrectedNormals.uasset" 10449
"../../../Engine/Content/Functions/Engine_MaterialFunctions03/Procedurals/HeightToNormalSmooth.uasset" 10450
"../../../Engine/Content/Functions/MaterialLayerFunctions/MatLayerBlend_OverrideOpacity.uasset" 10451
"../../../Engine/Plugins/Interchange/Assets/Content/Functions/MX_Displacement.uasset" 10452
"../../../Engine/Plugins/NNE/NNEDenoiser/Content/NNEDIM_ColorAlbedoNormal_Default.uasset" 10453
"../../../Engine/Plugins/NNE/NNEDenoiser/Content/NNEDIM_ColorAlbedoNormal_Alpha.uasset" 10454
"../../../Engine/Plugins/NNE/NNEDenoiser/Content/NNEDIM_HighQuality_Alpha.uasset" 10455
"../../../Engine/Plugins/NNE/NNEDenoiser/Content/NNEDIM_HighQuality_Default.uasset" 10456
"../../../Engine/Plugins/NNE/NNEDenoiser/Content/NNEDOM_Output_Default.uasset" 10457
"../../../Engine/Plugins/NNE/NNEDenoiser/Content/NNEDOM_Output_Alpha.uasset" 10458
"../../../Engine/Plugins/NNE/NNEDenoiser/Content/NNEDTIM_ColorAlbedoNormal_Alpha.uasset" 10459
"../../../Engine/Plugins/NNE/NNEDenoiser/Content/NNEDTIM_ColorAlbedoNormal_Default.uasset" 10460
"../../../Engine/Plugins/NNE/NNEDenoiser/Content/NNEDTOM_Output_Alpha.uasset" 10461
"../../../Engine/Plugins/NNE/NNEDenoiser/Content/NNED_Oidn2-3_Balanced_Alpha.uasset" 10462
"../../../Engine/Plugins/NNE/NNEDenoiser/Content/NNEDT_Oidn2-3_Balanced_Alpha.uasset" 10463
"../../../Engine/Plugins/NNE/NNEDenoiser/Content/NNEDT_Oidn2-3_Balanced.uasset" 10464
"../../../Engine/Plugins/NNE/NNEDenoiser/Content/NNED_Oidn2-3_Balanced.uasset" 10465
"../../../Engine/Plugins/NNE/NNEDenoiser/Content/NNEDTOM_Output_Default.uasset" 10466
"../../../Engine/Plugins/NNE/NNEDenoiser/Content/NNED_Oidn2-3_Fast.uasset" 10467
"/Engine/EngineMaterials/PPM_DefaultCalibrationGrayscale" 10468
"/NNEDenoiser/NNED_Oidn2-3_Balanced_Alpha" 10469
"/NNEDenoiser/NNEDIM_ColorAlbedoNormal_Default" 10470
"../../../Engine/Plugins/NNE/NNEDenoiser/Content/NNED_Oidn2-3_HighQuality_Alpha.uasset" 10471
"../../../Engine/Plugins/NNE/NNEDenoiser/Content/NNED_Oidn2-3_Fast_Alpha.uasset" 10472
"../../../Engine/Plugins/NNE/NNEDenoiser/Content/NNED_Oidn2-3_HighQuality.uasset" 10473
"../../../Engine/Plugins/NNE/NNEDenoiser/Content/NNE_oidn2-3-0_rt_hdr_alb_nrm_small__dyn__fp16_opset11_ForwardAlpha.uasset" 10474
"/Engine/Functions/MaterialLayerFunctions/MatLayerBlend_OverrideOpacity" 10475
"/Engine/EngineMaterials/PPM_DefaultCalibrationColor" 10476
"../../../Engine/Plugins/NNE/NNEDenoiser/Content/NNE_oidn2-3-0_rt_hdr_alb_nrm_small__dyn__fp16_opset11_DenoiseAlpha.uasset" 10477
"../../../Engine/Plugins/NNE/NNEDenoiser/Content/NNE_oidn2-3-0_rt_hdr_alb_nrm__dyn__fp16_opset11_DenoiseAlpha.uasset" 10478
"/NNEDenoiser/NNEDT_Oidn2-3_Balanced" 10479
"/NNEDenoiser/NNEDOM_Output_Default" 10480
"/NNEDenoiser/NNEDIM_HighQuality_Default" 10481
"/NNEDenoiser/NNEDIM_HighQuality_Alpha" 10482
"/NNEDenoiser/NNED_Oidn2-3_Balanced" 10483
"/NNEDenoiser/NNEDIM_ColorAlbedoNormal_Alpha" 10484
"../../../Engine/Plugins/NNE/NNEDenoiser/Content/NNE_oidn2-3-0_rt_hdr_alb_nrm__dyn__fp16_opset11_ForwardAlpha.uasset" 10485
"../../../Engine/Plugins/NNE/NNEDenoiser/Content/NNE_oidn2-3-0_rt_hdr_calb_cnrm_large__dyn__fp16_opset11_DenoiseAlpha.uasset" 10486
"../../../Engine/Plugins/NNE/NNEDenoiser/Content/NNE_oidn2-3-0_rt_hdr_calb_cnrm_large__dyn__fp16_opset11_ForwardAlpha.uasset" 10487
"/NNEDenoiser/NNEDTOM_Output_Default" 10488
"/NNEDenoiser/NNEDTOM_Output_Alpha" 10489
"/NNEDenoiser/NNEDOM_Output_Alpha" 10490
"/InterchangeAssets/Functions/MX_Displacement" 10491
"/NNEDenoiser/NNEDTIM_ColorAlbedoNormal_Default" 10492
"/NNEDenoiser/NNEDTIM_ColorAlbedoNormal_Alpha" 10493
"/NNEDenoiser/NNEDT_Oidn2-3_Balanced_Alpha" 10494
"/InterchangeAssets/Functions/MX_Surface" 10495
"C:/Users/Kiah/Documents/Unreal Projects/Nebula/Content/DataAssets/Recipes/Recipe1.uasset" 10496
"C:/Users/Kiah/Documents/Unreal Projects/Nebula/Content/DataAssets/Recipes/RefineryRecipe.uasset" 10497
"C:/Users/Kiah/Documents/Unreal Projects/Nebula/Content/DataAssets/CargoItems/Result.uasset" 10498
"C:/Users/Kiah/Documents/Unreal Projects/Nebula/Content/DataAssets/Dialogue/DialogueTest.uasset" 10499
"/NNEDenoiser/NNE_oidn2-3-0_rt_hdr_calb_cnrm_large__dyn__fp16_opset11_ForwardAlpha" 10500
"C:/Users/Kiah/Documents/Unreal Projects/Nebula/Content/DataAssets/StartingScenarios/Scenario_1.uasset" 10501
"../../../Engine/Content/EditorResources/BSPVertex.uasset" 10502
"../../../Engine/Content/EngineMaterials/DefaultBloomKernel.uasset" 10503
"../../../Engine/Content/EngineDebugMaterials/DebugEditorMaterial.uasset" 10504
"../../../Engine/Content/EngineMaterials/FastBlueNoise_scalar_128x128x64.uasset" 10505
"../../../Engine/Content/EngineResources/Development/ZenLogo_64.uasset" 10506
"../../../Engine/Content/EngineResources/FilmGrains/Marcie_Grain_v3_128_M2_000.uasset" 10507
"../../../Engine/Content/EngineMaterials/FastBlueNoise_vec2_128x128x64.uasset" 10508
"../../../Engine/Content/EngineSounds/Master.uasset" 10509
"../../../Engine/Plugins/Interchange/Runtime/Content/Pipelines/DefaultAssetsPipeline.uasset" 10510
"../../../Engine/Plugins/Interchange/Runtime/Content/Pipelines/DefaultMaterialXPipeline.uasset" 10511
"../../../Engine/Plugins/Interchange/Runtime/Content/Pipelines/DefaultGLTFAssetsPipeline.uasset" 10512
"../../../Engine/Plugins/Interchange/Runtime/Content/Pipelines/DefaultGLTFPipeline.uasset" 10513
"../../../Engine/Plugins/Interchange/Runtime/Content/Pipelines/DefaultMaterialPipeline.uasset" 10514
"../../../Engine/Content/EngineMaterials/EnergyConservation/SheenLegacy_Energy.uasset" 10515
"../../../Engine/Content/EngineMaterials/SMAASearchTex.uasset" 10516
"../../../Engine/Content/EngineMaterials/SMAAAreaTex.uasset" 10517
"../../../Engine/Content/EngineMaterials/FastBlueNoise_scalar_128x128x8.uasset" 10518
"/NNEDenoiser/NNE_oidn2-3-0_rt_hdr_calb_cnrm_large__dyn__fp16_opset11_DenoiseAlpha" 10519
"/NNEDenoiser/NNE_oidn2-3-0_rt_hdr_alb_nrm__dyn__fp16_opset11_ForwardAlpha" 10520
"/NNEDenoiser/NNE_oidn2-3-0_rt_hdr_alb_nrm__dyn__fp16_opset11_DenoiseAlpha" 10521
"/NNEDenoiser/NNE_oidn2-3-0_rt_hdr_alb_nrm_small__dyn__fp16_opset11_ForwardAlpha" 10522
"/NNEDenoiser/NNED_Oidn2-3_Fast" 10523
"/NNEDenoiser/NNE_oidn2-3-0_rt_hdr_alb_nrm_small__dyn__fp16_opset11_DenoiseAlpha" 10524
"/NNEDenoiser/NNED_Oidn2-3_HighQuality_Alpha" 10525
"C:/Users/Kiah/Documents/Unreal Projects/Nebula/Intermediate/ORTOptimizerPass_Optimized302842C94C2DDB0BCAC9EA9CD8E1D9CA.onnx" 10526
"C:/Users/Kiah/Documents/Unreal Projects/Nebula/Intermediate/ORTOptimizerPass_OptimizedE1ADD4504C4836C9752645B9BA8CBF9B.onnx" 10527
"C:/Users/Kiah/Documents/Unreal Projects/Nebula/Intermediate/ORTOptimizerPass_OptimizedE5D3EC914EE27C4AD569CCBD8F193DF1.onnx" 10528
"C:/Users/Kiah/Documents/Unreal Projects/Nebula/Intermediate/ORTOptimizerPass_Optimized22B5FD394E552E8ABF2524BAD3F77A25.onnx" 10529
"/NNEDenoiser/NNED_Oidn2-3_HighQuality" 10530
"/NNEDenoiser/NNED_Oidn2-3_Fast_Alpha" 10531
"/Game/DataAssets/Recipes/RefineryRecipe" 10532
"/Game/DataAssets/Recipes/Recipe1" 10533
"../../../Engine/Plugins/Interchange/Runtime/Content/Pipelines/DefaultSceneAssetsPipeline.uasset" 10534
"../../../Engine/Plugins/Interchange/Runtime/Content/Pipelines/DefaultSceneLevelPipeline.uasset" 10535
"/Interchange/Pipelines/DefaultMaterialPipeline" 10536
"../../../Engine/Plugins/Interchange/Runtime/Content/Pipelines/DefaultGLTFSceneAssetsPipeline.uasset" 10537
"../../../Engine/Plugins/Interchange/Runtime/Content/Pipelines/DefaultAudioPipeline.uasset" 10538
"../../../Engine/Plugins/Interchange/Runtime/Content/Pipelines/DefaultTexturePipeline.uasset" 10539
"/Interchange/Pipelines/DefaultGLTFPipeline" 10540
"/Interchange/Pipelines/DefaultGLTFAssetsPipeline" 10541
"/Interchange/Pipelines/DefaultMaterialXPipeline" 10542
"/Interchange/Pipelines/DefaultAssetsPipeline" 10543
"/Engine/EngineSounds/Master" 10544
"/Engine/EngineMaterials/SMAASearchTex" 10545
"/Engine/EngineMaterials/SMAAAreaTex" 10546
"/Engine/EngineMaterials/EnergyConservation/SheenLegacy_Energy" 10547
"/Engine/EngineMaterials/FastBlueNoise_vec2_128x128x64" 10548
"/Engine/EngineMaterials/FastBlueNoise_scalar_128x128x8" 10549
"/Engine/EngineMaterials/FastBlueNoise_scalar_128x128x64" 10550
"../../../Engine/Plugins/Interchange/Assets/Content/Functions/MX_UsdPreviewSurface.uasset" 10551
"../../../Engine/Plugins/Interchange/Assets/Content/Functions/MX_SurfaceUnlit.uasset" 10552
"../../../Engine/Plugins/Interchange/Assets/Content/Functions/MX_BurleyDiffuseBSDF.uasset" 10553
"../../../Engine/Plugins/Interchange/Assets/Content/Substrate/MX_SimpleVolume.uasset" 10554
"../../../Engine/Plugins/Interchange/Assets/Content/Functions/MX_OrenNayarBSDF.uasset" 10555
"../../../Engine/Plugins/Interchange/Assets/Content/Functions/MX_TranslucentBSDF.uasset" 10556
"../../../Engine/Plugins/Interchange/Assets/Content/Functions/MX_DielectricBSDF.uasset" 10557
"C:/Users/Kiah/Documents/Unreal Projects/Nebula/Intermediate/ORTOptimizerPass_Optimized887E5B5A4CB10D102DA1259E0E12C9EF.onnx" 10558
"C:/Users/Kiah/Documents/Unreal Projects/Nebula/Intermediate/ORTOptimizerPass_OptimizedCDCF3F854AEA1CD43527DD9B183584AC.onnx" 10559
"C:/Users/Kiah/Documents/Unreal Projects/Nebula/Intermediate/ORTOptimizerPass_OptimizedD4F387D94821F3386F45BFB9340D633B.onnx" 10560
"C:/Users/Kiah/Documents/Unreal Projects/Nebula/Intermediate/ORTOptimizerPass_Optimized8D614CAB414FD1C09D3A3895A9842538.onnx" 10561
"C:/Users/Kiah/Documents/Unreal Projects/Nebula/Intermediate/ORTOptimizerPass_OptimizedAECE27664DB02D09D2B110B4CB2393E1.onnx" 10562
"C:/Users/Kiah/Documents/Unreal Projects/Nebula/Intermediate/ORTOptimizerPass_Optimized1D22B54D44F191E43C286795447A7BA5.onnx" 10563
"C:/Users/Kiah/Documents/Unreal Projects/Nebula/Intermediate/ORTOptimizerPass_Optimized2189ACAB47CFC77922F39FB611E0DC61.onnx" 10564
"C:/Users/Kiah/Documents/Unreal Projects/Nebula/Intermediate/ORTOptimizerPass_Optimized43B6CAF2403EA03B6EBBFA8B2AB5F0A6.onnx" 10565
"/Engine/EngineDebugMaterials/DebugEditorMaterial" 10566
"/Engine/EngineResources/Development/ZenLogo_64" 10567
"/Engine/EngineResources/FilmGrains/Marcie_Grain_v3_128_M2_000" 10568
"/Engine/EngineMaterials/DefaultBloomKernel" 10569
"/Engine/EditorResources/BSPVertex" 10570
"/Game/DataAssets/StartingScenarios/Scenario_1" 10571
"/Game/DataAssets/Dialogue/DialogueTest" 10572
"/Game/DataAssets/CargoItems/Result" 10573
"/InterchangeAssets/Functions/MX_DielectricBSDF" 10574
"/InterchangeAssets/Functions/MX_TranslucentBSDF" 10575
"/InterchangeAssets/Functions/MX_BurleyDiffuseBSDF" 10576
"/InterchangeAssets/Functions/MX_OrenNayarBSDF" 10577
"/InterchangeAssets/Substrate/MX_SimpleVolume" 10578
"/InterchangeAssets/Functions/MX_UsdPreviewSurface" 10579
"/InterchangeAssets/Functions/MX_SurfaceUnlit" 10580
"/Interchange/Pipelines/DefaultGLTFSceneAssetsPipeline" 10581
"../../../Engine/Plugins/Interchange/Assets/Content/Functions/MX_GeneralizedSchlickBSDF.uasset" 10582
"../../../Engine/Plugins/Interchange/Assets/Content/Functions/MX_ConductorBSDF.uasset" 10583
"../../../Engine/Plugins/Interchange/Assets/Content/Functions/MX_SubsurfaceBSDF.uasset" 10584
"../../../Engine/Plugins/Interchange/Assets/Content/Functions/MX_SheenBSDF.uasset" 10585
"../../../Engine/Plugins/Interchange/Assets/Content/Functions/MX_ChiangHairBSDF.uasset" 10586
"../../../Engine/Plugins/Interchange/Assets/Content/Functions/MX_UniformEDF.uasset" 10587
"../../../Engine/Plugins/Interchange/Assets/Content/Functions/MX_MeasuredEDF.uasset" 10588
"../../../Engine/Plugins/Interchange/Assets/Content/Functions/MX_ConicalEDF.uasset" 10589
"/Interchange/Pipelines/DefaultSceneLevelPipeline" 10590
"/Interchange/Pipelines/DefaultSceneAssetsPipeline" 10591
"../../../Engine/Plugins/Interchange/Assets/Content/Functions/MX_AnisotropicVDF.uasset" 10592
"../../../Engine/Plugins/Interchange/Assets/Content/Functions/MX_AbsorptionVDF.uasset" 10593
"/Interchange/Pipelines/DefaultAudioPipeline" 10594
"/Interchange/Pipelines/DefaultTexturePipeline" 10595
"/InterchangeAssets/Functions/MX_AnisotropicVDF" 10596
"/InterchangeAssets/Functions/MX_AbsorptionVDF" 10597
"/InterchangeAssets/Functions/MX_MeasuredEDF" 10598
"/InterchangeAssets/Functions/MX_ConicalEDF" 10599
"/InterchangeAssets/Functions/MX_UniformEDF" 10600
"/InterchangeAssets/Functions/MX_ChiangHairBSDF" 10601
"/InterchangeAssets/Functions/MX_SheenBSDF" 10602
"../../../Engine/Plugins/Animation/ControlRig/Content/Controls/ControlRigGizmoMaterial.uasset" 10603
"/InterchangeAssets/Functions/MX_SubsurfaceBSDF" 10604
"/InterchangeAssets/Functions/MX_GeneralizedSchlickBSDF" 10605
"/InterchangeAssets/Functions/MX_ConductorBSDF" 10606
"/ControlRig/Controls/ControlRigGizmoMaterial" 10607
"C:/Users/Kiah/Documents/Unreal Projects/Nebula/Saved/Cooked/Windows/Nebula/Metadata/CookedSettings.txt" 10608
